TIMESTAMP,RECORD,Solar,Precipitation,AirTemp,Vapor_Pressure,AtmPressure,RelHumidity,WindSpeed,WindDirection
4/25/2024 11:04,0,0,0,0,0,0,0,0,0
4/25/2024 11:05,1,0,0,22.4,0.77,92.2,0.286,0.14,296.7
4/25/2024 11:06,2,0,0,0,0,0,0,0,0
4/25/2024 11:07,3,0,0,22.5,0.78,92.2,0.286,0.07,164.1
4/25/2024 11:08,4,0,0,22.5,0.78,92.2,0.286,0.06,114.1
4/25/2024 11:09,5,0,0,22.5,0.78,92.2,0.287,0.11,32.5
4/25/2024 11:10,6,0,0,22.5,0.78,92.2,0.285,0.07,7
4/25/2024 12:16,0,0,0,0,0,0,0,0,0
4/25/2024 12:18,1,0,0,23.3,0.81,92.1,0.285,0.08,22.5
4/25/2024 12:20,2,0,0,23.3,0.8,92.1,0.281,0.04,83.3
4/25/2024 12:30,0,0,0,0,0,0,0,0,0
4/25/2024 12:40,1,0,0,23.4,0.81,92.1,0.282,0.07,92.6
4/25/2024 12:50,2,0,0,23.4,0.81,92.1,0.282,0.06,80.8
4/25/2024 13:00,3,0,0,23.5,0.81,92.1,0.281,0.06,87.5
4/25/2024 13:10,4,0,0,23.6,0.81,92.1,0.28,0.07,84.6
4/25/2024 13:30,0,0,0,0,0,0,0,0,0
4/25/2024 13:45,1,0,0,0,0,0,0,0,0
4/25/2024 14:00,2,0,0,23.9,0.84,92,0.284,0.06,285.7
4/25/2024 14:15,3,0,0,23.9,0.84,92,0.284,0.05,233.2
4/25/2024 14:30,4,0,0,24.1,0.84,92,0.281,0.05,4.8
4/25/2024 14:45,5,0,0,24.1,0.84,92,0.278,0.06,15.6
4/25/2024 15:00,6,0,0,24.1,0.84,92,0.278,0.06,33.1
4/25/2024 15:15,7,0,0,24.1,0.84,92,0.279,0.07,31.4
4/25/2024 15:30,8,0,0,24.1,0.84,91.9,0.279,0.07,24.3
4/26/2024 17:15,9,0,0,0,0,0,0,0,0
4/26/2024 17:30,10,464,0.017,18.3,0.91,96.6,0.472,2.39,296.1
4/26/2024 17:45,11,419,0,18.3,0.93,96.6,0.44,1.63,347.9
4/26/2024 18:00,12,0,0,0,0,0,0,0,0
4/26/2024 18:15,13,304,0,18,0.88,96.7,0.505,3.11,336.3
4/26/2024 18:30,14,264,0,17.9,0.9,96.7,0.439,2.48,317.8
4/26/2024 18:45,15,201,0,17.9,0.91,96.7,0.444,1.87,317.7
4/26/2024 19:00,16,162,0,17.7,0.89,96.7,0.441,1.66,347.3
4/26/2024 19:15,17,127,0,17.4,0.9,96.7,0.451,1.23,327.6
4/26/2024 19:30,18,94,0,17.4,0.87,96.7,0.437,1.1,301.3
4/26/2024 19:45,19,32,0,16.8,0.91,96.7,0.473,0.88,286.6
4/26/2024 20:00,20,28,0,16.1,0.95,96.7,0.518,0.44,256.3
4/26/2024 20:15,21,10,0,15.5,0.94,96.7,0.535,0.22,182.7
4/26/2024 20:30,22,2,0,14.4,0.9,96.8,0.548,0.54,170.7
4/26/2024 20:45,23,0,0,13.7,0.88,96.8,0.563,0.84,166.1
4/26/2024 21:00,24,0,0,13.1,0.86,96.8,0.573,0.86,152.3
4/26/2024 21:15,25,0,0,12.7,0.86,96.8,0.582,0.84,158.3
4/26/2024 21:30,26,0,0,12.4,0.85,96.8,0.589,0.98,153
4/26/2024 21:45,27,0,0,12.4,0.85,96.8,0.592,0.59,131.1
4/26/2024 22:00,28,0,0,12.3,0.84,96.8,0.586,0.33,200.9
4/26/2024 22:15,29,0,0,12.1,0.84,96.8,0.598,0.89,5.6
4/26/2024 22:30,30,0,0,10.8,0.86,96.9,0.665,0.6,211.7
4/26/2024 22:45,31,0,0,11,0.85,96.9,0.642,0.29,87.7
4/26/2024 23:00,32,0,0,10.8,0.84,96.9,0.653,0.26,33.5
4/26/2024 23:15,33,0,0,9.4,0.83,96.9,0.705,0.82,246.3
4/26/2024 23:30,34,0,0,9.4,0.83,96.9,0.699,0.49,39.6
4/26/2024 23:45,35,0,0,9.7,0.85,96.9,0.705,0.89,42
4/27/2024 0:00,36,0,0,10.2,0.88,96.9,0.707,1.17,20.9
4/27/2024 0:15,37,0,0,10.5,0.89,96.9,0.702,1.57,5.2
4/27/2024 0:30,38,0,0,10.4,0.89,96.9,0.705,1.14,354
4/27/2024 0:45,39,0,0,10.4,0.87,96.9,0.692,0.95,1.1
4/27/2024 1:00,40,0,0,9.8,0.87,96.9,0.716,0.93,342.3
4/27/2024 1:15,41,0,0,9.2,0.86,96.9,0.736,1.05,3.1
4/27/2024 1:30,42,0,0,8.7,0.83,96.9,0.743,1.29,346.7
4/27/2024 1:45,43,0,0,8,0.82,97,0.768,1.47,311.4
4/27/2024 2:00,44,0,0,8.7,0.82,97,0.731,1.86,303.7
4/27/2024 2:15,45,0,0,8.1,0.83,97,0.766,1.21,253.6
4/27/2024 2:30,46,0,0,6.8,0.81,97,0.824,1.42,200.5
4/27/2024 2:45,47,0,0,5.6,0.78,97,0.855,1.31,171.9
4/27/2024 3:00,48,0,0,5.5,0.76,97,0.841,1.28,193.9
4/27/2024 3:15,49,0,0,5.3,0.76,97,0.855,1.16,185.5
4/27/2024 3:30,50,0,0,4.8,0.75,97,0.872,1.13,199.4
4/27/2024 3:45,51,0,0,4.6,0.74,97,0.876,1.52,200.4
4/27/2024 4:00,52,0,0,5.2,0.76,97,0.861,1.91,209.4
4/27/2024 4:15,53,0,0,4.9,0.77,97,0.893,1.65,210.8
4/27/2024 4:30,54,0,0,4.7,0.76,97,0.893,1.59,198
4/27/2024 4:45,55,0,0,4,0.75,97,0.921,1.57,174.2
4/27/2024 5:00,56,0,0,3.7,0.73,97,0.913,1.47,188
4/27/2024 5:15,57,0,0,3,0.7,97,0.932,1.19,188.7
4/27/2024 5:30,58,0,0,3.6,0.7,97,0.881,1.53,210.6
4/27/2024 5:45,59,0,0,4.8,0.73,97,0.853,2.14,240.2
4/27/2024 6:00,60,1,0,5.1,0.78,97,0.889,2.77,248.2
4/27/2024 6:15,61,6,0,5,0.8,97,0.916,2.6,242.2
4/27/2024 6:30,62,28,0,5,0.81,97,0.928,2.35,238.8
4/27/2024 6:45,63,65,0,5.5,0.85,97,0.937,2.51,246.3
4/27/2024 7:00,64,99,0,5.9,0.89,97,0.955,3.16,257.5
4/27/2024 7:15,65,140,0,6.4,0.92,97,0.959,2.55,252
4/27/2024 7:30,66,180,0,7,0.94,97,0.943,3.97,258.9
4/27/2024 7:45,67,189,0,7.5,0.95,97,0.923,4.01,259.7
4/27/2024 8:00,68,293,0,8.1,0.97,97,0.897,4.77,261.3
4/27/2024 8:15,69,393,0,8.9,1,97,0.88,5.16,264.6
4/27/2024 8:30,70,192,0,9.2,0.97,97,0.83,5.63,274.4
4/27/2024 8:45,71,272,0,9.3,0.95,97,0.811,5.73,277.3
4/27/2024 9:00,72,316,0,9.7,0.97,97,0.81,5.18,278.4
4/27/2024 9:15,73,416,0,10.3,0.99,97,0.791,4.78,277
4/27/2024 9:30,74,472,0,10.8,0.99,97,0.767,4.71,276.2
4/27/2024 9:45,75,549,0,11.3,0.99,97,0.741,4.82,273
4/27/2024 10:00,76,577,0,11.8,0.99,97,0.718,5.04,279.7
4/27/2024 10:15,77,608,0,12.3,0.98,97,0.688,5.08,283.4
4/27/2024 10:30,78,674,0,13,0.96,97,0.647,4.41,287.6
4/27/2024 10:45,79,569,0,13.3,0.93,97,0.616,3.92,288
4/27/2024 11:00,80,834,0,14,0.95,97,0.595,4.61,289.1
4/27/2024 11:15,81,643,0,14,0.94,97,0.585,4.54,284.6
4/27/2024 11:30,82,388,0,13.9,0.93,97,0.588,4.32,284
4/27/2024 11:45,83,807,0,14.2,0.94,97,0.582,4.99,278.2
4/27/2024 12:00,84,706,0,14.5,0.93,97,0.557,4.03,284.2
4/27/2024 12:15,85,831,0,14.9,0.92,97,0.538,4.3,288.1
4/27/2024 12:30,86,837,0,15.6,0.93,97,0.517,4.79,286.4
4/27/2024 12:45,87,382,0,14.8,0.89,97,0.53,3.47,290
4/27/2024 13:00,88,674,0,15.8,0.92,96.9,0.513,4.73,301.8
4/27/2024 13:15,89,490,0,15.7,0.9,96.9,0.507,4.6,308.3
4/27/2024 13:30,90,494,0,15.7,0.85,97,0.484,5.08,306.5
4/27/2024 13:45,91,386,0,15.6,0.84,97,0.472,5.24,299.1
4/27/2024 14:00,92,168,0,14.9,0.82,97,0.486,4.18,309
4/27/2024 14:15,93,260,0,14.7,0.84,97,0.502,3.58,335.6
4/27/2024 14:30,94,291,0,15,0.82,97,0.483,4.25,305.8
4/27/2024 14:45,95,270,0,15.1,0.81,97,0.474,5.05,292.5
4/27/2024 15:00,96,350,0,15.3,0.81,97,0.465,4.64,310.6
4/27/2024 15:15,97,473,0,15.5,0.79,96.9,0.45,5.32,302.2
4/27/2024 15:30,98,691,0,16.2,0.79,96.9,0.428,5.5,307
4/27/2024 15:45,99,476,0,15.9,0.77,96.9,0.427,5.64,303.1
4/27/2024 16:00,100,356,0,15.6,0.75,96.9,0.426,4.55,310.4
4/27/2024 16:15,101,609,0,15.9,0.73,96.9,0.403,5.63,300.1
4/27/2024 16:30,102,569,0,16.1,0.72,96.9,0.392,6.54,289.6
4/27/2024 16:45,103,349,0,15.4,0.7,97,0.398,5.88,288.2
4/27/2024 17:00,104,329,0,15.4,0.7,96.9,0.396,4.8,299.5
4/27/2024 17:15,105,278,0,15.3,0.71,96.9,0.405,4.61,299.4
4/27/2024 17:30,106,220,0,15.5,0.72,96.9,0.412,4.01,302.7
4/27/2024 17:45,107,250,0,15.4,0.72,97,0.412,4.12,309.9
4/27/2024 18:00,108,171,0,15,0.76,97,0.447,4.05,326.4
4/27/2024 18:15,109,85,0,14.8,0.75,97,0.443,4.11,318.9
4/27/2024 18:30,110,184,0,14.9,0.75,97,0.444,3.53,314.1
4/27/2024 18:45,111,144,0,14.8,0.77,97,0.459,3.5,318.4
4/27/2024 19:00,112,99,0,14.6,0.77,97,0.461,3.07,316.4
4/27/2024 19:15,113,76,0,14.5,0.78,97,0.474,2.64,311.6
4/27/2024 19:30,114,48,0,13.9,0.78,97,0.495,2.73,325.9
4/27/2024 19:45,115,35,0,13.2,0.78,97,0.513,2.57,321.3
4/27/2024 20:00,116,24,0,12.4,0.77,97,0.536,2.02,314.6
4/27/2024 20:15,117,7,0,11.9,0.77,97,0.554,1.99,317.7
4/27/2024 20:30,118,1,0,11.7,0.76,97.1,0.551,2.61,307.7
4/27/2024 20:45,119,0,0,11.6,0.77,97.1,0.561,2.6,317.6
4/27/2024 21:00,120,0,0,11.7,0.77,97.1,0.56,2.85,317.6
4/27/2024 21:15,121,0,0,11.6,0.76,97.1,0.559,3.11,300
4/27/2024 21:30,122,0,0,11,0.77,97.1,0.586,2.97,294.9
4/27/2024 21:45,123,0,0,10.8,0.76,97.1,0.591,3.03,314.6
4/27/2024 22:00,124,0,0,10.1,0.76,97.1,0.611,3.06,298.4
4/27/2024 22:15,125,0,0,9.5,0.75,97.2,0.632,2.77,312.1
4/27/2024 22:30,126,0,0,9.6,0.74,97.2,0.621,3.01,302.5
4/27/2024 22:45,127,0,0,9.4,0.75,97.2,0.636,2.32,302.4
4/27/2024 23:00,128,0,0,9.7,0.76,97.2,0.633,2.47,293.7
4/27/2024 23:15,129,0,0,9.6,0.77,97.2,0.645,3.27,288.5
4/27/2024 23:30,130,0,0,9.2,0.77,97.2,0.657,3.14,291.1
4/27/2024 23:45,131,0,0,9,0.76,97.2,0.664,2.67,294.8
4/28/2024 0:00,132,0,0,8.3,0.76,97.2,0.692,1.92,287.9
4/28/2024 0:15,133,0,0,8.3,0.75,97.2,0.687,2.26,283.5
4/28/2024 0:30,134,0,0,9,0.76,97.2,0.658,2.65,302.5
4/28/2024 0:45,135,0,0,8.6,0.76,97.2,0.679,2.69,278.7
4/28/2024 1:00,136,0,0,8.3,0.75,97.2,0.689,1.96,281.9
4/28/2024 1:15,137,0,0,8,0.75,97.2,0.698,2.05,287.7
4/28/2024 1:30,138,0,0,7.1,0.74,97.2,0.73,1.83,278.1
4/28/2024 1:45,139,0,0,7.1,0.74,97.2,0.732,2.46,292
4/28/2024 2:00,140,0,0,7,0.74,97.2,0.736,1.82,322.8
4/28/2024 2:15,141,0,0,6.6,0.74,97.2,0.758,2.03,318.6
4/28/2024 2:30,142,0,0,5.6,0.73,97.2,0.798,1.56,238.9
4/28/2024 2:45,143,0,0,5.1,0.71,97.2,0.811,1.72,260.7
4/28/2024 3:00,144,0,0,5.2,0.72,97.2,0.814,2.02,259.3
4/28/2024 3:15,145,0,0,5.3,0.74,97.2,0.828,1.78,265.9
4/28/2024 3:30,146,0,0,5.5,0.75,97.2,0.827,2.15,276.7
4/28/2024 3:45,147,0,0,6.1,0.77,97.2,0.821,2.66,277.6
4/28/2024 4:00,148,0,0,5.7,0.78,97.2,0.852,2.24,274.1
4/28/2024 4:15,149,0,0,5.4,0.77,97.2,0.861,1.96,269.4
4/28/2024 4:30,150,0,0,4.6,0.75,97.2,0.886,1.65,246.9
4/28/2024 4:45,151,0,0,4.1,0.73,97.2,0.89,1.21,225.3
4/28/2024 5:00,152,0,0,3.8,0.71,97.2,0.889,1.06,195.3
4/28/2024 5:15,153,0,0,3.5,0.7,97.2,0.896,1.28,213.2
4/28/2024 5:30,154,0,0,4.8,0.73,97.2,0.843,2.76,262.4
4/28/2024 5:45,155,0,0,4.9,0.77,97.2,0.887,3.47,257
4/28/2024 6:00,156,2,0,5.1,0.79,97.2,0.899,3.56,256.2
4/28/2024 6:15,157,13,0,5.3,0.8,97.2,0.902,4.12,258.1
4/28/2024 6:30,158,34,0,5.4,0.82,97.2,0.915,3.1,257
4/28/2024 6:45,159,46,0,5.6,0.84,97.2,0.918,3.1,253.6
4/28/2024 7:00,160,62,0,5.9,0.84,97.2,0.902,3.15,253.3
4/28/2024 7:15,161,87,0,6.5,0.87,97.3,0.896,2.94,262.3
4/28/2024 7:30,162,92,0,6.8,0.89,97.3,0.901,3.32,264.6
4/28/2024 7:45,163,125,0,7,0.9,97.2,0.902,4.02,259.4
4/28/2024 8:00,164,188,0,7.6,0.93,97.2,0.895,4.78,264.5
4/28/2024 8:15,165,164,0,8,0.95,97.3,0.884,4.32,267.4
4/28/2024 8:30,166,186,0,8.5,0.96,97.3,0.864,4.28,276.6
4/28/2024 8:45,167,274,0,9.1,0.98,97.3,0.844,3.79,278.4
4/28/2024 9:00,168,295,0,10,0.97,97.3,0.784,4.18,285.8
4/28/2024 9:15,169,241,0,10.3,0.94,97.3,0.756,3.93,288.3
4/28/2024 9:30,170,325,0,10.6,0.92,97.3,0.723,4.05,301
4/28/2024 9:45,171,337,0,11.2,0.89,97.3,0.668,4.37,303.2
4/28/2024 10:00,172,358,0,11.5,0.87,97.3,0.64,4.44,303.2
4/28/2024 10:15,173,446,0,11.7,0.87,97.3,0.635,4.44,305.4
4/28/2024 10:30,174,524,0,12.1,0.88,97.3,0.625,4.43,299.5
4/28/2024 10:45,175,597,0,12.8,0.87,97.2,0.592,5.29,304.4
4/28/2024 11:00,176,654,0,13.3,0.88,97.2,0.578,5.44,312.3
4/28/2024 11:15,177,705,0,13.7,0.88,97.2,0.551,5.68,326.7
4/28/2024 11:30,178,814,0,14.5,0.83,97.2,0.507,6.55,321.9
4/28/2024 11:45,179,702,0,14.1,0.78,97.2,0.489,7.13,314.8
4/28/2024 12:00,180,689,0,14.1,0.77,97.2,0.482,6.3,332.1
4/28/2024 12:15,181,832,0,14.7,0.77,97.2,0.465,6.08,317
4/28/2024 12:30,182,795,0,14.8,0.78,97.2,0.463,6.05,322.3
4/28/2024 12:45,183,823,0,14.9,0.78,97.2,0.462,6.44,326.8
4/28/2024 13:00,184,757,0,14.9,0.76,97.2,0.444,7.29,322.5
4/28/2024 13:15,185,668,0,14.9,0.73,97.2,0.435,6.8,318.5
4/28/2024 13:30,186,681,0,15,0.74,97.2,0.432,6.53,315.9
4/28/2024 13:45,187,728,0,15.1,0.72,97.1,0.424,7.02,313.8
4/28/2024 14:00,188,595,0,14.9,0.73,97.1,0.43,6.27,312.9
4/28/2024 14:15,189,651,0,15,0.74,97.1,0.431,6.35,331.2
4/28/2024 14:30,190,597,0,14.9,0.73,97.1,0.431,6.58,331.4
4/28/2024 14:45,191,803,0,15.6,0.73,97.1,0.412,6.65,323
4/28/2024 15:00,192,702,0,15.6,0.72,97.1,0.406,6.42,305.6
4/28/2024 15:15,193,817,0,16,0.72,97.1,0.392,5.93,308.7
4/28/2024 15:30,194,741,0,15.9,0.74,97.1,0.407,6.51,310
4/28/2024 15:45,195,710,0,16.1,0.74,97.1,0.406,5.01,316
4/28/2024 16:00,196,460,0,15.4,0.71,97.1,0.404,4.24,307.2
4/28/2024 16:15,197,405,0,15.3,0.71,97.1,0.406,4.46,341.4
4/28/2024 16:30,198,516,0,15.6,0.73,97.1,0.412,4.47,339.6
4/28/2024 16:45,199,270,0,15.2,0.73,97,0.42,3.9,323.8
4/28/2024 17:00,200,417,0,15.6,0.73,97,0.409,3.54,310.6
4/28/2024 17:15,201,432,0,16.1,0.75,97,0.408,4.26,327.5
4/28/2024 17:30,202,242,0,15.8,0.73,97,0.41,4.19,327.9
4/28/2024 17:45,203,190,0,15.9,0.72,97,0.398,4.89,319.7
4/28/2024 18:00,204,162,0,15.7,0.69,97,0.387,5.89,309.4
4/28/2024 18:15,205,145,0,15.3,0.69,97,0.395,5.32,319.7
4/28/2024 18:30,206,138,0,15,0.68,97,0.398,5.03,330.1
4/28/2024 18:45,207,104,0,14.8,0.68,97,0.403,3.8,319.4
4/28/2024 19:00,208,89,0,14.7,0.67,97,0.404,4.33,320.3
4/28/2024 19:15,209,78,0,14.4,0.67,97,0.413,5.25,329.7
4/28/2024 19:30,210,41,0,14,0.67,97,0.416,4.11,317.4
4/28/2024 19:45,211,28,0,13.8,0.66,97,0.415,3.88,309.7
4/28/2024 20:00,212,30,0,13.6,0.68,97,0.439,4.93,335.3
4/28/2024 20:15,213,12,0,13.4,0.7,97,0.457,5.12,343.4
4/28/2024 20:30,214,2,0,12.8,0.69,97,0.47,5.22,5.2
4/28/2024 20:45,215,0,0,12,0.68,97,0.483,5.1,11
4/28/2024 21:00,216,0,0,11.3,0.68,97.1,0.508,4.24,13.6
4/28/2024 21:15,217,0,0,10.8,0.67,97.1,0.517,4.76,14.7
4/28/2024 21:30,218,0,0,10.2,0.67,97.1,0.536,4.29,10.9
4/28/2024 21:45,219,0,0,9.6,0.66,97.1,0.549,3.56,8.6
4/28/2024 22:00,220,0,0,9.3,0.64,97.1,0.543,3.59,8.2
4/28/2024 22:15,221,0,0,9,0.63,97.1,0.547,3.33,358.4
4/28/2024 22:30,222,0,0,8.6,0.62,97.1,0.555,3.3,345
4/28/2024 22:45,223,0,0,8.2,0.62,97.1,0.57,3.08,341.3
4/28/2024 23:00,224,0,0,8,0.61,97.1,0.575,2.86,352
4/28/2024 23:15,225,0,0,8,0.61,97.1,0.567,3.02,0.5
4/28/2024 23:30,226,0,0,7.2,0.62,97.1,0.608,1.52,339.4
4/28/2024 23:45,227,0,0,6.5,0.61,97.1,0.636,1.39,283.9
4/29/2024 0:00,228,0,0,6.4,0.62,97.1,0.64,1.73,312.1
4/29/2024 0:15,229,0,0,6,0.63,97.1,0.672,1.59,324.7
4/29/2024 0:30,230,0,0,6,0.63,97.1,0.671,1.52,295.8
4/29/2024 0:45,231,0,0,6.4,0.63,97.1,0.654,2.03,303.4
4/29/2024 1:00,232,0,0,6,0.64,97.1,0.68,2.15,328.3
4/29/2024 1:15,233,0,0,5.8,0.64,97.1,0.698,1.93,326.3
4/29/2024 1:30,234,0,0,5.6,0.65,97.1,0.711,1.65,323.2
4/29/2024 1:45,235,0,0,5.3,0.64,97.1,0.719,1.27,329.9
4/29/2024 2:00,236,0,0,5,0.63,97.1,0.728,1.49,318.7
4/29/2024 2:15,237,0,0,4.8,0.63,97.1,0.729,1.28,292.7
4/29/2024 2:30,238,0,0,4.7,0.62,97.1,0.726,1.48,315.5
4/29/2024 2:45,239,0,0,4.7,0.62,97.1,0.721,1.87,308.9
4/29/2024 3:00,240,0,0,4.7,0.62,97.1,0.726,1.61,334.3
4/29/2024 3:15,241,0,0,4,0.61,97.1,0.756,1.28,327.8
4/29/2024 3:30,242,0,0,4.2,0.61,97.1,0.741,1.23,284.3
4/29/2024 3:45,243,0,0,4.4,0.62,97.1,0.741,1.24,293.6
4/29/2024 4:00,244,0,0,4,0.62,97.1,0.761,1.2,288
4/29/2024 4:15,245,0,0,3.8,0.62,97.1,0.77,0.93,287.4
4/29/2024 4:30,246,0,0,3.8,0.62,97.1,0.77,1.27,280.8
4/29/2024 4:45,247,0,0,3.4,0.61,97.1,0.781,1.35,289.2
4/29/2024 5:00,248,0,0,2.4,0.59,97.1,0.813,1.21,266.5
4/29/2024 5:15,249,0,0,1.9,0.58,97.1,0.823,0.75,213.4
4/29/2024 5:30,250,0,0,1.6,0.57,97.1,0.827,1.08,206.2
4/29/2024 5:45,251,0,0,1.9,0.57,97.1,0.804,0.97,255.1
4/29/2024 6:00,252,2,0,2,0.58,97.1,0.816,1.21,263
4/29/2024 6:15,253,11,0,2.8,0.6,97.1,0.801,1.61,280.4
4/29/2024 6:30,254,36,0,3.2,0.62,97.1,0.811,0.95,324.2
4/29/2024 6:45,255,64,0,3.4,0.64,97,0.82,1.33,315.1
4/29/2024 7:00,256,94,0,3.8,0.65,97,0.816,1.48,285.8
4/29/2024 7:15,257,110,0,3.9,0.67,97.1,0.829,2.24,254.5
4/29/2024 7:30,258,164,0,4.5,0.68,97.1,0.81,1.82,271.2
4/29/2024 7:45,259,180,0,5,0.7,97.1,0.797,2.14,274.4
4/29/2024 8:00,260,153,0,5.7,0.69,97,0.758,1.91,294.4
4/29/2024 8:15,261,167,0,6,0.68,97,0.733,2.9,286.5
4/29/2024 8:30,262,294,0,6.7,0.69,97,0.706,4.05,281.4
4/29/2024 8:45,263,405,0,7.4,0.69,97,0.664,4.31,280.1
4/29/2024 9:00,264,238,0,7.2,0.66,97,0.651,3.84,278.4
4/29/2024 9:15,265,242,0,7.3,0.66,97,0.645,3.8,275.7
4/29/2024 9:30,266,222,0,7.6,0.66,97.1,0.633,3.88,287.3
4/29/2024 9:45,267,246,0,7.7,0.68,97.1,0.642,3.52,291
4/29/2024 10:00,268,247,0,7.5,0.72,97.1,0.694,2.86,308.4
4/29/2024 10:15,269,177,0.034,7.5,0.73,97.1,0.708,2.49,343
4/29/2024 10:30,270,177,0.017,7.2,0.73,97.1,0.721,2.31,354.3
4/29/2024 10:45,271,291,0,7.3,0.73,97.1,0.713,2.21,16.9
4/29/2024 11:00,272,328,0,7.5,0.73,97.1,0.703,2.09,15.5
4/29/2024 11:15,273,412,0,7.8,0.72,97.1,0.681,3.11,338.1
4/29/2024 11:30,274,696,0,8.8,0.74,97,0.657,3.85,350.2
4/29/2024 11:45,275,623,0,9.1,0.74,97,0.636,4.09,345.2
4/29/2024 12:00,276,759,0,10,0.74,97,0.613,4.56,318.3
4/29/2024 12:15,277,734,0,10.6,0.73,97,0.578,4.62,311.3
4/29/2024 12:30,278,734,0,10.9,0.73,97,0.556,4.86,326.2
4/29/2024 12:45,279,784,0,11.3,0.72,97,0.534,4.19,334.2
4/29/2024 13:00,280,796,0,11.6,0.7,97,0.519,4.38,334.7
4/29/2024 13:15,281,763,0,11.7,0.68,97,0.5,4.33,344.6
4/29/2024 13:30,282,936,0,12.1,0.66,97,0.469,4.48,337.7
4/29/2024 13:45,283,724,0,12.6,0.67,97,0.462,4.33,341.7
4/29/2024 14:00,284,629,0,12,0.64,97,0.463,3.91,351.3
4/29/2024 14:15,285,785,0,12.8,0.6,97,0.405,4.37,356
4/29/2024 14:30,286,817,0,13.1,0.54,96.9,0.36,5.26,15.1
4/29/2024 14:45,287,664,0,13.1,0.55,96.9,0.364,5.01,5.2
4/29/2024 15:00,288,601,0,13,0.56,97,0.369,5.12,15.5
4/29/2024 15:15,289,727,0,13.5,0.57,96.9,0.369,5.44,356.6
4/29/2024 15:30,290,653,0,13.4,0.57,97,0.365,5.58,345.5
4/29/2024 15:45,291,760,0,13.5,0.57,96.9,0.367,5.5,351.4
4/29/2024 16:00,292,623,0,13.5,0.58,97,0.371,5.06,345.4
4/29/2024 16:15,293,327,0,12.9,0.56,97,0.377,4.6,346.7
4/29/2024 16:30,294,613,0,13.4,0.58,97,0.378,5.17,343.3
4/29/2024 16:45,295,177,0,12.8,0.56,97,0.379,4.33,346.6
4/29/2024 17:00,296,205,0,12.5,0.55,97,0.379,4.7,341.3
4/29/2024 17:15,297,344,0,12.9,0.56,97,0.373,4.05,351.8
4/29/2024 17:30,298,229,0,12.8,0.53,97,0.362,4.81,355.2
4/29/2024 17:45,299,406,0,13.2,0.54,97,0.356,5.58,351.9
4/29/2024 18:00,300,323,0,12.9,0.53,97,0.358,5.79,347.3
4/29/2024 18:15,301,393,0,13.1,0.5,97,0.333,7.36,6.9
4/29/2024 18:30,302,292,0,12.7,0.46,97,0.314,6.79,8.3
4/29/2024 18:45,303,237,0,12.4,0.44,97,0.305,6.26,20.2
4/29/2024 19:00,304,194,0,12,0.43,97,0.309,6.52,16
4/29/2024 19:15,305,150,0,11.4,0.42,97.1,0.311,6.59,8.2
4/29/2024 19:30,306,110,0,10.7,0.46,97.1,0.357,6.51,8.1
4/29/2024 19:45,307,74,0,10.2,0.47,97.1,0.376,6.42,7.5
4/29/2024 20:00,308,44,0,9.8,0.47,97.1,0.39,6.47,3.5
4/29/2024 20:15,309,19,0,9.1,0.47,97.1,0.404,5.54,3.1
4/29/2024 20:30,310,3,0,8.7,0.46,97.1,0.411,6.3,8.4
4/29/2024 20:45,311,0,0,8.4,0.46,97.2,0.417,5.95,10.8
4/29/2024 21:00,312,0,0,8.1,0.46,97.2,0.425,5.21,14.2
4/29/2024 21:15,313,0,0,7.6,0.46,97.2,0.445,4.21,10
4/29/2024 21:30,314,0,0,7.2,0.47,97.2,0.464,4.26,7.1
4/29/2024 21:45,315,0,0,6.8,0.49,97.3,0.495,4.02,7.2
4/29/2024 22:00,316,0,0,6.4,0.5,97.3,0.519,3.76,10.6
4/29/2024 22:15,317,0,0,6,0.51,97.3,0.542,3.57,11.7
4/29/2024 22:30,318,0,0,5.5,0.51,97.3,0.566,3.25,8.7
4/29/2024 22:45,319,0,0,5.1,0.51,97.3,0.585,2.97,2.2
4/29/2024 23:00,320,0,0,5,0.51,97.3,0.586,2.8,13.3
4/29/2024 23:15,321,0,0,5,0.51,97.3,0.578,2.64,22.6
4/29/2024 23:30,322,0,0,5.1,0.5,97.3,0.575,2.85,20
4/29/2024 23:45,323,0,0,4.5,0.51,97.3,0.603,2.11,13.9
4/30/2024 0:00,324,0,0,3.7,0.5,97.3,0.629,1.38,1.6
4/30/2024 0:15,325,0,0,3.3,0.49,97.3,0.635,1.25,34.9
4/30/2024 0:30,326,0,0,3.2,0.49,97.3,0.636,1.16,5
4/30/2024 0:45,327,0,0,2.4,0.49,97.4,0.679,1.38,265.1
4/30/2024 1:00,328,0,0,2.6,0.49,97.4,0.659,1.21,298.2
4/30/2024 1:15,329,0,0,2.5,0.49,97.4,0.66,1.45,288.2
4/30/2024 1:30,330,0,0,2.8,0.48,97.4,0.646,1.35,324.8
4/30/2024 1:45,331,0,0,2.2,0.48,97.4,0.673,1.64,297.2
4/30/2024 2:00,332,0,0,1.5,0.48,97.4,0.704,1.14,303.1
4/30/2024 2:15,333,0,0,1.5,0.48,97.4,0.701,1.3,302.5
4/30/2024 2:30,334,0,0,1.1,0.47,97.4,0.713,1.2,285.5
4/30/2024 2:45,335,0,0,1.4,0.48,97.4,0.707,1.93,301.4
4/30/2024 3:00,336,0,0,1.8,0.5,97.4,0.715,2.28,320.6
4/30/2024 3:15,337,0,0,2,0.51,97.4,0.727,2.39,302.6
4/30/2024 3:30,338,0,0,2,0.52,97.4,0.743,1.98,293.1
4/30/2024 3:45,339,0,0,2,0.53,97.4,0.751,1.9,286.5
4/30/2024 4:00,340,0,0,2.2,0.53,97.4,0.742,1.97,292.6
4/30/2024 4:15,341,0,0,2.1,0.53,97.4,0.745,1.15,288.9
4/30/2024 4:30,342,0,0,1.9,0.52,97.4,0.747,1.45,302.9
4/30/2024 4:45,343,0,0,1.6,0.52,97.4,0.76,1.46,273.2
4/30/2024 5:00,344,0,0,0.7,0.51,97.4,0.789,1.13,197.8
4/30/2024 5:15,345,0,0,0.2,0.5,97.4,0.803,1.42,214.6
4/30/2024 5:30,346,0,0,0.4,0.51,97.4,0.805,1.64,220.7
4/30/2024 5:45,347,0,0,0.6,0.51,97.4,0.806,1.27,204.8
4/30/2024 6:00,348,2,0,0.6,0.52,97.4,0.81,1.8,191.2
4/30/2024 6:15,349,7,0,1.1,0.53,97.4,0.801,1.58,213.3
4/30/2024 6:30,350,15,0,1.1,0.54,97.4,0.812,1.77,234
4/30/2024 6:45,351,21,0,1,0.54,97.4,0.828,1.62,232
4/30/2024 7:00,352,33,0,0.9,0.55,97.4,0.843,1.46,209.2
4/30/2024 7:15,353,57,0,0.9,0.55,97.4,0.85,1.54,163.9
4/30/2024 7:30,354,125,0,2,0.58,97.4,0.824,1.39,168.1
4/30/2024 7:45,355,206,0,3.6,0.64,97.4,0.806,3.26,264.2
4/30/2024 8:00,356,268,0,4.4,0.66,97.4,0.794,4.44,270.3
4/30/2024 8:15,357,234,0,4.9,0.65,97.4,0.746,4,272.5
4/30/2024 8:30,358,338,0,5.5,0.65,97.4,0.723,4.47,285.3
4/30/2024 8:45,359,382,0,5.9,0.66,97.4,0.711,4.89,279.9
4/30/2024 9:00,360,433,0,6.6,0.67,97.4,0.691,5.17,278.7
4/30/2024 9:15,361,478,0,7.2,0.66,97.4,0.653,5.02,283.8
4/30/2024 9:30,362,523,0,7.7,0.66,97.4,0.633,4.92,289.7
4/30/2024 9:45,363,578,0,8.3,0.64,97.4,0.592,4.42,295.2
4/30/2024 10:00,364,556,0,8.5,0.63,97.4,0.57,4.3,307.8
4/30/2024 10:15,365,0,0,0,0,0,0,0,0
4/30/2024 10:30,366,697,0,8.9,0.62,97.4,0.575,3.96,316
4/30/2024 10:45,367,755,0,9.6,0.61,97.4,0.521,3.9,313.2
4/30/2024 11:00,368,780,0,9.8,0.6,97.4,0.498,4.46,296.1
4/30/2024 11:15,369,629,0,9.9,0.59,97.4,0.477,3.83,302
4/30/2024 11:30,370,655,0,10,0.6,97.4,0.491,3.02,320.6
4/30/2024 11:45,371,759,0,10.5,0.6,97.4,0.47,3.29,309.3
4/30/2024 12:00,372,921,0,10.8,0.59,97.3,0.459,3,284
4/30/2024 12:15,373,1049,0,11.4,0.6,97.3,0.451,2.86,301.4
4/30/2024 12:30,374,456,0,10.9,0.58,97.3,0.447,3.12,294.7
4/30/2024 12:45,375,355,0,10.9,0.58,97.3,0.446,3.95,294.6
4/30/2024 13:00,376,616,0,10.7,0.58,97.3,0.443,2.98,282.8
4/30/2024 13:15,377,989,0,12,0.61,97.3,0.437,3.55,292.1
4/30/2024 13:30,378,411,0,11.3,0.59,97.3,0.437,3.77,284.3
4/30/2024 13:45,379,226,0,11,0.56,97.3,0.424,1.86,286.5
4/30/2024 14:00,380,276,0,10.9,0.56,97.3,0.427,1.45,302.4
4/30/2024 14:15,381,449,0,11.2,0.56,97.3,0.426,2.04,246.4
4/30/2024 14:30,382,443,0,11.5,0.59,97.3,0.428,4.89,282.2
4/30/2024 14:45,383,867,0,11.9,0.59,97.3,0.43,5.53,281.9
4/30/2024 15:00,384,840,0,12.3,0.6,97.2,0.42,4.47,284.3
4/30/2024 15:15,385,817,0,12.5,0.6,97.2,0.41,2.78,300.9
4/30/2024 15:30,386,438,0,12.4,0.6,97.2,0.42,4.19,301.4
4/30/2024 15:45,387,425,0,12,0.6,97.2,0.433,4.76,289.7
4/30/2024 16:00,388,748,0,12.4,0.63,97.2,0.442,6.06,288.6
4/30/2024 16:15,389,281,0,11.6,0.61,97.2,0.448,4.58,297.9
4/30/2024 16:30,390,583,0,12.2,0.6,97.2,0.43,3.44,293.9
4/30/2024 16:45,391,534,0,12.6,0.59,97.2,0.404,2.25,331.6
4/30/2024 17:00,392,484,0,12.5,0.6,97.2,0.412,2.56,307.1
4/30/2024 17:15,393,356,0,12.5,0.61,97.2,0.422,3.11,298.7
4/30/2024 17:30,394,210,0,11.9,0.58,97.2,0.419,3.27,300.1
4/30/2024 17:45,395,176,0,11.7,0.59,97.2,0.432,3.17,319.8
4/30/2024 18:00,396,166,0,11.4,0.58,97.2,0.428,3.2,320.7
4/30/2024 18:15,397,150,0,11.3,0.57,97.2,0.429,2.66,326.1
4/30/2024 18:30,398,135,0,11,0.59,97.2,0.45,3.21,355
4/30/2024 18:45,399,130,0,10.6,0.6,97.2,0.474,3.77,17
4/30/2024 19:00,400,101,0,10.3,0.6,97.3,0.478,3.32,16.4
4/30/2024 19:15,401,71,0,10.2,0.6,97.3,0.486,2.79,20.7
4/30/2024 19:30,402,54,0,9.9,0.6,97.3,0.491,2.43,20.5
4/30/2024 19:45,403,59,0,9.9,0.61,97.3,0.5,1.82,37.5
4/30/2024 20:00,404,30,0,9.5,0.64,97.3,0.54,1.28,63.4
4/30/2024 20:15,405,13,0,8.9,0.65,97.3,0.57,1.21,57.7
4/30/2024 20:30,406,3,0,8.3,0.65,97.3,0.592,1,56.1
4/30/2024 20:45,407,0,0,7.8,0.63,97.3,0.593,1.05,48.3
4/30/2024 21:00,408,0,0,7.3,0.6,97.4,0.585,1.21,36.3
4/30/2024 21:15,409,0,0,7.1,0.59,97.4,0.585,0.94,48.6
4/30/2024 21:30,410,0,0,7.4,0.59,97.4,0.574,0.99,23.3
4/30/2024 21:45,411,0,0,6.1,0.6,97.4,0.64,2.07,253.4
4/30/2024 22:00,412,0,0,6.2,0.63,97.4,0.667,1.73,261.4
4/30/2024 22:15,413,0,0,5.4,0.64,97.4,0.711,1.08,258.9
4/30/2024 22:30,414,0,0,5.2,0.64,97.4,0.723,1.09,271.2
4/30/2024 22:45,415,0,0,4.5,0.63,97.5,0.752,0.89,154.4
4/30/2024 23:00,416,0,0,4.4,0.62,97.5,0.739,0.93,220.7
4/30/2024 23:15,417,0,0,4,0.61,97.5,0.754,0.76,227.5
4/30/2024 23:30,418,0,0,3.9,0.62,97.5,0.766,0.83,231.8
4/30/2024 23:45,419,0,0,3.9,0.63,97.5,0.777,0.88,295.8
5/1/2024 0:00,420,0,0,3.9,0.63,97.5,0.783,0.66,257.9
5/1/2024 0:15,421,0,0,2.7,0.62,97.5,0.832,1.59,168.1
5/1/2024 0:30,422,0,0,2.8,0.61,97.5,0.813,1.25,151.6
5/1/2024 0:45,423,0,0,2.8,0.61,97.5,0.818,0.87,175.9
5/1/2024 1:00,424,0,0,2.5,0.61,97.6,0.832,0.75,181.9
5/1/2024 1:15,425,0,0,1.7,0.59,97.6,0.854,1.17,164.3
5/1/2024 1:30,426,0,0,1.7,0.59,97.6,0.85,0.7,188.5
5/1/2024 1:45,427,0,0,1.4,0.57,97.5,0.853,0.62,179
5/1/2024 2:00,428,0,0,0.9,0.57,97.5,0.871,1.03,186
5/1/2024 2:15,429,0,0,0.3,0.56,97.6,0.887,0.94,171.9
5/1/2024 2:30,430,0,0,0.2,0.55,97.6,0.887,0.98,176
5/1/2024 2:45,431,0,0,0,0.54,97.6,0.887,0.83,197.4
5/1/2024 3:00,432,0,0,0.3,0.54,97.6,0.867,0.69,205.7
5/1/2024 3:15,433,0,0,-0.3,0.54,97.6,0.896,0.98,182.7
5/1/2024 3:30,434,0,0,0,0.54,97.6,0.883,0.76,187.4
5/1/2024 3:45,435,0,0,0.2,0.54,97.6,0.876,0.66,232.7
5/1/2024 4:00,436,0,0,0.3,0.55,97.6,0.884,1.1,190.9
5/1/2024 4:15,437,0,0,-0.1,0.56,97.6,0.918,1.03,185.4
5/1/2024 4:30,438,0,0,0.1,0.55,97.6,0.9,0.82,196.5
5/1/2024 4:45,439,0,0,-0.2,0.55,97.6,0.916,0.87,208.6
5/1/2024 5:00,440,0,0,-0.3,0.55,97.6,0.909,0.64,228.6
5/1/2024 5:15,441,0,0,-0.3,0.54,97.6,0.902,0.64,206.1
5/1/2024 5:30,442,0,0,-0.3,0.54,97.6,0.909,0.78,187.8
5/1/2024 5:45,443,0,0,-0.3,0.54,97.6,0.913,0.94,215.8
5/1/2024 6:00,444,3,0,-0.2,0.55,97.7,0.908,0.96,193.6
5/1/2024 6:15,445,16,0,-0.7,0.55,97.7,0.945,1.15,187.9
5/1/2024 6:30,446,44,0,-0.5,0.56,97.7,0.957,0.99,195.5
5/1/2024 6:45,447,74,0,0.5,0.6,97.7,0.954,1.33,238.5
5/1/2024 7:00,448,106,0,1,0.65,97.7,0.99,1.24,232.9
5/1/2024 7:15,449,141,0,1.6,0.69,97.7,1,1.06,227.6
5/1/2024 7:30,450,177,0,2.5,0.73,97.7,1,1.91,259.6
5/1/2024 7:45,451,216,0,3.4,0.77,97.6,0.991,1.96,270.3
5/1/2024 8:00,452,255,0,4.1,0.76,97.7,0.926,2.17,265.4
5/1/2024 8:15,453,295,0,4.6,0.74,97.7,0.875,2.51,277.3
5/1/2024 8:30,454,337,0,5.2,0.74,97.7,0.844,2.42,280.8
5/1/2024 8:45,455,380,0,5.7,0.74,97.7,0.81,2.54,265.4
5/1/2024 9:00,456,425,0,6.2,0.74,97.7,0.782,2.54,265.7
5/1/2024 9:15,457,468,0,6.8,0.74,97.7,0.747,2.52,272.9
5/1/2024 9:30,458,512,0,7.6,0.73,97.6,0.69,2.29,296.4
5/1/2024 9:45,459,554,0,8.3,0.72,97.6,0.66,2.44,291
5/1/2024 10:00,460,596,0,9,0.71,97.6,0.611,3.41,285.5
5/1/2024 10:15,461,635,0,9.5,0.68,97.6,0.581,2.72,297.1
5/1/2024 10:30,462,672,0,10,0.68,97.6,0.563,2.84,294.4
5/1/2024 10:45,463,707,0,10.4,0.68,97.6,0.535,2.76,297.1
5/1/2024 11:00,464,738,0,10.9,0.69,97.6,0.532,3.19,304.3
5/1/2024 11:15,465,770,0,11,0.67,97.6,0.515,3.22,284.4
5/1/2024 11:30,466,782,0,11.3,0.66,97.6,0.497,3.72,296.7
5/1/2024 11:45,467,825,0,12.1,0.65,97.6,0.456,3.29,302.4
5/1/2024 12:00,468,856,0,12.1,0.64,97.6,0.46,4.72,281.7
5/1/2024 12:15,469,864,0,12.2,0.63,97.6,0.447,4.31,280.1
5/1/2024 12:30,470,873,0,12.4,0.63,97.6,0.432,3.76,284.7
5/1/2024 12:45,471,889,0,12.6,0.63,97.6,0.433,3.93,284.2
5/1/2024 13:00,472,899,0,13.3,0.64,97.5,0.418,3.89,297
5/1/2024 13:15,473,838,0,13.2,0.64,97.5,0.416,3.63,308.1
5/1/2024 13:30,474,915,0,13.8,0.64,97.5,0.404,3.52,297.7
5/1/2024 13:45,475,889,0,13.9,0.64,97.5,0.402,3.98,291
5/1/2024 14:00,476,906,0,13.6,0.63,97.5,0.405,3.66,277.5
5/1/2024 14:15,477,893,0,14,0.63,97.5,0.395,3.37,273.6
5/1/2024 14:30,478,904,0,14.5,0.64,97.4,0.388,3.82,318.2
5/1/2024 14:45,479,863,0,14.8,0.64,97.4,0.38,3.54,303.3
5/1/2024 15:00,480,831,0,15,0.63,97.4,0.373,4.79,278.8
5/1/2024 15:15,481,773,0,14.9,0.62,97.4,0.362,4.29,273.8
5/1/2024 15:30,482,694,0,15.1,0.62,97.4,0.365,3.9,294.4
5/1/2024 15:45,483,792,0,15.3,0.63,97.4,0.363,3.88,295.4
5/1/2024 16:00,484,761,0,15.7,0.63,97.3,0.357,5.24,285.5
5/1/2024 16:15,485,655,0,15.6,0.63,97.3,0.357,4.55,289.3
5/1/2024 16:30,486,659,0,15.4,0.64,97.3,0.362,5.72,280.6
5/1/2024 16:45,487,614,0,15.5,0.64,97.3,0.363,5.27,276.7
5/1/2024 17:00,488,555,0,15.2,0.65,97.3,0.373,5.33,269
5/1/2024 17:15,489,516,0,15.1,0.63,97.3,0.367,5.43,269.8
5/1/2024 17:30,490,413,0,15.4,0.62,97.3,0.352,5.06,278
5/1/2024 17:45,491,408,0,15.2,0.62,97.3,0.36,5.22,271.1
5/1/2024 18:00,492,295,0,14.9,0.61,97.3,0.36,4.87,270.2
5/1/2024 18:15,493,322,0,15.1,0.61,97.3,0.356,4.9,271
5/1/2024 18:30,494,217,0,14.8,0.61,97.2,0.365,4.86,270.6
5/1/2024 18:45,495,150,0,14.4,0.61,97.2,0.37,4.66,266.4
5/1/2024 19:00,496,91,0,13.9,0.6,97.2,0.376,4.41,268
5/1/2024 19:15,497,65,0,13.9,0.59,97.2,0.373,4.86,276.6
5/1/2024 19:30,498,62,0,13.5,0.6,97.2,0.39,5.48,276.1
5/1/2024 19:45,499,22,0,12.5,0.61,97.2,0.422,3.89,268.5
5/1/2024 20:00,500,17,0,11.8,0.61,97.2,0.44,3.16,266.9
5/1/2024 20:15,501,15,0,11,0.61,97.2,0.467,2.52,261.8
5/1/2024 20:30,502,3,0,10.5,0.61,97.2,0.48,2.72,266
5/1/2024 20:45,503,0,0,9.9,0.6,97.3,0.492,2.65,269.4
5/1/2024 21:00,504,0,0,9.4,0.59,97.2,0.497,2.71,271.7
5/1/2024 21:15,505,0,0,9.3,0.56,97.2,0.479,3.2,276.5
5/1/2024 21:30,506,0,0,9.3,0.54,97.2,0.458,3.8,279.3
5/1/2024 21:45,507,0,0,9.1,0.54,97.2,0.464,3.65,277.2
5/1/2024 22:00,508,0,0,8.3,0.55,97.2,0.5,2.62,277.5
5/1/2024 22:15,509,0,0,7.9,0.54,97.2,0.504,2.39,283
5/1/2024 22:30,510,0,0,7.4,0.53,97.3,0.518,1.98,274.3
5/1/2024 22:45,511,0,0,6,0.53,97.3,0.568,0.98,231
5/1/2024 23:00,512,0,0,5.3,0.51,97.2,0.568,0.98,161.2
5/1/2024 23:15,513,0,0,5.9,0.48,97.2,0.52,1.58,209.9
5/1/2024 23:30,514,0,0,5.6,0.5,97.3,0.555,1.16,101.4
5/1/2024 23:45,515,0,0,5.9,0.51,97.2,0.556,1.01,119
5/2/2024 0:00,516,0,0,5.1,0.52,97.2,0.586,1.13,126.3
5/2/2024 0:15,517,0,0,5.4,0.51,97.2,0.57,1.03,163.9
5/2/2024 0:30,518,0,0,3.6,0.51,97.2,0.639,1.5,167
5/2/2024 0:45,519,0,0,1.8,0.47,97.3,0.678,1.71,172
5/2/2024 1:00,520,0,0,1.8,0.46,97.3,0.667,2.04,170
5/2/2024 1:15,521,0,0,1.9,0.46,97.3,0.651,1.8,167.9
5/2/2024 1:30,522,0,0,1.4,0.46,97.3,0.673,1.82,166.4
5/2/2024 1:45,523,0,0,1.6,0.46,97.3,0.664,1.87,165.9
5/2/2024 2:00,524,0,0,1.3,0.46,97.3,0.68,1.61,169.2
5/2/2024 2:15,525,0,0,0.7,0.45,97.3,0.691,1.55,170
5/2/2024 2:30,526,0,0,0.3,0.44,97.3,0.706,1.48,168.6
5/2/2024 2:45,527,0,0,0.3,0.45,97.2,0.724,1.54,172.3
5/2/2024 3:00,528,0,0,0.3,0.46,97.2,0.728,1.48,173.1
5/2/2024 3:15,529,0,0,0.1,0.46,97.2,0.753,1.4,173.4
5/2/2024 3:30,530,0,0,0.2,0.47,97.2,0.757,1.31,160.1
5/2/2024 3:45,531,0,0,0.1,0.47,97.2,0.773,1.41,166.3
5/2/2024 4:00,532,0,0,-0.1,0.47,97.2,0.771,1.46,167.2
5/2/2024 4:15,533,0,0,-0.3,0.47,97.2,0.787,1.59,168.7
5/2/2024 4:30,534,0,0,-0.8,0.46,97.2,0.804,1.73,166.8
5/2/2024 4:45,535,0,0,-1.1,0.45,97.2,0.806,1.77,171
5/2/2024 5:00,536,0,0,-0.8,0.45,97.2,0.784,1.95,171
5/2/2024 5:15,537,0,0,-0.2,0.46,97.2,0.765,2.36,170.4
5/2/2024 5:30,538,0,0,0.3,0.47,97.2,0.756,2.11,168.2
5/2/2024 5:45,539,0,0,0,0.48,97.2,0.781,1.89,169.4
5/2/2024 6:00,540,5,0,-0.5,0.47,97.2,0.795,1.66,171.5
5/2/2024 6:15,541,22,0,0.3,0.48,97.2,0.771,1.99,170.5
5/2/2024 6:30,542,46,0,1.2,0.52,97.2,0.779,1.7,172.9
5/2/2024 6:45,543,68,0,1.6,0.54,97.2,0.786,1.48,166.8
5/2/2024 7:00,544,94,0,2.5,0.56,97.2,0.763,1.81,157.7
5/2/2024 7:15,545,127,0,3.4,0.58,97.2,0.743,1.69,188.4
5/2/2024 7:30,546,164,0,4.2,0.59,97.2,0.723,2.36,179.2
5/2/2024 7:45,547,205,0,5.3,0.6,97.2,0.679,2.47,183.5
5/2/2024 8:00,548,247,0,6.3,0.62,97.2,0.648,2.4,193
5/2/2024 8:15,549,291,0,7.1,0.63,97.2,0.629,2.4,195.1
5/2/2024 8:30,550,336,0,7.8,0.65,97.3,0.61,1.97,205.8
5/2/2024 8:45,551,382,0,8.6,0.67,97.3,0.597,1.15,198.2
5/2/2024 9:00,552,427,0,9,0.69,97.3,0.602,0.96,100.1
5/2/2024 9:15,553,471,0,9.5,0.7,97.2,0.594,1.22,57.7
5/2/2024 9:30,554,515,0,9.6,0.7,97.2,0.584,1.64,64.1
5/2/2024 9:45,555,556,0,9.8,0.71,97.2,0.587,1.95,56.4
5/2/2024 10:00,556,597,0,10.1,0.73,97.2,0.588,1.95,49.8
5/2/2024 10:15,557,636,0,10.5,0.74,97.2,0.584,1.72,47.7
5/2/2024 10:30,558,675,0,11.1,0.76,97.2,0.577,2.09,57.4
5/2/2024 10:45,559,710,0,11.6,0.76,97.2,0.558,2.27,60
5/2/2024 11:00,560,742,0,12.2,0.77,97.2,0.542,2.25,68.5
5/2/2024 11:15,561,772,0,12.6,0.76,97.2,0.518,2.7,65.6
5/2/2024 11:30,562,802,0,13.3,0.75,97.2,0.495,2.12,73.9
5/2/2024 11:45,563,828,0,13.8,0.76,97.2,0.483,2.18,75.5
5/2/2024 12:00,564,850,0,14.3,0.73,97.2,0.45,1.99,63.2
5/2/2024 12:15,565,872,0,14.8,0.74,97.2,0.441,2.45,75.7
5/2/2024 12:30,566,890,0,14.9,0.71,97.2,0.42,2.19,84.5
5/2/2024 12:45,567,902,0,15.4,0.74,97.2,0.415,2.44,72.9
5/2/2024 13:00,568,918,0,15.4,0.72,97.2,0.416,2.41,69.1
5/2/2024 13:15,569,798,0,16,0.69,97.2,0.378,2.62,94.3
5/2/2024 13:30,570,879,0,16.3,0.73,97.2,0.391,2.95,91.2
5/2/2024 13:45,571,768,0,16.2,0.65,97.1,0.352,3.62,91.2
5/2/2024 14:00,572,661,0,16.4,0.6,97.1,0.32,2.68,100.7
5/2/2024 14:15,573,896,0,17.1,0.6,97.1,0.304,3.14,98.7
5/2/2024 14:30,574,925,0,17.1,0.56,97.1,0.289,2.14,102.8
5/2/2024 14:45,575,955,0,17.3,0.61,97.1,0.31,2.3,69
5/2/2024 15:00,576,587,0,17.4,0.54,97.1,0.269,2.65,142.3
5/2/2024 15:15,577,638,0,17.4,0.52,97.1,0.266,1.77,128.1
5/2/2024 15:30,578,847,0,18.1,0.53,97.1,0.258,1.93,174.5
5/2/2024 15:45,579,532,0,17.8,0.57,97.1,0.279,2.73,129.1
5/2/2024 16:00,580,418,0,17,0.6,97.1,0.313,2.87,92
5/2/2024 16:15,581,737,0,17.4,0.55,97.1,0.278,2.04,86.4
5/2/2024 16:30,582,723,0,18,0.56,97.1,0.27,1.76,64.8
5/2/2024 16:45,583,658,0,18.3,0.59,97.1,0.28,3.09,50.7
5/2/2024 17:00,584,562,0,18,0.56,97.1,0.27,2.05,74.8
5/2/2024 17:15,585,623,0,18.3,0.6,97.1,0.284,2.47,71.8
5/2/2024 17:30,586,563,0,18.2,0.59,97.1,0.283,2.49,66.5
5/2/2024 17:45,587,452,0,18,0.58,97.1,0.285,2.37,61.4
5/2/2024 18:00,588,386,0,18,0.58,97.1,0.278,2.2,35.1
5/2/2024 18:15,589,338,0,17.9,0.58,97.1,0.286,2.4,41.6
5/2/2024 18:30,590,293,0,17.9,0.58,97.1,0.283,2.79,53.9
5/2/2024 18:45,591,243,0,17.7,0.58,97.1,0.284,2.88,54
5/2/2024 19:00,592,197,0,17.5,0.57,97.1,0.287,2.49,41.1
5/2/2024 19:15,593,154,0,17.2,0.6,97.1,0.303,2.68,53.8
5/2/2024 19:30,594,116,0,16.9,0.62,97.1,0.321,1.87,55.2
5/2/2024 19:45,595,82,0,16.3,0.64,97.1,0.345,1.3,65.7
5/2/2024 20:00,596,51,0,15.6,0.67,97.1,0.379,1.37,52.3
5/2/2024 20:15,597,25,0,14.4,0.65,97.1,0.395,1.45,61.1
5/2/2024 20:30,598,6,0,13.7,0.62,97.1,0.398,1.56,64.8
5/2/2024 20:45,599,1,0,13.5,0.6,97.2,0.388,1.62,60.6
5/2/2024 21:00,600,0,0,12.9,0.58,97.2,0.392,1.67,64.6
5/2/2024 21:15,601,0,0,13,0.56,97.2,0.374,1.72,71.3
5/2/2024 21:30,602,0,0,12.6,0.56,97.2,0.386,1.86,72.5
5/2/2024 21:45,603,0,0,12,0.58,97.2,0.415,1.86,78.2
5/2/2024 22:00,604,0,0,12,0.58,97.2,0.414,1.63,82.8
5/2/2024 22:15,605,0,0,11.9,0.57,97.2,0.407,1.73,83.8
5/2/2024 22:30,606,0,0,11.2,0.56,97.2,0.427,1.37,84.5
5/2/2024 22:45,607,0,0,8.5,0.59,97.2,0.534,0.76,183.1
5/2/2024 23:00,608,0,0,10.4,0.56,97.2,0.446,1.43,92.3
5/2/2024 23:15,609,0,0,10.3,0.56,97.2,0.443,1.5,96.6
5/2/2024 23:30,610,0,0,7.7,0.59,97.2,0.561,0.62,215.4
5/2/2024 23:45,611,0,0,6.2,0.57,97.2,0.604,1.19,212.2
5/3/2024 0:00,612,0,0,6.8,0.55,97.2,0.56,0.73,335.9
5/3/2024 0:15,613,0,0,6.6,0.57,97.2,0.585,1.01,159.4
5/3/2024 0:30,614,0,0,6,0.58,97.3,0.62,0.98,146.9
5/3/2024 0:45,615,0,0,5.7,0.58,97.3,0.633,1.1,146.7
5/3/2024 1:00,616,0,0,5,0.56,97.3,0.648,1.15,170
5/3/2024 1:15,617,0,0,4.1,0.56,97.3,0.686,1.34,161.9
5/3/2024 1:30,618,0,0,3.7,0.55,97.3,0.692,1.61,156.3
5/3/2024 1:45,619,0,0,3.1,0.54,97.3,0.703,1.3,163.7
5/3/2024 2:00,620,0,0,2.4,0.53,97.3,0.723,1.9,165.5
5/3/2024 2:15,621,0,0,2.6,0.53,97.3,0.727,2.33,173.3
5/3/2024 2:30,622,0,0,2.2,0.54,97.3,0.754,1.88,177
5/3/2024 2:45,623,0,0,2.4,0.55,97.3,0.759,2.07,172.4
5/3/2024 3:00,624,0,0,2.2,0.55,97.3,0.775,1.87,173.9
5/3/2024 3:15,625,0,0,2.4,0.56,97.3,0.776,1.72,170.6
5/3/2024 3:30,626,0,0,2.5,0.58,97.3,0.79,1.45,176.5
5/3/2024 3:45,627,0,0,2.4,0.58,97.3,0.807,1.44,164.2
5/3/2024 4:00,628,0,0,2.3,0.59,97.3,0.812,1.01,169
5/3/2024 4:15,629,0,0,2.9,0.6,97.3,0.799,1.13,181.8
5/3/2024 4:30,630,0,0,2.4,0.61,97.3,0.841,1.43,177.1
5/3/2024 4:45,631,0,0,1.7,0.6,97.3,0.865,1.5,172.7
5/3/2024 5:00,632,0,0,1.5,0.59,97.4,0.864,1.37,166.4
5/3/2024 5:15,633,0,0,1.1,0.58,97.4,0.874,1.67,165.5
5/3/2024 5:30,634,0,0,0.9,0.57,97.4,0.872,1.49,178.2
5/3/2024 5:45,635,1,0,0.8,0.57,97.4,0.877,1.68,171.6
5/3/2024 6:00,636,5,0,0.6,0.57,97.4,0.885,1.71,174
5/3/2024 6:15,637,23,0,0.9,0.58,97.4,0.889,1.5,174.3
5/3/2024 6:30,638,48,0,1.1,0.6,97.4,0.911,1.45,172.8
5/3/2024 6:45,639,77,0,1.8,0.63,97.4,0.909,1.44,168.5
5/3/2024 7:00,640,109,0,3.1,0.68,97.4,0.895,1.53,191.7
5/3/2024 7:15,641,143,0,4.2,0.74,97.4,0.903,2.24,197.1
5/3/2024 7:30,642,179,0,5.3,0.78,97.3,0.876,2.67,195.3
5/3/2024 7:45,643,215,0,6.6,0.82,97.3,0.838,2.4,214.4
5/3/2024 8:00,644,250,0,7.6,0.84,97.3,0.804,3.02,227.7
5/3/2024 8:15,645,289,0,8,0.85,97.3,0.792,3.12,242.5
5/3/2024 8:30,646,334,0,8.3,0.85,97.4,0.782,3.12,248.3
5/3/2024 8:45,647,379,0,9,0.88,97.3,0.762,2.73,245.9
5/3/2024 9:00,648,425,0,9.7,0.87,97.3,0.728,3.24,254.6
5/3/2024 9:15,649,471,0,10.4,0.87,97.3,0.694,3.08,250.2
5/3/2024 9:30,650,515,0,10.8,0.86,97.3,0.661,3.19,265.6
5/3/2024 9:45,651,558,0,11.4,0.87,97.3,0.647,2.87,264.3
5/3/2024 10:00,652,598,0,12,0.86,97.3,0.608,2.98,274.6
5/3/2024 10:15,653,638,0,12.7,0.86,97.3,0.59,3.18,277.4
5/3/2024 10:30,654,663,0,12.9,0.85,97.3,0.569,3.2,271.5
5/3/2024 10:45,655,710,0,13.3,0.86,97.3,0.563,2.64,272.7
5/3/2024 11:00,656,746,0,13.7,0.86,97.3,0.551,2.28,279.1
5/3/2024 11:15,657,779,0,14.4,0.85,97.3,0.517,2.5,274.7
5/3/2024 11:30,658,737,0,14.7,0.87,97.3,0.514,2.45,265
5/3/2024 11:45,659,801,0,15.4,0.9,97.3,0.521,1.9,277.6
5/3/2024 12:00,660,773,0,15.5,0.85,97.3,0.483,2.05,280.2
5/3/2024 12:15,661,823,0,15.9,0.84,97.3,0.463,2.31,283.2
5/3/2024 12:30,662,908,0,16.5,0.88,97.3,0.466,1.8,264.9
5/3/2024 12:45,663,804,0,16.6,0.86,97.3,0.451,2.15,276.7
5/3/2024 13:00,664,879,0,17,0.78,97.2,0.401,2.29,242.9
5/3/2024 13:15,665,860,0,17.4,0.74,97.2,0.375,1.57,259.3
5/3/2024 13:30,666,885,0,17.6,0.75,97.2,0.378,1.83,275.6
5/3/2024 13:45,667,897,0,18,0.78,97.2,0.378,1.67,265.7
5/3/2024 14:00,668,899,0,18.2,0.78,97.2,0.369,1.89,238.9
5/3/2024 14:15,669,889,0,18.7,0.77,97.1,0.361,2.37,223.4
5/3/2024 14:30,670,715,0,18.6,0.77,97.1,0.363,2.62,225.3
5/3/2024 14:45,671,832,0,18.6,0.77,97.1,0.363,2.62,238.2
5/3/2024 15:00,672,847,0,19,0.81,97.1,0.373,3.7,267.5
5/3/2024 15:15,673,825,0,19.2,0.78,97,0.349,3.1,264.2
5/3/2024 15:30,674,782,0,19.4,0.76,97,0.336,2.63,232
5/3/2024 15:45,675,703,0,19.5,0.74,97,0.327,2.21,260.9
5/3/2024 16:00,676,624,0,19.7,0.73,96.9,0.319,2.67,221.4
5/3/2024 16:15,677,371,0,19.4,0.75,96.9,0.333,3.26,217.4
5/3/2024 16:30,678,572,0,19.6,0.73,96.9,0.323,2.36,242.6
5/3/2024 16:45,679,359,0,19.2,0.75,96.8,0.336,2.89,239.9
5/3/2024 17:00,680,651,0,20,0.77,96.8,0.332,3.28,246.7
5/3/2024 17:15,681,553,0,20.1,0.77,96.8,0.334,3.13,219.9
5/3/2024 17:30,682,483,0,20.1,0.79,96.8,0.337,2.99,202.7
5/3/2024 17:45,683,389,0,19.9,0.79,96.8,0.34,3.14,225.2
5/3/2024 18:00,684,227,0,19.1,0.84,96.7,0.378,2.51,213
5/3/2024 18:15,685,311,0,19.6,0.78,96.7,0.342,2.37,210
5/3/2024 18:30,686,200,0,19.3,0.81,96.7,0.362,2.47,220.1
5/3/2024 18:45,687,201,0,19.3,0.81,96.7,0.361,2.1,199.8
5/3/2024 19:00,688,115,0,18.6,0.83,96.6,0.385,2.44,207.5
5/3/2024 19:15,689,110,0,17.7,0.85,96.6,0.417,2.19,198.7
5/3/2024 19:30,690,83,0,17.8,0.82,96.6,0.4,2.25,185.7
5/3/2024 19:45,691,48,0,17.1,0.8,96.6,0.407,2.05,181
5/3/2024 20:00,692,25,0,15.8,0.8,96.6,0.445,1.82,174.5
5/3/2024 20:15,693,12,0,14.6,0.78,96.6,0.47,1.84,169.5
5/3/2024 20:30,694,2,0,14.2,0.77,96.6,0.478,2.4,165.7
5/3/2024 20:45,695,0,0,14.2,0.75,96.5,0.461,2.89,165.5
5/3/2024 21:00,696,0,0,14.3,0.74,96.5,0.458,3.49,167.4
5/3/2024 21:15,697,0,0,14.1,0.73,96.5,0.455,3.62,166.1
5/3/2024 21:30,698,0,0,14.5,0.72,96.5,0.437,4.13,161.8
5/3/2024 21:45,699,0,0,14.2,0.71,96.5,0.438,4.18,158.6
5/3/2024 22:00,700,0,0,14,0.71,96.4,0.443,4.32,160.1
5/3/2024 22:15,701,0,0,14,0.69,96.4,0.435,4.32,167.3
5/3/2024 22:30,702,0,0,13.8,0.69,96.4,0.434,4.05,173.2
5/3/2024 22:45,703,0,0,14.4,0.68,96.4,0.412,4.45,177.3
5/3/2024 23:00,704,0,0,14.5,0.67,96.4,0.404,5.02,180.2
5/3/2024 23:15,705,0,0,14.3,0.66,96.3,0.405,5.11,181.2
5/3/2024 23:30,706,0,0,0,0,0,0,0,0
5/3/2024 23:45,707,0,0,13.7,0.65,96.3,0.414,4.39,178.4
5/4/2024 0:00,708,0,0,13.3,0.64,96.3,0.417,4.8,180.5
5/4/2024 0:15,709,0,0,13.2,0.63,96.3,0.416,4.82,180.1
5/4/2024 0:30,710,0,0,13.2,0.63,96.3,0.413,4.99,178
5/4/2024 0:45,711,0,0,13.3,0.62,96.2,0.41,5.22,176.6
5/4/2024 1:00,712,0,0,13.3,0.63,96.2,0.411,4.69,178.7
5/4/2024 1:15,713,0,0,13.3,0.63,96.2,0.413,4.65,178.1
5/4/2024 1:30,714,0,0,13.2,0.63,96.2,0.416,4.81,177.3
5/4/2024 1:45,715,0,0,13.2,0.64,96.2,0.422,4.63,177
5/4/2024 2:00,716,0,0,13.2,0.64,96.1,0.422,4.96,175.5
5/4/2024 2:15,717,0,0,13.3,0.64,96.1,0.421,5.08,171.6
5/4/2024 2:30,718,0,0,13.4,0.65,96.1,0.423,5.23,173.4
5/4/2024 2:45,719,0,0,13.6,0.66,96.1,0.421,5.64,168.9
5/4/2024 3:00,720,0,0,13.7,0.66,96.1,0.42,5.57,172.2
5/4/2024 3:15,721,0,0,13.7,0.66,96,0.421,5.1,170.5
5/4/2024 3:30,722,0,0,13.4,0.66,96,0.427,4.92,170.6
5/4/2024 3:45,723,0,0,13.4,0.66,96,0.426,5.26,172.4
5/4/2024 4:00,724,0,0,13.4,0.65,96,0.425,5.13,175.8
5/4/2024 4:15,725,0,0,13.2,0.65,96,0.428,5.03,174.3
5/4/2024 4:30,726,0,0,13.2,0.65,96,0.43,5.41,175.1
5/4/2024 4:45,727,0,0,13.3,0.65,95.9,0.425,5.64,173
5/4/2024 5:00,728,0,0,13.3,0.64,95.9,0.421,5.46,174.1
5/4/2024 5:15,729,0,0,13.3,0.64,95.9,0.42,5.47,174.8
5/4/2024 5:30,730,0,0,13.2,0.64,95.9,0.421,5.11,175.4
5/4/2024 5:45,731,0,0,13.1,0.64,95.9,0.427,4.76,180.7
5/4/2024 6:00,732,0,0,13.3,0.64,95.9,0.42,4.47,182.9
5/4/2024 6:15,733,3,0,13.1,0.65,95.9,0.429,4.33,193.6
5/4/2024 6:30,734,7,0,13.2,0.65,95.9,0.428,4.42,182
5/4/2024 6:45,735,12,0,13.1,0.65,95.9,0.434,4.14,175
5/4/2024 7:00,736,13,0,13,0.66,95.9,0.437,3.93,176.2
5/4/2024 7:15,737,18,0,13,0.66,95.9,0.441,3.94,177.9
5/4/2024 7:30,738,26,0,13,0.67,96,0.451,3.78,175.7
5/4/2024 7:45,739,29,0,12.8,0.7,96,0.475,4.31,178.7
5/4/2024 8:00,740,38,0,12.4,0.73,95.9,0.504,4.35,171.2
5/4/2024 8:15,741,48,0,12.5,0.74,95.9,0.51,4.55,168.2
5/4/2024 8:30,742,60,0,12.6,0.76,95.9,0.524,3.92,174.9
5/4/2024 8:45,743,71,0,12.6,0.78,95.9,0.534,4.8,173.8
5/4/2024 9:00,744,86,0,12.7,0.8,95.9,0.545,4.58,167.5
5/4/2024 9:15,745,96,0,12.9,0.82,95.9,0.551,4.68,160.8
5/4/2024 9:30,746,85,0,13.5,0.85,95.8,0.548,4.49,162.8
5/4/2024 9:45,747,99,0,13.9,0.86,95.8,0.543,4.36,166.8
5/4/2024 10:00,748,120,0,14,0.87,95.8,0.541,4.27,163.9
5/4/2024 10:15,749,140,0,14.3,0.89,95.8,0.549,4.2,160
5/4/2024 10:30,750,120,0,14.6,0.91,95.8,0.549,4.45,164.9
5/4/2024 10:45,751,115,0,15.2,0.93,95.8,0.539,3.65,169.9
5/4/2024 11:00,752,132,0,15.5,0.96,95.8,0.55,3.68,167.4
5/4/2024 11:15,753,203,0,15.7,1,95.8,0.563,3.98,165.1
5/4/2024 11:30,754,284,0,16.6,1,95.8,0.527,4.22,174.7
5/4/2024 11:45,755,243,0,17.2,1.02,95.7,0.521,4.28,172.5
5/4/2024 12:00,756,241,0,17.5,1,95.7,0.502,3.72,185.3
5/4/2024 12:15,757,296,0,17.8,0.98,95.7,0.483,3.24,189.9
5/4/2024 12:30,758,242,0,17,1.01,95.7,0.523,1.87,229.3
5/4/2024 12:45,759,203,0,15.7,1.06,95.7,0.598,2.15,40.8
5/4/2024 13:00,760,293,0,14.6,1.09,95.7,0.657,3.7,16.9
5/4/2024 13:15,761,377,0,15.1,1.1,95.7,0.644,4.01,26.1
5/4/2024 13:30,762,391,0,15.2,1.12,95.7,0.65,4.06,31.1
5/4/2024 13:45,763,325,0,15.3,1.14,95.7,0.654,3.44,41.3
5/4/2024 14:00,764,341,0,14.7,1.18,95.7,0.702,4.16,21.8
5/4/2024 14:15,765,346,0,14.7,1.19,95.7,0.712,4.31,21.3
5/4/2024 14:30,766,342,0,14.5,1.19,95.7,0.719,4.68,21.9
5/4/2024 14:45,767,339,0,14.3,1.18,95.6,0.727,4.85,19.3
5/4/2024 15:00,768,237,0,13.9,1.17,95.6,0.736,4.65,22
5/4/2024 15:15,769,179,0,13.7,1.16,95.6,0.745,4.42,27.5
5/4/2024 15:30,770,202,0,13.2,1.16,95.6,0.767,4.92,23.5
5/4/2024 15:45,771,257,0,13.3,1.16,95.6,0.761,4.72,18.9
5/4/2024 16:00,772,249,0,13.3,1.17,95.6,0.766,4.93,27
5/4/2024 16:15,773,226,0,13.3,1.16,95.6,0.759,4.81,31.3
5/4/2024 16:30,774,218,0,13.3,1.15,95.6,0.753,5.12,28
5/4/2024 16:45,775,235,0,13.4,1.15,95.6,0.75,4.57,34.2
1/1/2000 0:15,776,0,0,0,0,0,0,0,0
1/1/2000 0:30,777,771,0.017,21.6,1.06,97.1,0.456,3.57,356.2
1/1/2000 0:45,778,605,0,21.6,1.1,97.1,0.43,2.65,337.2
1/1/2000 1:00,779,582,0,21.5,1.11,97.1,0.43,2.69,332.3
1/1/2000 1:15,780,736,0,22,1.1,97.1,0.418,2.76,332.6
1/1/2000 1:30,781,866,0,22.3,1.11,97.1,0.413,2.25,302.4
1/1/2000 1:45,782,872,0,22.8,1.14,97.1,0.41,2.36,338.8
1/1/2000 2:00,783,887,0,23.2,1.12,97.1,0.391,2.93,341.2
1/1/2000 2:15,784,897,0,23.6,1.11,97,0.376,3.96,331.6
1/1/2000 2:30,785,903,0,23.7,1.11,97,0.381,4.74,337.8
1/1/2000 2:45,786,905,0,23.6,1.13,97,0.386,4.86,344.8
1/1/2000 3:00,787,905,0,23.7,1.1,97,0.375,4.96,328.3
1/1/2000 3:15,788,899,0,23.9,1.12,97,0.376,5.52,337.4
1/1/2000 3:30,789,890,0,24.1,1.09,97,0.363,5.17,318.1
1/1/2000 3:45,790,877,0,24.4,1.14,97,0.377,4.79,334.6
1/1/2000 4:00,791,862,0,24.3,1.14,97,0.373,5.3,342.1
5/13/2024 14:45,792,860,0,24.9,1.11,96.9,0.358,5.59,326.9
5/13/2024 15:00,793,771,0,24.7,1.1,96.9,0.348,5.08,341.9
5/13/2024 15:15,794,686,0,24.3,1.11,96.9,0.364,5.51,347.9
5/13/2024 15:30,795,565,0,24.1,1.09,96.9,0.362,5.39,349.2
5/13/2024 15:45,796,616,0,24.4,1.12,96.9,0.367,4.77,355.2
5/13/2024 16:00,797,564,0,24.4,1.08,96.9,0.355,5.09,3
5/13/2024 16:15,798,639,0,24.7,1.06,96.9,0.343,5.56,7.9
5/13/2024 16:30,799,587,0,24.7,1.09,96.9,0.353,5.79,11.4
5/13/2024 16:45,800,458,0,24.4,1.08,96.9,0.351,6.33,12.9
5/13/2024 17:00,801,367,0,24,1.04,96.9,0.349,6.26,14.7
5/13/2024 17:15,802,287,0,23.5,1,96.9,0.345,7.01,13
5/13/2024 17:30,803,238,0,23.2,0.98,96.9,0.344,7.04,17.5
5/13/2024 17:45,804,207,0,22.6,0.96,96.9,0.351,6.85,12.5
5/13/2024 18:00,805,158,0,21.9,0.96,96.9,0.365,6.35,11.9
5/13/2024 18:15,806,148,0,21.4,1.01,96.9,0.395,6.49,14.9
5/13/2024 18:30,807,98,0,20.8,1.01,96.9,0.412,6.63,17.7
5/13/2024 18:45,808,130,0,20.5,1,96.9,0.416,6.81,17.1
5/13/2024 19:00,809,199,0,20.6,1.02,96.9,0.422,6.76,18.3
5/13/2024 19:15,810,131,0,20.2,1.01,96.9,0.428,6.54,17.6
5/13/2024 19:30,811,44,0,19.5,1.02,96.9,0.449,5.16,15.3
5/13/2024 19:45,812,40,0,18.7,1.03,96.9,0.477,4.38,14
5/13/2024 20:00,813,87,0,18.4,1.02,96.9,0.485,4.78,17.4
5/13/2024 20:15,814,69,0,18.2,1.01,97,0.487,4.99,20
5/13/2024 20:30,815,38,0,17.6,1.01,97,0.5,5.49,22.4
5/13/2024 20:45,816,9,0,17.2,0.99,97,0.506,4.29,30
5/13/2024 21:00,817,1,0,16.5,0.99,97,0.526,3.56,27.6
5/13/2024 21:15,818,0,0,16.1,0.97,97,0.53,3.62,34.5
5/13/2024 21:30,819,0,0,15.1,0.98,97.1,0.573,2.54,10.3
5/13/2024 21:45,820,0,0,14.2,1,97.1,0.616,2.28,9.1
5/13/2024 22:00,821,0,0,13.6,1,97.1,0.641,2.51,2.2
5/13/2024 22:15,822,0,0,13.5,0.98,97.1,0.636,3.14,14.6
5/13/2024 22:30,823,0,0,13.4,0.97,97.1,0.628,3.58,15.8
5/13/2024 22:45,824,0,0,13.4,0.96,97.1,0.627,3.92,15.7
5/13/2024 23:00,825,0,0,13.2,0.96,97.1,0.634,3.54,16.4
5/13/2024 23:15,826,0,0,12.9,0.96,97.1,0.644,3.87,15.6
5/13/2024 23:30,827,0,0,12.6,0.95,97.2,0.65,3.63,15.2
5/13/2024 23:45,828,0,0,12.2,0.94,97.2,0.665,3.34,13.2
5/14/2024 0:00,829,0,0,12,0.94,97.2,0.675,3.34,14.5
5/14/2024 0:15,830,0,0,11.8,0.94,97.2,0.682,3.07,9.8
5/14/2024 0:30,831,0,0,11.7,0.94,97.2,0.686,2.98,15.6
5/14/2024 0:45,832,0,0,11.5,0.93,97.2,0.685,2.86,14.7
5/14/2024 1:00,833,0,0,11.4,0.92,97.3,0.684,3.43,15.7
5/14/2024 1:15,834,0,0,11.2,0.92,97.3,0.69,3.17,18.1
5/14/2024 1:30,835,0,0,11.1,0.91,97.3,0.688,3.35,18.6
5/14/2024 1:45,836,0,0,10.9,0.9,97.3,0.691,3.07,15.8
5/14/2024 2:00,837,0,0,10.8,0.88,97.2,0.686,3.1,11.8
5/14/2024 2:15,838,0,0,10.8,0.88,97.2,0.678,3.31,13.2
5/14/2024 2:30,839,0,0,11.3,0.86,97.3,0.646,3.77,23.1
5/14/2024 2:45,840,0,0,11.7,0.86,97.3,0.626,4.29,21.4
5/14/2024 3:00,841,0,0,11.5,0.86,97.3,0.632,4.65,24.4
5/14/2024 3:15,842,0,0,11.5,0.85,97.3,0.63,4.91,25.8
5/14/2024 3:30,843,0,0,11.2,0.85,97.3,0.635,4.13,25
5/14/2024 3:45,844,0,0,11.1,0.84,97.3,0.64,4.01,24.1
5/14/2024 4:00,845,0,0,10.7,0.84,97.3,0.656,3.52,23.3
5/14/2024 4:15,846,0,0,10.3,0.84,97.4,0.674,2.66,21.2
5/14/2024 4:30,847,0,0,10.4,0.84,97.4,0.663,2.71,26.7
5/14/2024 4:45,848,0,0,10,0.84,97.4,0.681,2.5,21.5
5/14/2024 5:00,849,0,0,9.6,0.84,97.4,0.706,2.68,21.6
5/14/2024 5:15,850,0,0,9.5,0.84,97.4,0.711,3.06,21.4
5/14/2024 5:30,851,0,0,9.4,0.84,97.4,0.709,3.19,19.2
5/14/2024 5:45,852,5,0,9.2,0.84,97.4,0.719,3.02,17.5
5/14/2024 6:00,853,17,0,9,0.84,97.4,0.734,2.24,25.4
5/14/2024 6:15,854,32,0,8.9,0.85,97.5,0.75,1.75,34
5/14/2024 6:30,855,62,0,9.2,0.87,97.5,0.746,2.04,36.9
5/14/2024 6:45,856,91,0,10.2,0.9,97.5,0.724,2.31,26.1
5/14/2024 7:00,857,124,0,10.8,0.92,97.5,0.714,2.7,20.3
5/14/2024 7:15,858,157,0,11.4,0.94,97.5,0.699,3.12,23
5/14/2024 7:30,859,186,0,12.2,0.95,97.5,0.672,2.7,20.3
5/14/2024 7:45,860,225,0,12.7,0.98,97.5,0.667,2.79,12.2
5/14/2024 8:00,861,273,0,13.2,0.99,97.5,0.651,2.7,9.7
5/14/2024 8:15,862,322,0,13.9,1,97.6,0.628,2.54,9.8
5/14/2024 8:30,863,372,0,14.9,1.02,97.6,0.604,2.82,24
5/14/2024 8:45,864,414,0,15.6,1.03,97.6,0.583,2.92,37.6
5/14/2024 9:00,865,457,0,16.2,1.04,97.6,0.57,2.67,44.5
5/14/2024 9:15,866,501,0,16.7,1.04,97.6,0.548,2.99,54.6
5/14/2024 9:30,867,545,0,17.4,1.03,97.6,0.519,3.22,71.9
5/14/2024 9:45,868,587,0,17.8,1.04,97.6,0.511,3.14,71.5
5/14/2024 10:00,869,625,0,18.4,1.05,97.6,0.503,3.22,71.1
5/14/2024 10:15,870,659,0,19,1.07,97.6,0.484,2.73,69.9
5/14/2024 10:30,871,694,0,19.4,1.08,97.6,0.48,2.37,76.1
5/14/2024 10:45,872,728,0,19.9,1.07,97.6,0.459,2.41,64.2
5/14/2024 11:00,873,758,0,20.5,1.05,97.6,0.435,2.75,69.3
5/14/2024 11:15,874,789,0,20.5,1.03,97.6,0.428,2.61,71.6
5/14/2024 11:30,875,807,0,20.8,1.02,97.6,0.414,2.16,40.5
5/14/2024 11:45,876,820,0,21.2,1.01,97.6,0.395,2.46,28.8
5/14/2024 12:00,877,862,0,21.4,0.99,97.6,0.386,1.65,29.8
5/14/2024 12:15,878,882,0,21.7,0.99,97.6,0.379,1.58,32.2
5/14/2024 12:30,879,898,0,22,0.98,97.6,0.375,2.33,50.9
5/14/2024 12:45,880,890,0,22,0.97,97.5,0.367,2.09,60
5/14/2024 13:00,881,914,0,22.2,0.95,97.5,0.358,2.06,43.8
5/14/2024 13:15,882,852,0,22.5,0.95,97.5,0.351,2.05,31.7
5/14/2024 13:30,883,835,0,22.8,0.95,97.5,0.346,2.67,47
5/14/2024 13:45,884,870,0,22.9,0.97,97.5,0.344,2.2,40.9
5/14/2024 14:00,885,873,0,22.9,0.94,97.5,0.338,1.9,358.8
5/14/2024 14:15,886,898,0,23.3,0.93,97.5,0.324,2.5,37.5
5/14/2024 14:30,887,887,0,23.6,0.94,97.5,0.325,2.51,50.9
5/14/2024 14:45,888,837,0,23.6,0.98,97.5,0.336,3.42,356.3
5/14/2024 15:00,889,843,0,23.8,1,97.5,0.345,3.01,327.1
5/14/2024 15:15,890,809,0,24.1,1,97.4,0.329,3.71,0.5
5/14/2024 15:30,891,757,0,23.9,0.97,97.4,0.327,1.83,23.6
5/14/2024 15:45,892,603,0,23.9,0.94,97.4,0.315,2.96,8.1
5/14/2024 16:00,893,711,0,24.2,0.99,97.4,0.327,2.99,347.2
5/14/2024 16:15,894,653,0,24.6,0.96,97.4,0.312,3.2,4.1
5/14/2024 16:30,895,560,0,24.5,0.94,97.4,0.306,3.34,6.4
5/14/2024 16:45,896,428,0,24.2,0.93,97.4,0.307,3.37,9.4
5/14/2024 17:00,897,539,0,24.4,0.92,97.4,0.302,2.76,8.8
5/14/2024 17:15,898,512,0,24.4,0.92,97.4,0.302,2.43,45
5/14/2024 17:30,899,529,0,24.9,0.94,97.3,0.298,2.25,6.2
5/14/2024 17:45,900,479,0,25,0.95,97.3,0.301,1.42,3.7
5/14/2024 18:00,901,435,0,25.1,0.95,97.3,0.302,1.98,357.6
5/14/2024 18:15,902,371,0,24.7,0.94,97.3,0.305,2.03,344.3
5/14/2024 18:30,903,334,0,24.8,1,97.3,0.319,2.08,350.4
5/14/2024 18:45,904,310,0,24.6,1,97.3,0.324,2.65,305
5/14/2024 19:00,905,297,0,24.6,0.93,97.3,0.299,2.13,300.5
5/14/2024 19:15,906,204,0,24.6,0.96,97.3,0.311,2.06,306.7
5/14/2024 19:30,907,140,0,23.8,1.02,97.3,0.347,2.4,292.7
5/14/2024 19:45,908,103,0,22.7,1.09,97.3,0.393,2.45,288.2
5/14/2024 20:00,909,67,0,21.9,1.09,97.3,0.414,2.88,282.3
5/14/2024 20:15,910,59,0,21.2,1.08,97.3,0.43,2.41,280.3
5/14/2024 20:30,911,27,0,20.2,1.08,97.3,0.456,2.32,280.5
5/14/2024 20:45,912,8,0,19.3,1.07,97.3,0.479,2.2,277.3
5/14/2024 21:00,913,1,0,18.4,1.07,97.3,0.508,1.72,294.5
5/14/2024 21:15,914,0,0,17.9,1.06,97.4,0.521,1.72,2.1
5/14/2024 21:30,915,0,0,17.9,1.05,97.4,0.517,1.47,303.5
5/14/2024 21:45,916,0,0,17.5,1.06,97.4,0.529,1.21,288.5
5/14/2024 22:00,917,0,0,16.7,1.06,97.4,0.561,1.73,14.1
5/14/2024 22:15,918,0,0,16.1,1.06,97.4,0.576,1.36,5.2
5/14/2024 22:30,919,0,0,16.7,1.03,97.4,0.541,1.78,4.9
5/14/2024 22:45,920,0,0,15.4,1.01,97.4,0.576,1.96,346.9
5/14/2024 23:00,921,0,0,15.2,0.99,97.4,0.57,2.18,350.6
5/14/2024 23:15,922,0,0,14.9,0.97,97.4,0.575,2.55,350.8
5/14/2024 23:30,923,0,0,15.1,0.96,97.4,0.559,2.89,1.9
5/14/2024 23:45,924,0,0,14.7,0.95,97.4,0.568,2.33,8.5
5/15/2024 0:00,925,0,0,14.4,0.94,97.4,0.575,2.14,356.8
5/15/2024 0:15,926,0,0,14,0.95,97.4,0.595,1.63,336.6
5/15/2024 0:30,927,0,0,14,0.94,97.4,0.584,1.78,350.4
5/15/2024 0:45,928,0,0,14.2,0.93,97.4,0.579,2.08,349.8
5/15/2024 1:00,929,0,0,13.6,0.94,97.4,0.602,1.98,349.9
5/15/2024 1:15,930,0,0,13.8,0.92,97.4,0.583,2.37,357.5
5/15/2024 1:30,931,0,0,12.7,0.91,97.4,0.62,1.7,5
5/15/2024 1:45,932,0,0,12.3,0.9,97.4,0.626,1.18,6.6
5/15/2024 2:00,933,0,0,11.8,0.89,97.4,0.643,0.64,18.7
5/15/2024 2:15,934,0,0,11.9,0.88,97.4,0.635,1.32,40.6
5/15/2024 2:30,935,0,0,12,0.88,97.4,0.631,1.16,14.3
5/15/2024 2:45,936,0,0,11.5,0.89,97.4,0.659,1.48,11.2
5/15/2024 3:00,937,0,0,11.7,0.89,97.4,0.65,1.9,13
5/15/2024 3:15,938,0,0,11.4,0.89,97.4,0.658,1.76,14.8
5/15/2024 3:30,939,0,0,11.3,0.88,97.4,0.659,1.41,8.4
5/15/2024 3:45,940,0,0,11.5,0.88,97.4,0.65,2.27,11.2
5/15/2024 4:00,941,0,0,12.1,0.89,97.4,0.63,2.57,23.4
5/15/2024 4:15,942,0,0,11.6,0.89,97.4,0.653,1.69,40.4
5/15/2024 4:30,943,0,0,11.9,0.89,97.4,0.64,2.12,21.8
5/15/2024 4:45,944,0,0,11.7,0.89,97.4,0.648,1.8,30.1
5/15/2024 5:00,945,0,0,11.6,0.89,97.4,0.649,2.11,34
5/15/2024 5:15,946,0,0,11.6,0.89,97.4,0.653,2.12,29.6
5/15/2024 5:30,947,0,0,12.2,0.89,97.4,0.631,2.03,46.7
5/15/2024 5:45,948,3,0,11.5,0.91,97.4,0.669,1.53,2.2
5/15/2024 6:00,949,10,0,10.9,0.92,97.5,0.705,1.11,1
5/15/2024 6:15,950,24,0,10.2,0.92,97.5,0.745,0.99,272.5
5/15/2024 6:30,951,42,0,10.6,0.92,97.4,0.726,1.14,318.2
5/15/2024 6:45,952,63,0,10.5,0.94,97.4,0.744,0.79,241.6
5/15/2024 7:00,953,85,0,11,0.97,97.4,0.739,1.01,251
5/15/2024 7:15,954,105,0,11.6,0.99,97.5,0.72,0.96,307
5/15/2024 7:30,955,156,0,12.6,1,97.5,0.686,1.12,282.6
5/15/2024 7:45,956,222,0,13.7,1.03,97.5,0.658,1.96,294.4
5/15/2024 8:00,957,195,0,13.9,1.04,97.5,0.654,2.23,292.9
5/15/2024 8:15,958,272,0,14,1.07,97.5,0.667,2.23,294.6
5/15/2024 8:30,959,304,0,14.6,1.1,97.5,0.665,2.42,292.7
5/15/2024 8:45,960,329,0,15.2,1.12,97.5,0.645,2.97,290.4
5/15/2024 9:00,961,339,0,15.5,1.12,97.5,0.639,2.84,288.2
5/15/2024 9:15,962,383,0,15.9,1.13,97.5,0.63,2.98,291
5/15/2024 9:30,963,466,0,16.5,1.14,97.5,0.609,3.03,289.3
5/15/2024 9:45,964,493,0,17.2,1.15,97.5,0.584,3.69,288.6
5/15/2024 10:00,965,511,0,17.7,1.15,97.5,0.569,3.32,289
5/15/2024 10:15,966,608,0,18.5,1.14,97.4,0.538,3.15,287.1
5/15/2024 10:30,967,696,0,18.9,1.15,97.4,0.523,2.82,286
5/15/2024 10:45,968,666,0,19.6,1.15,97.4,0.511,2.58,291.7
5/15/2024 11:00,969,666,0,19.9,1.16,97.4,0.502,2.83,288.3
5/15/2024 11:15,970,749,0,20.4,1.15,97.4,0.48,2.3,298.7
5/15/2024 11:30,971,816,0,21.2,1.18,97.4,0.469,2.47,298.8
5/15/2024 11:45,972,798,0,21.7,1.19,97.4,0.458,2.9,297
5/15/2024 12:00,973,849,0,22.1,1.18,97.4,0.439,3.09,318.8
5/15/2024 12:15,974,831,0,22.6,1.19,97.4,0.436,2.88,318.9
5/15/2024 12:30,975,892,0,22.8,1.15,97.4,0.416,3.12,312.7
5/15/2024 12:45,976,891,0,23.1,1.15,97.4,0.409,3.14,314.3
5/15/2024 13:00,977,891,0,23,1.14,97.4,0.401,2.63,312.5
5/15/2024 13:15,978,880,0,23.4,1.15,97.4,0.397,2.82,316
5/15/2024 13:30,979,897,0,23.5,1.15,97.3,0.398,3.2,287.5
5/15/2024 13:45,980,873,0,23.8,1.16,97.3,0.392,2.5,292.2
5/15/2024 14:00,981,837,0,24.1,1.18,97.3,0.398,2.87,287.8
5/15/2024 14:15,982,833,0,24.3,1.19,97.3,0.397,2.74,278.4
5/15/2024 14:30,983,811,0,24.6,1.21,97.2,0.387,2.79,271.1
5/15/2024 14:45,984,772,0,24.6,1.19,97.2,0.384,2.92,287.5
5/15/2024 15:00,985,762,0,24.9,1.23,97.2,0.385,3.26,271
5/15/2024 15:15,986,782,0,24.9,1.22,97.2,0.392,3.46,265.3
5/15/2024 15:30,987,707,0,25.2,1.23,97.1,0.385,3.13,269.2
5/15/2024 15:45,988,685,0,25.2,1.24,97.1,0.387,3.38,264.5
5/15/2024 16:00,989,633,0,25.4,1.25,97.1,0.388,2.89,280.7
5/15/2024 16:15,990,694,0,25.9,1.28,97.1,0.382,2.94,274.9
5/15/2024 16:30,991,619,0,25.9,1.29,97.1,0.387,2.85,270.5
5/15/2024 16:45,992,600,0,25.8,1.29,97.1,0.386,2.91,262.9
5/15/2024 17:00,993,542,0,25.8,1.29,97,0.392,3.1,272.3
5/15/2024 17:15,994,479,0,25.6,1.29,97,0.395,3.53,271.4
5/15/2024 17:30,995,425,0,25.4,1.25,97,0.389,3.2,264.1
5/15/2024 17:45,996,411,0,25.5,1.27,97,0.393,3.14,263.7
5/15/2024 18:00,997,389,0,25.6,1.29,97,0.394,3.47,268.2
5/15/2024 18:15,998,341,0,25.5,1.28,97,0.392,3.18,266.5
5/15/2024 18:30,999,300,0,25.2,1.3,97,0.404,3.28,265.6
5/15/2024 18:45,1000,263,0,25.2,1.31,96.9,0.409,3.01,265.2
5/15/2024 19:00,1001,212,0,25.1,1.3,96.9,0.409,3.23,268.2
5/15/2024 19:15,1002,170,0,24.9,1.3,96.9,0.415,2.87,275.3
5/15/2024 19:30,1003,128,0,24.5,1.33,96.9,0.434,2.53,273
5/15/2024 19:45,1004,65,0,23.6,1.32,96.9,0.451,2.26,269.8
5/15/2024 20:00,1005,35,0,22.6,1.33,96.9,0.488,1.99,280.4
5/15/2024 20:15,1006,18,0,21.5,1.34,96.9,0.524,1.77,295.3
5/15/2024 20:30,1007,11,0,20.8,1.33,96.9,0.542,1.77,302.3
5/15/2024 20:45,1008,3,0,20.1,1.3,96.9,0.551,1.69,356.2
5/15/2024 21:00,1009,0,0,19.7,1.29,96.9,0.559,1.13,342.3
5/15/2024 21:15,1010,0,0,20.5,1.17,96.9,0.483,2.23,347.2
5/15/2024 21:30,1011,0,0,20.3,1.12,96.9,0.473,3.45,11.7
5/15/2024 21:45,1012,0,0,20.1,1.12,96.9,0.475,3.29,13.9
5/15/2024 22:00,1013,0,0,19.8,1.11,96.9,0.479,3.26,12.7
5/15/2024 22:15,1014,0,0,19.8,1.09,96.9,0.473,3.92,18.5
5/15/2024 22:30,1015,0,0,19.6,1.08,96.9,0.476,3.86,22.8
5/15/2024 22:45,1016,0,0,19.4,1.08,96.9,0.482,3.75,17.6
5/15/2024 23:00,1017,0,0,18.9,1.08,96.9,0.496,3.65,15.3
5/15/2024 23:15,1018,0,0,18.3,1.07,96.9,0.512,2.61,5.1
5/15/2024 23:30,1019,0,0,16.8,1.09,96.9,0.572,1.75,308.8
5/15/2024 23:45,1020,0,0,16.7,1.06,96.9,0.559,1.93,342
5/16/2024 0:00,1021,0,0,15.6,1.06,96.9,0.6,1.62,344.9
5/16/2024 0:15,1022,0,0,15.4,1.06,96.9,0.603,1.41,342.5
5/16/2024 0:30,1023,0,0,15.4,1.05,96.9,0.601,1.65,340.7
5/16/2024 0:45,1024,0,0,15.2,1.03,96.9,0.598,1.91,346.3
5/16/2024 1:00,1025,0,0,16,1.01,96.9,0.557,1.92,356.1
5/16/2024 1:15,1026,0,0,15.5,1.01,96.9,0.58,1.43,326
5/16/2024 1:30,1027,0,0,15.8,1,96.8,0.56,1.5,345.4
5/16/2024 1:45,1028,0,0,16.5,0.98,96.8,0.518,2.35,3.8
5/16/2024 2:00,1029,0,0,16.3,0.99,96.8,0.534,2.32,10.3
5/16/2024 2:15,1030,0,0,16.3,0.99,96.8,0.535,2.1,356.4
5/16/2024 2:30,1031,0,0,15.8,1,96.8,0.559,1.59,356.3
5/16/2024 2:45,1032,0,0,15.3,1,96.8,0.576,1.58,341.7
5/16/2024 3:00,1033,0,0,15.3,1,96.8,0.578,2.07,348
5/16/2024 3:15,1034,0,0,15.1,1.02,96.8,0.593,2.24,350.5
5/16/2024 3:30,1035,0,0,14.4,1.03,96.8,0.626,1.23,339.8
5/16/2024 3:45,1036,0,0,15.1,1,96.8,0.579,1.41,336.1
5/16/2024 4:00,1037,0,0,15.5,0.98,96.8,0.556,0.95,315.6
5/16/2024 4:15,1038,0,0,14.5,0.98,96.8,0.596,0.72,229.4
5/16/2024 4:30,1039,0,0,14.1,0.97,96.8,0.597,1.43,26
5/16/2024 4:45,1040,0,0,13.2,0.99,96.8,0.655,1.58,292.4
5/16/2024 5:00,1041,0,0,12.6,1,96.7,0.685,0.98,322.5
5/16/2024 5:15,1042,0,0,13,1.01,96.7,0.676,1.14,283.6
5/16/2024 5:30,1043,0,0,12.6,1.01,96.7,0.694,1.29,273.3
5/16/2024 5:45,1044,3,0,12.1,1.01,96.7,0.719,1.36,270.1
5/16/2024 6:00,1045,6,0,12.3,1.01,96.7,0.716,1.98,297.6
5/16/2024 6:15,1046,14,0,12.3,1.03,96.7,0.718,2.31,298.2
5/16/2024 6:30,1047,32,0,12.2,1.04,96.7,0.734,2.12,293.9
5/16/2024 6:45,1048,80,0,12.7,1.08,96.7,0.737,1.13,306.1
5/16/2024 7:00,1049,119,0,13.2,1.14,96.7,0.752,1.51,286.5
5/16/2024 7:15,1050,145,0,13.9,1.18,96.7,0.744,1.34,315.6
5/16/2024 7:30,1051,199,0,14.6,1.22,96.7,0.732,1.9,301.4
5/16/2024 7:45,1052,239,0,15.2,1.23,96.7,0.709,1.67,298
5/16/2024 8:00,1053,281,0,16,1.26,96.7,0.695,1.71,287.5
5/16/2024 8:15,1054,325,0,16.8,1.29,96.7,0.672,2.68,318.2
5/16/2024 8:30,1055,371,0,17.8,1.29,96.7,0.634,3.25,326.3
5/16/2024 8:45,1056,418,0,18.4,1.27,96.7,0.599,3.78,335.5
5/16/2024 9:00,1057,461,0,18.8,1.25,96.7,0.581,3.63,339.2
5/16/2024 9:15,1058,501,0,19.7,1.27,96.7,0.556,2.86,321.3
5/16/2024 9:30,1059,546,0,20.5,1.25,96.7,0.519,4.73,337.3
5/16/2024 9:45,1060,590,0,20.8,1.19,96.7,0.485,5.36,331.4
5/16/2024 10:00,1061,628,0,21.1,1.21,96.7,0.483,4.57,315.5
5/16/2024 10:15,1062,664,0,21.1,1.21,96.7,0.481,4.44,300
5/16/2024 10:30,1063,699,0,21.5,1.21,96.7,0.47,3.77,301.6
5/16/2024 10:45,1064,741,0,22.1,1.23,96.7,0.464,4.59,311.7
5/16/2024 11:00,1065,779,0,22.4,1.23,96.7,0.454,5.01,317.9
5/16/2024 11:15,1066,812,0,22.5,1.23,96.6,0.451,5.16,310.7
5/16/2024 11:30,1067,827,0,22.8,1.23,96.6,0.439,5.9,317.6
5/16/2024 11:45,1068,793,0,23.1,1.22,96.6,0.432,5.04,311.7
5/16/2024 12:00,1069,869,0,23.7,1.22,96.6,0.413,4.9,313.8
5/16/2024 12:15,1070,883,0,24.2,1.2,96.6,0.4,5.24,333.6
5/16/2024 12:30,1071,896,0,24.3,1.2,96.6,0.393,5.02,339
5/16/2024 12:45,1072,907,0,24.7,1.16,96.6,0.371,5.28,331.8
5/16/2024 13:00,1073,913,0,25,1.12,96.6,0.352,5.12,331.3
5/16/2024 13:15,1074,917,0,25.2,1.09,96.6,0.341,5.81,0.6
5/16/2024 13:30,1075,922,0,25.4,1.09,96.6,0.338,5.72,350.7
5/16/2024 13:45,1076,916,0,25.2,1.08,96.6,0.335,6.08,350.5
5/16/2024 14:00,1077,907,0,25.7,1.07,96.6,0.321,5.46,1.3
5/16/2024 14:15,1078,887,0,26,1.02,96.5,0.303,5.96,13.1
5/16/2024 14:30,1079,881,0,26,1.08,96.5,0.323,5.14,3.1
5/16/2024 14:45,1080,861,0,25.9,1.12,96.5,0.332,5.21,357.6
5/16/2024 15:00,1081,838,0,26.5,1.15,96.5,0.335,4.29,329.4
5/16/2024 15:15,1082,817,0,26.1,1.18,96.5,0.351,5.08,346
5/16/2024 15:30,1083,796,0,26.4,1.17,96.5,0.339,4.85,340.5
5/16/2024 15:45,1084,764,0,26.5,1.17,96.5,0.34,4.73,349.4
5/16/2024 16:00,1085,730,0,26.4,1.19,96.4,0.344,5.12,12.8
5/16/2024 16:15,1086,692,0,26.1,1.18,96.4,0.355,5.88,20.9
5/16/2024 16:30,1087,648,0,25.9,1.22,96.4,0.365,5.84,18.7
5/16/2024 16:45,1088,615,0,25.7,1.21,96.4,0.366,6.19,14.9
5/16/2024 17:00,1089,569,0,25.2,1.23,96.4,0.384,6.65,24.1
5/16/2024 17:15,1090,523,0,24.6,1.21,96.4,0.394,6.45,26.5
5/16/2024 17:30,1091,483,0,24.3,1.2,96.4,0.397,6.55,26.1
5/16/2024 17:45,1092,436,0,23.8,1.18,96.4,0.399,6.16,30
5/16/2024 18:00,1093,395,0,23.9,1.18,96.4,0.399,6.44,18
5/16/2024 18:15,1094,353,0,23.8,1.17,96.4,0.401,6.42,14.9
5/16/2024 18:30,1095,305,0,23.1,1.16,96.4,0.41,6.47,16.2
5/16/2024 18:45,1096,269,0,22.6,1.15,96.4,0.416,6.95,12.2
5/16/2024 19:00,1097,210,0,22,1.14,96.4,0.431,6.92,15.5
5/16/2024 19:15,1098,145,0,20.9,1.1,96.4,0.446,6.67,17.2
5/16/2024 19:30,1099,53,0,20.1,1.07,96.4,0.454,6.62,17.8
5/16/2024 19:45,1100,30,0,19.4,1.04,96.4,0.46,6.86,18.3
5/16/2024 20:00,1101,35,0,18.8,1,96.4,0.462,6.15,17.9
5/16/2024 20:15,1102,33,0,18.5,0.97,96.4,0.456,6.19,16.7
5/16/2024 20:30,1103,25,0,18.2,0.96,96.4,0.463,5.77,17.4
5/16/2024 20:45,1104,5,0,17.8,0.95,96.4,0.467,6.01,13.6
5/16/2024 21:00,1105,0,0,17.4,0.93,96.4,0.465,6.62,16.1
5/16/2024 21:15,1106,0,0,17,0.92,96.5,0.475,5.51,13.8
5/16/2024 21:30,1107,0,0,16.7,0.9,96.5,0.477,6.44,13.4
5/16/2024 21:45,1108,0,0,16.2,0.89,96.5,0.481,5.52,14.4
5/16/2024 22:00,1109,0,0,15.9,0.87,96.5,0.481,5.11,12.7
5/16/2024 22:15,1110,0,0,15.4,0.86,96.5,0.49,3.91,8
5/16/2024 22:30,1111,0,0,14.9,0.82,96.5,0.485,4.5,6.9
5/16/2024 22:45,1112,0,0,14.3,0.8,96.5,0.487,4.53,6.5
5/16/2024 23:00,1113,0,0,14.1,0.79,96.5,0.492,4.63,9.7
5/16/2024 23:15,1114,0,0,13.8,0.81,96.5,0.512,5.5,17.4
5/16/2024 23:30,1115,0,0,13.4,0.8,96.5,0.521,4.64,6
5/16/2024 23:45,1116,0,0,13.1,0.8,96.5,0.532,3.87,351.4
5/17/2024 0:00,1117,0,0,13.1,0.8,96.5,0.531,3.55,344.2
5/17/2024 0:15,1118,0,0,13.4,0.76,96.5,0.498,4.49,1.8
5/17/2024 0:30,1119,0,0,13.3,0.75,96.5,0.492,4.67,357.9
5/17/2024 0:45,1120,0,0,13.1,0.76,96.5,0.503,5.56,3.8
5/17/2024 1:00,1121,0,0,12.8,0.77,96.5,0.523,5.42,10.8
5/17/2024 1:15,1122,0,0,12.6,0.76,96.5,0.52,6.24,4.7
5/17/2024 1:30,1123,0,0,12.2,0.74,96.5,0.517,6.99,8
5/17/2024 1:45,1124,0,0,11.5,0.72,96.5,0.529,5.44,6.8
5/17/2024 2:00,1125,0,0,11.1,0.69,96.6,0.526,4.36,355.1
5/17/2024 2:15,1126,0,0,11.1,0.65,96.6,0.496,4.95,3.5
5/17/2024 2:30,1127,0,0,11,0.64,96.6,0.489,5.72,3.1
5/17/2024 2:45,1128,0,0,10.7,0.64,96.6,0.494,5.82,4.8
5/17/2024 3:00,1129,0,0,10.4,0.64,96.6,0.507,4.79,5.2
5/17/2024 3:15,1130,0,0,10,0.64,96.6,0.52,3.8,359.1
5/17/2024 3:30,1131,0,0,9.9,0.64,96.6,0.529,6.48,10.3
5/17/2024 3:45,1132,0,0,10.5,0.64,96.7,0.506,6.77,22.2
5/17/2024 4:00,1133,0,0,10.1,0.64,96.7,0.514,4.63,53.7
5/17/2024 4:15,1134,0,0,9.8,0.63,96.7,0.52,9.04,6.3
5/17/2024 4:30,1135,0,0,9.4,0.63,96.7,0.532,7.97,5.8
5/17/2024 4:45,1136,0,0,9.5,0.6,96.7,0.508,10.01,9.1
5/17/2024 5:00,1137,0,0,9.4,0.57,96.8,0.485,8.81,9.3
5/17/2024 5:15,1138,0,0,9.4,0.57,96.8,0.484,8.7,10.8
5/17/2024 5:30,1139,1,0,9,0.59,96.8,0.515,8.92,12
5/17/2024 5:45,1140,6,0,8.5,0.59,96.9,0.537,7.89,8.2
5/17/2024 6:00,1141,23,0,8.3,0.6,96.9,0.546,7.93,8
5/17/2024 6:15,1142,45,0,8.4,0.61,96.9,0.554,7.49,4.4
5/17/2024 6:30,1143,70,0,8.3,0.62,97,0.568,5.95,358.1
5/17/2024 6:45,1144,98,0,8.2,0.64,97,0.586,5.65,351.7
5/17/2024 7:00,1145,131,0,8.3,0.65,97,0.597,5.93,350.8
5/17/2024 7:15,1146,168,0,8.6,0.66,97,0.594,6.54,355.7
5/17/2024 7:30,1147,206,0,8.9,0.67,97,0.591,6.63,357.6
5/17/2024 7:45,1148,248,0,9.2,0.69,97,0.589,6.5,357.7
5/17/2024 8:00,1149,294,0,9.6,0.7,97,0.582,7.01,359.1
5/17/2024 8:15,1150,339,0,10.1,0.71,97,0.573,6.72,357.5
5/17/2024 8:30,1151,383,0,10.6,0.72,97.1,0.56,6.5,7.6
5/17/2024 8:45,1152,424,0,11.1,0.7,97.1,0.531,7.87,12.4
5/17/2024 9:00,1153,471,0,11.5,0.69,97.1,0.514,7.12,13.6
5/17/2024 9:15,1154,517,0,12,0.71,97.1,0.51,6.79,5.3
5/17/2024 9:30,1155,562,0,11.9,0.7,97.1,0.505,7.57,0.1
5/17/2024 9:45,1156,605,0,12.1,0.69,97.1,0.489,7.51,359.9
5/17/2024 10:00,1157,646,0,12.4,0.69,97.1,0.479,8.12,358.5
5/17/2024 10:15,1158,684,0,13.3,0.69,97.1,0.458,7.34,1.7
5/17/2024 10:30,1159,718,0,13.9,0.69,97.2,0.43,7.21,11.2
5/17/2024 10:45,1160,750,0,14.3,0.67,97.2,0.416,7.48,15.2
5/17/2024 11:00,1161,785,0,14.4,0.67,97.2,0.406,7.62,7.5
5/17/2024 11:15,1162,813,0,14.7,0.65,97.2,0.383,7.76,4.2
5/17/2024 11:30,1163,842,0,15,0.65,97.2,0.38,6.94,357.4
5/17/2024 11:45,1164,864,0,15.4,0.65,97.2,0.378,5.83,359.5
5/17/2024 12:00,1165,886,0,15.6,0.64,97.2,0.363,5.64,3.1
5/17/2024 12:15,1166,910,0,15.5,0.59,97.2,0.334,4.71,359.2
5/17/2024 12:30,1167,928,0,15.7,0.62,97.3,0.349,4.83,354.2
5/17/2024 12:45,1168,968,0,16.5,0.66,97.3,0.359,4.47,1.4
5/17/2024 13:00,1169,944,0,16.4,0.65,97.3,0.346,4.68,358.1
5/17/2024 13:15,1170,925,0,16.5,0.65,97.3,0.346,3.24,19
5/17/2024 13:30,1171,970,0,16.7,0.65,97.3,0.339,3.72,10.8
5/17/2024 13:45,1172,914,0,16.8,0.66,97.3,0.335,3.96,12.8
5/17/2024 14:00,1173,559,0,16.5,0.66,97.3,0.351,3.43,351.1
5/17/2024 14:15,1174,400,0,16.2,0.64,97.3,0.346,3.29,15.2
5/17/2024 14:30,1175,672,0,16.9,0.65,97.3,0.339,3.36,4.2
5/17/2024 14:45,1176,567,0,16.5,0.67,97.3,0.354,3.58,351.5
5/17/2024 15:00,1177,514,0,16.7,0.63,97.3,0.335,3,9.9
5/17/2024 15:15,1178,853,0,17.5,0.65,97.3,0.322,4.2,352.6
5/17/2024 15:30,1179,832,0,17.8,0.64,97.3,0.311,4,343.6
5/17/2024 15:45,1180,830,0,18,0.64,97.3,0.311,4.15,328.5
5/17/2024 16:00,1181,725,0,18.2,0.65,97.3,0.31,4.29,342.5
5/17/2024 16:15,1182,763,0,18.2,0.67,97.3,0.318,5.11,345.4
5/17/2024 16:30,1183,646,0,18.3,0.68,97.3,0.323,4.28,356.1
5/17/2024 16:45,1184,633,0,18.4,0.66,97.3,0.313,4.42,3.8
5/17/2024 17:00,1185,590,0,18.1,0.65,97.3,0.31,3.92,354
5/17/2024 17:15,1186,546,0,18.1,0.64,97.3,0.305,4.43,359.1
5/17/2024 17:30,1187,504,0,18.3,0.63,97.3,0.3,4.22,11.6
5/17/2024 17:45,1188,459,0,18.1,0.61,97.3,0.293,3.9,5.7
5/17/2024 18:00,1189,413,0,17.9,0.57,97.3,0.282,3.81,16.8
5/17/2024 18:15,1190,367,0,17.9,0.6,97.3,0.294,3.88,11.2
5/17/2024 18:30,1191,320,0,17.8,0.59,97.3,0.289,3.62,14.4
5/17/2024 18:45,1192,270,0,17.8,0.6,97.3,0.296,3.33,11.4
5/17/2024 19:00,1193,216,0,17.6,0.64,97.3,0.321,3.39,12.2
5/17/2024 19:15,1194,192,0,17.2,0.66,97.3,0.339,3.43,9.1
5/17/2024 19:30,1195,136,0,16.7,0.66,97.3,0.349,3.49,12.6
5/17/2024 19:45,1196,44,0,15.5,0.66,97.3,0.375,3.45,10
5/17/2024 20:00,1197,27,0,14.4,0.65,97.3,0.398,4.3,7
5/17/2024 20:15,1198,19,0,13.8,0.65,97.3,0.414,4.15,9.2
5/17/2024 20:30,1199,13,0,13.5,0.66,97.3,0.424,4.89,9.5
5/17/2024 20:45,1200,3,0,13.1,0.66,97.3,0.441,4.73,11.6
5/17/2024 21:00,1201,0,0,12.6,0.68,97.3,0.466,4.08,9.2
5/17/2024 21:15,1202,0,0,12.2,0.7,97.3,0.493,3.34,7.1
5/17/2024 21:30,1203,0,0,12,0.71,97.3,0.504,3.19,12
5/17/2024 21:45,1204,0,0,11.9,0.71,97.3,0.507,3.04,18.6
5/17/2024 22:00,1205,0,0,11.8,0.7,97.4,0.509,3.21,19.2
5/17/2024 22:15,1206,0,0,11.6,0.7,97.4,0.513,3.11,17.9
5/17/2024 22:30,1207,0,0,11.4,0.7,97.4,0.519,2.52,17.6
5/17/2024 22:45,1208,0,0,11.1,0.7,97.4,0.531,2.34,14.2
5/17/2024 23:00,1209,0,0,10.7,0.69,97.4,0.542,1.82,18.1
5/17/2024 23:15,1210,0,0,9.5,0.72,97.3,0.606,1.22,6.8
5/17/2024 23:30,1211,0,0,8.7,0.72,97.3,0.643,1.56,7.8
5/17/2024 23:45,1212,0,0,8.5,0.7,97.3,0.636,1.66,8.9
5/18/2024 0:00,1213,0,0,8.2,0.7,97.3,0.647,1.61,9.8
5/18/2024 0:15,1214,0,0,7.9,0.7,97.3,0.658,1.95,359.2
5/18/2024 0:30,1215,0,0,7.8,0.7,97.3,0.664,1.97,5.7
5/18/2024 0:45,1216,0,0,7.3,0.71,97.3,0.691,1.8,4.1
5/18/2024 1:00,1217,0,0,7.7,0.7,97.3,0.673,1.71,22.3
5/18/2024 1:15,1218,0,0,7.3,0.7,97.4,0.685,1.61,10.4
5/18/2024 1:30,1219,0,0,6.6,0.7,97.4,0.724,1.38,342.5
5/18/2024 1:45,1220,0,0,6.5,0.7,97.3,0.717,1.32,341
5/18/2024 2:00,1221,0,0,5.9,0.68,97.3,0.738,0.71,337.3
5/18/2024 2:15,1222,0,0,4.9,0.66,97.3,0.765,0.49,180.8
5/18/2024 2:30,1223,0,0,4.6,0.65,97.4,0.762,0.35,184.7
5/18/2024 2:45,1224,0,0,4.5,0.64,97.4,0.763,0.45,183.6
5/18/2024 3:00,1225,0,0,4.1,0.64,97.4,0.785,0.8,193.2
5/18/2024 3:15,1226,0,0,3.9,0.63,97.3,0.782,0.84,167.3
5/18/2024 3:30,1227,0,0,4.4,0.65,97.3,0.776,0.91,276.7
5/18/2024 3:45,1228,0,0,4.7,0.67,97.3,0.781,0.85,317.6
5/18/2024 4:00,1229,0,0,5.1,0.68,97.3,0.771,1.07,331.2
5/18/2024 4:15,1230,0,0,4.9,0.68,97.3,0.787,1.4,346
5/18/2024 4:30,1231,0,0,4.7,0.68,97.3,0.791,1.46,72.6
5/18/2024 4:45,1232,0,0,3.9,0.67,97.3,0.827,0.88,120.4
5/18/2024 5:00,1233,0,0,3.2,0.65,97.3,0.848,0.76,160.1
5/18/2024 5:15,1234,0,0,2.7,0.63,97.3,0.847,0.66,177.9
5/18/2024 5:30,1235,2,0,2,0.61,97.3,0.866,1.2,161.1
5/18/2024 5:45,1236,9,0,1.9,0.61,97.3,0.867,1.08,165.7
5/18/2024 6:00,1237,31,0,1.6,0.6,97.3,0.881,1.31,159.6
5/18/2024 6:15,1238,54,0,2.2,0.63,97.3,0.877,1.21,159
5/18/2024 6:30,1239,79,0,3.3,0.67,97.3,0.864,1.07,162.8
5/18/2024 6:45,1240,110,0,3.8,0.71,97.3,0.883,1.21,177.9
5/18/2024 7:00,1241,144,0,4.7,0.75,97.3,0.879,1.27,180.6
5/18/2024 7:15,1242,177,0,6,0.8,97.3,0.863,1.2,205.8
5/18/2024 7:30,1243,211,0,7.6,0.85,97.3,0.816,1.45,234.6
5/18/2024 7:45,1244,246,0,8.3,0.85,97.3,0.781,2.06,246.5
5/18/2024 8:00,1245,290,0,8.5,0.84,97.3,0.757,2.59,251.3
5/18/2024 8:15,1246,338,0,9,0.84,97.3,0.725,2.62,247.5
5/18/2024 8:30,1247,408,0,9.9,0.84,97.3,0.683,2.9,260.3
5/18/2024 8:45,1248,480,0,10.6,0.82,97.3,0.642,3.01,276.9
5/18/2024 9:00,1249,296,0,10.8,0.8,97.3,0.618,2.68,280.4
5/18/2024 9:15,1250,453,0,11.3,0.82,97.2,0.616,2.72,283.9
5/18/2024 9:30,1251,566,0,12.3,0.85,97.2,0.589,2.98,298.3
5/18/2024 9:45,1252,643,0,12.6,0.84,97.2,0.576,2.57,312.8
5/18/2024 10:00,1253,487,0,12.7,0.84,97.2,0.566,2.91,307.2
5/18/2024 10:15,1254,399,0,12.5,0.81,97.2,0.556,2.9,298.6
5/18/2024 10:30,1255,363,0,12.7,0.78,97.2,0.53,3.33,306.1
5/18/2024 10:45,1256,432,0,12.9,0.78,97.2,0.527,2.76,303.8
5/18/2024 11:00,1257,763,0,13.8,0.8,97.2,0.501,3.5,311.1
5/18/2024 11:15,1258,686,0,14.1,0.8,97.2,0.497,4.05,309.1
5/18/2024 11:30,1259,861,0,14.4,0.79,97.2,0.484,4.15,289.4
5/18/2024 11:45,1260,860,0,14.7,0.79,97.2,0.477,4.03,294.3
5/18/2024 12:00,1261,872,0,15.1,0.8,97.1,0.462,3.59,295.5
5/18/2024 12:15,1262,852,0,15.2,0.79,97.1,0.462,3.46,298
5/18/2024 12:30,1263,909,0,15.6,0.8,97.1,0.443,3.61,311.8
5/18/2024 12:45,1264,916,0,15.9,0.79,97.1,0.434,3.79,297.4
5/18/2024 13:00,1265,926,0,16.2,0.81,97.1,0.445,4.08,296.3
5/18/2024 13:15,1266,931,0,16.5,0.79,97.1,0.424,3.79,291.5
5/18/2024 13:30,1267,947,0,16.8,0.77,97.1,0.393,3.1,301.4
5/18/2024 13:45,1268,966,0,17.4,0.81,97,0.413,4.08,299.2
5/18/2024 14:00,1269,938,0,17.4,0.8,97,0.394,3.75,292.3
5/18/2024 14:15,1270,978,0,17.8,0.79,97,0.395,4.06,290.7
5/18/2024 14:30,1271,578,0,17.1,0.79,97,0.403,4.35,300.7
5/18/2024 14:45,1272,335,0,17,0.75,97,0.391,3.26,304
5/18/2024 15:00,1273,256,0,16.8,0.74,97,0.389,3.22,321.4
5/18/2024 15:15,1274,206,0,16.6,0.72,97,0.38,3.4,271.6
5/18/2024 15:30,1275,252,0,16.5,0.73,97,0.386,2.37,271.9
5/18/2024 15:45,1276,248,0,16.7,0.76,96.9,0.404,3.08,314.1
5/18/2024 16:00,1277,178,0,16.6,0.74,96.9,0.389,3.3,285.7
5/18/2024 16:15,1278,244,0.051,15.6,0.72,96.9,0.407,3.06,349.2
5/18/2024 16:30,1279,265,0,16,0.72,96.9,0.394,3.58,42.3
5/18/2024 16:45,1280,141,0,15.6,0.72,96.9,0.403,3.09,58.4
5/18/2024 17:00,1281,103,0.969,15,0.73,96.9,0.426,4.04,25.6
5/18/2024 17:15,1282,137,0.187,14.2,0.72,96.9,0.441,3.7,27.1
5/18/2024 17:30,1283,182,0.017,14.9,0.71,96.9,0.42,3.53,41.9
5/18/2024 17:45,1284,187,0,14.8,0.77,96.9,0.455,2.9,21.8
5/18/2024 18:00,1285,256,0,15.2,0.82,96.9,0.477,3.11,8.6
5/18/2024 18:15,1286,422,0,16.4,0.82,96.9,0.441,3.52,9.8
5/18/2024 18:30,1287,356,0,16.5,0.84,96.9,0.447,3.47,8.4
5/18/2024 18:45,1288,245,0,16.2,0.8,96.9,0.436,3.24,9.6
5/18/2024 19:00,1289,149,0,15.6,0.77,96.9,0.434,2.91,6.2
5/18/2024 19:15,1290,91,0,15.1,0.76,96.9,0.441,2.31,358.2
5/18/2024 19:30,1291,85,0,14.6,0.77,96.9,0.464,1.43,346.2
5/18/2024 19:45,1292,167,0,15.5,0.75,96.9,0.424,2.63,351.2
5/18/2024 20:00,1293,105,0,15.1,0.76,96.9,0.44,5.15,8.3
5/18/2024 20:15,1294,54,0,13.4,0.74,96.9,0.485,6.91,10.5
5/18/2024 20:30,1295,13,0,12.1,0.73,96.9,0.514,7.15,12.7
5/18/2024 20:45,1296,6,0,11.4,0.71,96.9,0.53,7.66,14.5
5/18/2024 21:00,1297,1,0,10.8,0.71,96.9,0.55,7.21,14.5
5/18/2024 21:15,1298,0,0,10.4,0.72,96.9,0.57,7.12,17.2
5/18/2024 21:30,1299,0,0,10,0.72,97,0.588,5.94,17.8
5/18/2024 21:45,1300,0,0,9.8,0.72,97,0.594,6.02,16.9
5/18/2024 22:00,1301,0,0,9.5,0.72,97,0.61,5.33,14.1
5/18/2024 22:15,1302,0,0,9.2,0.73,97.1,0.622,4.71,14.7
5/18/2024 22:30,1303,0,0,8.9,0.73,97.1,0.635,4.58,17.1
5/18/2024 22:45,1304,0,0,8.7,0.72,97.1,0.644,4.71,20.8
5/18/2024 23:00,1305,0,0,8.4,0.72,97.1,0.657,3.9,26.4
5/18/2024 23:15,1306,0,0,8.1,0.72,97.1,0.664,3.94,20.8
5/18/2024 23:30,1307,0,0,7.6,0.72,97.1,0.69,3.26,22.1
5/18/2024 23:45,1308,0,0,7.3,0.72,97.2,0.7,2.74,32.3
5/19/2024 0:00,1309,0,0,7.1,0.71,97.2,0.709,3.18,20.7
5/19/2024 0:15,1310,0,0,6.8,0.71,97.2,0.719,2.77,15.6
5/19/2024 0:30,1311,0,0,6.3,0.7,97.2,0.738,2.45,12.3
5/19/2024 0:45,1312,0,0,5.9,0.7,97.2,0.753,2.6,9.5
5/19/2024 1:00,1313,0,0,6.3,0.7,97.2,0.733,3.29,9.9
5/19/2024 1:15,1314,0,0,6.3,0.7,97.2,0.731,3.33,6.1
5/19/2024 1:30,1315,0,0,6,0.69,97.3,0.735,2.83,2.4
5/19/2024 1:45,1316,0,0,5.9,0.68,97.3,0.739,2.52,2.6
5/19/2024 2:00,1317,0,0,5.8,0.69,97.3,0.741,2.32,2.8
5/19/2024 2:15,1318,0,0,5.8,0.69,97.3,0.753,2.6,7.1
5/19/2024 2:30,1319,0,0,5.7,0.68,97.3,0.743,3.14,5.5
5/19/2024 2:45,1320,0,0,5.9,0.68,97.3,0.733,3.44,12.3
5/19/2024 3:00,1321,0,0,5.7,0.68,97.3,0.742,3.09,7.6
5/19/2024 3:15,1322,0,0,5.6,0.68,97.3,0.744,3.28,12.2
5/19/2024 3:30,1323,0,0,5.6,0.67,97.3,0.736,3.62,16.2
5/19/2024 3:45,1324,0,0,5.7,0.67,97.3,0.735,4.02,14.8
5/19/2024 4:00,1325,0,0,5.5,0.67,97.4,0.745,4.04,15.2
5/19/2024 4:15,1326,0,0,5.5,0.67,97.4,0.738,4.32,9.1
5/19/2024 4:30,1327,0,0,5.4,0.66,97.4,0.738,3.56,7.1
5/19/2024 4:45,1328,0,0,5.4,0.66,97.4,0.735,3.99,9.4
5/19/2024 5:00,1329,0,0,5.5,0.66,97.4,0.732,3.97,13.2
5/19/2024 5:15,1330,0,0,5.6,0.67,97.4,0.732,3.77,14.9
5/19/2024 5:30,1331,1,0,5.8,0.67,97.4,0.73,3.28,12.6
5/19/2024 5:45,1332,4,0,5.9,0.68,97.4,0.732,3.01,14.5
5/19/2024 6:00,1333,19,0,5.8,0.68,97.5,0.74,2.56,6.7
5/19/2024 6:15,1334,31,0,5.6,0.68,97.5,0.75,2.33,356.2
5/19/2024 6:30,1335,74,0,6.1,0.7,97.5,0.736,2.66,7.7
5/19/2024 6:45,1336,127,0,6.9,0.72,97.5,0.726,2.76,348
5/19/2024 7:00,1337,122,0,7.4,0.75,97.5,0.727,2.45,334.5
5/19/2024 7:15,1338,84,0,7.2,0.74,97.6,0.733,2.5,325.7
5/19/2024 7:30,1339,115,0,7.1,0.73,97.6,0.724,2.19,294.4
5/19/2024 7:45,1340,160,0,7.3,0.72,97.6,0.704,2.21,282.3
5/19/2024 8:00,1341,219,0,7.6,0.72,97.6,0.691,2.06,281.1
5/19/2024 8:15,1342,226,0,8,0.72,97.6,0.674,2.25,300.2
5/19/2024 8:30,1343,262,0,8.2,0.73,97.6,0.667,2.52,282.1
5/19/2024 8:45,1344,291,0,8.7,0.74,97.6,0.655,2.47,294.1
5/19/2024 9:00,1345,419,0,9.6,0.76,97.6,0.632,2.69,288.7
5/19/2024 9:15,1346,573,0,10.2,0.78,97.6,0.626,2.97,290.4
5/19/2024 9:30,1347,488,0,10.4,0.79,97.7,0.637,3.07,282.5
5/19/2024 9:45,1348,616,0,11.2,0.79,97.7,0.589,3.03,297.2
5/19/2024 10:00,1349,657,0,11.8,0.79,97.7,0.571,3.09,307.4
5/19/2024 10:15,1350,625,0,12.2,0.78,97.7,0.548,3.03,303.6
5/19/2024 10:30,1351,689,0,12.5,0.77,97.7,0.531,2.76,300.8
5/19/2024 10:45,1352,636,0,12.7,0.77,97.7,0.52,2.61,299.3
5/19/2024 11:00,1353,523,0,12.9,0.76,97.7,0.513,2.72,314.4
5/19/2024 11:15,1354,755,0,13.4,0.76,97.7,0.495,3.15,305.3
5/19/2024 11:30,1355,836,0,14,0.75,97.7,0.469,2.81,322.7
5/19/2024 11:45,1356,869,0,14.6,0.76,97.7,0.453,3.28,319.4
5/19/2024 12:00,1357,901,0,15.1,0.78,97.7,0.447,3.56,299.1
5/19/2024 12:15,1358,954,0,15.1,0.77,97.7,0.453,3.6,293.5
5/19/2024 12:30,1359,772,0,14.9,0.74,97.7,0.442,2.55,322.9
5/19/2024 12:45,1360,864,0,15.7,0.75,97.7,0.421,3.94,305.3
5/19/2024 13:00,1361,935,0,15.9,0.75,97.7,0.415,3.36,304.3
5/19/2024 13:15,1362,877,0,15.7,0.74,97.7,0.417,3.43,320.7
5/19/2024 13:30,1363,958,0,16.3,0.75,97.6,0.41,3.5,304.6
5/19/2024 13:45,1364,846,0,16.5,0.76,97.6,0.407,3.4,300.6
5/19/2024 14:00,1365,940,0,16.4,0.74,97.6,0.402,3.72,281.8
5/19/2024 14:15,1366,848,0,16.7,0.75,97.6,0.4,3.31,304.4
5/19/2024 14:30,1367,935,0,16.8,0.73,97.6,0.379,2.55,301.2
5/19/2024 14:45,1368,924,0,17.2,0.74,97.6,0.378,3.12,301.8
5/19/2024 15:00,1369,893,0,17.1,0.72,97.6,0.372,2.66,281.4
5/19/2024 15:15,1370,772,0,17.3,0.72,97.6,0.368,3.61,289.8
5/19/2024 15:30,1371,847,0,17.6,0.72,97.6,0.352,2.29,305.2
5/19/2024 15:45,1372,815,0,17.9,0.72,97.6,0.354,3.14,292
5/19/2024 16:00,1373,771,0,18,0.73,97.6,0.355,2.76,317
5/19/2024 16:15,1374,726,0,17.8,0.69,97.6,0.341,2.72,300.9
5/19/2024 16:30,1375,683,0,17.9,0.69,97.6,0.337,2.47,315
5/19/2024 16:45,1376,651,0,17.9,0.67,97.5,0.329,1.76,312.2
5/19/2024 17:00,1377,626,0,18.2,0.68,97.5,0.326,2.08,318.9
5/19/2024 17:15,1378,567,0,18.1,0.68,97.5,0.328,2.01,277.8
5/19/2024 17:30,1379,556,0,18.1,0.68,97.5,0.328,2.3,282.1
5/19/2024 17:45,1380,460,0,18.2,0.67,97.5,0.321,1.87,292.5
5/19/2024 18:00,1381,328,0,18.1,0.68,97.5,0.329,1.87,283.5
5/19/2024 18:15,1382,191,0,17.7,0.67,97.5,0.332,1.55,309.2
5/19/2024 18:30,1383,72,0,17.3,0.66,97.5,0.337,1.43,321.5
5/19/2024 18:45,1384,97,0,16.8,0.69,97.5,0.358,1.36,305.2
5/19/2024 19:00,1385,125,0,16.5,0.69,97.5,0.366,2.02,292.1
5/19/2024 19:15,1386,71,0,16.7,0.68,97.5,0.358,2.03,285.4
5/19/2024 19:30,1387,52,0,16,0.7,97.5,0.383,1.98,293.7
5/19/2024 19:45,1388,51,0,15.6,0.71,97.5,0.402,2.21,288.7
5/19/2024 20:00,1389,28,0,15.7,0.69,97.5,0.388,2.28,282.3
5/19/2024 20:15,1390,16,0,15.5,0.68,97.5,0.389,2.46,277.4
5/19/2024 20:30,1391,6,0,14.9,0.7,97.5,0.412,2.35,274.5
5/19/2024 20:45,1392,3,0,14.2,0.73,97.6,0.451,2.58,334.6
5/19/2024 21:00,1393,1,0,14.8,0.73,97.6,0.438,4.08,27.9
5/19/2024 21:15,1394,0,0,13.9,0.78,97.6,0.488,2.94,43.5
5/19/2024 21:30,1395,0,0,13.4,0.78,97.6,0.505,3.3,98
5/19/2024 21:45,1396,0,0,12.7,0.8,97.6,0.546,2.67,106.8
5/19/2024 22:00,1397,0,0,12.3,0.8,97.6,0.562,2.33,101.4
5/19/2024 22:15,1398,0,0,11.9,0.78,97.6,0.56,2.1,95.3
5/19/2024 22:30,1399,0,0,11.4,0.78,97.6,0.576,1.7,86.3
5/19/2024 22:45,1400,0,0,11.6,0.76,97.6,0.556,2.51,83.9
5/19/2024 23:00,1401,0,0,10.9,0.77,97.6,0.588,2.29,80.7
5/19/2024 23:15,1402,0,0,10.1,0.78,97.6,0.627,1.18,68.7
5/19/2024 23:30,1403,0,0,10.1,0.76,97.6,0.617,1.41,64
5/19/2024 23:45,1404,0,0,10.4,0.75,97.6,0.595,1.64,78.2
5/20/2024 0:00,1405,0,0,10.8,0.75,97.6,0.58,1.68,75.5
5/20/2024 0:15,1406,0,0,9.9,0.76,97.6,0.618,1.7,60.5
5/20/2024 0:30,1407,0,0,9.4,0.76,97.7,0.639,1.93,40.7
5/20/2024 0:45,1408,0,0,8.8,0.76,97.7,0.669,1.75,37.2
5/20/2024 1:00,1409,0,0,8.2,0.75,97.7,0.693,1.44,39.5
5/20/2024 1:15,1410,0,0,8.2,0.75,97.7,0.69,1.67,21.5
5/20/2024 1:30,1411,0,0,8.3,0.75,97.7,0.688,1.93,32.1
5/20/2024 1:45,1412,0,0,8,0.76,97.7,0.702,1.94,33
5/20/2024 2:00,1413,0,0,7.7,0.75,97.7,0.711,1.77,28.3
5/20/2024 2:15,1414,0,0,7.6,0.74,97.6,0.71,1.95,23.8
5/20/2024 2:30,1415,0,0,7,0.74,97.6,0.739,1.87,32.5
5/20/2024 2:45,1416,0,0,7.2,0.73,97.6,0.719,2.47,31.1
5/20/2024 3:00,1417,0,0,6.7,0.73,97.6,0.741,1.9,49.6
5/20/2024 3:15,1418,0,0,6.4,0.72,97.6,0.749,1.8,43.1
5/20/2024 3:30,1419,0,0,6.2,0.71,97.6,0.75,1.77,52.7
5/20/2024 3:45,1420,0,0,6,0.71,97.7,0.756,1.63,35.8
5/20/2024 4:00,1421,0,0,6.4,0.71,97.7,0.739,2.09,36.1
5/20/2024 4:15,1422,0,0,6.8,0.72,97.7,0.723,2.24,44.4
5/20/2024 4:30,1423,0,0,6.3,0.71,97.7,0.745,1.68,56.1
5/20/2024 4:45,1424,0,0,6.2,0.7,97.7,0.74,2.08,55
5/20/2024 5:00,1425,0,0,5.9,0.7,97.7,0.751,1.77,54.4
5/20/2024 5:15,1426,0,0,5.8,0.69,97.7,0.748,1.83,49.2
5/20/2024 5:30,1427,2,0,6,0.69,97.7,0.737,2.16,57
5/20/2024 5:45,1428,8,0,6.2,0.7,97.7,0.735,1.87,47.9
5/20/2024 6:00,1429,27,0,5.9,0.71,97.7,0.764,1.29,8.8
5/20/2024 6:15,1430,48,0,6.6,0.72,97.7,0.743,1.69,23.6
5/20/2024 6:30,1431,73,0,7.2,0.74,97.7,0.734,1.84,13.8
5/20/2024 6:45,1432,101,0,7.3,0.78,97.7,0.765,1.47,346.2
5/20/2024 7:00,1433,134,0,7.9,0.8,97.7,0.754,1.74,353.9
5/20/2024 7:15,1434,170,0,8.8,0.81,97.7,0.718,2.37,5.3
5/20/2024 7:30,1435,209,0,9.5,0.82,97.7,0.69,3.03,7.1
5/20/2024 7:45,1436,251,0,10.2,0.82,97.7,0.66,3.2,7.3
5/20/2024 8:00,1437,284,0,10.6,0.82,97.7,0.644,3.18,4.8
5/20/2024 8:15,1438,340,0,10.9,0.83,97.7,0.641,3.5,354.7
5/20/2024 8:30,1439,386,0,11.3,0.84,97.8,0.629,3.18,352.3
5/20/2024 8:45,1440,429,0,11.8,0.85,97.7,0.616,2.85,354.9
5/20/2024 9:00,1441,473,0,12.6,0.85,97.8,0.591,2.99,2.8
5/20/2024 9:15,1442,516,0,13.2,0.84,97.7,0.558,3.3,357.6
5/20/2024 9:30,1443,560,0,13.6,0.84,97.7,0.54,3.43,351
5/20/2024 9:45,1444,601,0,14.1,0.83,97.7,0.519,3.3,352.3
5/20/2024 10:00,1445,641,0,14.4,0.82,97.7,0.501,3.02,0.4
5/20/2024 10:15,1446,678,0,15.2,0.84,97.7,0.483,2.76,357.5
5/20/2024 10:30,1447,714,0,15.6,0.81,97.7,0.457,2.85,6.4
5/20/2024 10:45,1448,748,0,15.9,0.79,97.7,0.439,2.98,8.2
5/20/2024 11:00,1449,780,0,16.2,0.78,97.7,0.426,3,354.8
5/20/2024 11:15,1450,809,0,16.6,0.79,97.7,0.424,3.14,334
5/20/2024 11:30,1451,837,0,16.8,0.79,97.7,0.414,3.1,342.7
5/20/2024 11:45,1452,859,0,17.2,0.78,97.7,0.393,3.03,351
5/20/2024 12:00,1453,830,0,17.5,0.79,97.7,0.398,2.56,347.7
5/20/2024 12:15,1454,905,0,17.8,0.8,97.7,0.399,2.61,344.5
5/20/2024 12:30,1455,928,0,17.9,0.82,97.7,0.392,3.47,314
5/20/2024 12:45,1456,957,0,18.1,0.83,97.6,0.4,2.29,322.3
5/20/2024 13:00,1457,759,0,18.3,0.82,97.6,0.391,3.63,320
5/20/2024 13:15,1458,837,0,18.4,0.81,97.6,0.385,2.64,350.5
5/20/2024 13:30,1459,621,0,18.3,0.79,97.6,0.381,2.9,332.4
5/20/2024 13:45,1460,990,0,19.2,0.78,97.6,0.352,2.87,341.1
5/20/2024 14:00,1461,771,0,19.1,0.79,97.6,0.356,2.94,354.2
5/20/2024 14:15,1462,659,0,18.9,0.76,97.6,0.345,2.43,349.9
5/20/2024 14:30,1463,529,0,19.2,0.77,97.6,0.344,2.29,356.9
5/20/2024 14:45,1464,758,0,19.3,0.78,97.6,0.347,3.5,339.9
5/20/2024 15:00,1465,901,0,19.7,0.76,97.5,0.329,2.45,319
5/20/2024 15:15,1466,750,0,20.1,0.78,97.5,0.327,3.08,341
5/20/2024 15:30,1467,813,0,20.3,0.77,97.5,0.328,2.17,343.8
5/20/2024 15:45,1468,617,0,20.2,0.79,97.5,0.333,1.99,347.9
5/20/2024 16:00,1469,732,0,20.4,0.81,97.5,0.335,2.85,321.8
5/20/2024 16:15,1470,739,0,20.6,0.81,97.5,0.337,3.02,329.7
5/20/2024 16:30,1471,719,0,20.9,0.77,97.4,0.311,2.4,3
5/20/2024 16:45,1472,457,0,20.6,0.78,97.4,0.322,2.66,351
5/20/2024 17:00,1473,625,0,20.9,0.77,97.4,0.312,2.63,357.3
5/20/2024 17:15,1474,560,0,21,0.75,97.4,0.3,2.33,345.1
5/20/2024 17:30,1475,514,0,20.9,0.76,97.4,0.305,2.4,342.4
5/20/2024 17:45,1476,458,0,21,0.74,97.4,0.299,2,344
5/20/2024 18:00,1477,419,0,20.8,0.74,97.4,0.299,3.19,345.9
5/20/2024 18:15,1478,376,0,20.9,0.72,97.4,0.291,2.2,13.4
5/20/2024 18:30,1479,329,0,21,0.73,97.4,0.291,1.83,1.8
5/20/2024 18:45,1480,284,0,20.9,0.75,97.4,0.301,2.1,353.6
5/20/2024 19:00,1481,241,0,20.7,0.78,97.3,0.322,1.94,350.2
5/20/2024 19:15,1482,185,0,20.3,0.8,97.3,0.336,2.19,310.9
5/20/2024 19:30,1483,159,0,19.9,0.79,97.3,0.341,2.14,303.5
5/20/2024 19:45,1484,118,0,19.2,0.84,97.4,0.379,2.28,349.6
5/20/2024 20:00,1485,85,0,18.1,0.88,97.4,0.426,3.76,7.8
5/20/2024 20:15,1486,53,0,17.2,0.89,97.4,0.453,4.02,8.9
5/20/2024 20:30,1487,26,0,16.3,0.86,97.4,0.466,4.73,14.4
5/20/2024 20:45,1488,7,0,15.5,0.83,97.4,0.474,5.26,15.1
5/20/2024 21:00,1489,1,0,14.9,0.81,97.4,0.48,5.56,16.2
5/20/2024 21:15,1490,0,0,14.4,0.81,97.4,0.495,5.3,17.4
5/20/2024 21:30,1491,0,0,13.9,0.81,97.4,0.509,4.44,15.2
5/20/2024 21:45,1492,0,0,13.5,0.8,97.5,0.517,4.46,17
5/20/2024 22:00,1493,0,0,13.2,0.79,97.4,0.522,4.55,16.4
5/20/2024 22:15,1494,0,0,12.8,0.79,97.4,0.533,4.48,14.8
5/20/2024 22:30,1495,0,0,12.5,0.78,97.5,0.539,4.23,12.9
5/20/2024 22:45,1496,0,0,12.4,0.78,97.5,0.541,4.76,14.5
5/20/2024 23:00,1497,0,0,12,0.78,97.5,0.556,4.22,9.6
5/20/2024 23:15,1498,0,0,11.7,0.78,97.5,0.57,3.73,10.1
5/20/2024 23:30,1499,0,0,11.2,0.78,97.5,0.584,3.21,3.3
5/20/2024 23:45,1500,0,0,10.6,0.77,97.5,0.602,2.78,358.7
5/21/2024 0:00,1501,0,0,10,0.77,97.5,0.628,2.39,1.8
5/21/2024 0:15,1502,0,0,9.7,0.77,97.5,0.636,2.13,7.9
5/21/2024 0:30,1503,0,0,9.3,0.77,97.5,0.66,2.15,7.8
5/21/2024 0:45,1504,0,0,9,0.76,97.5,0.663,1.94,349.3
5/21/2024 1:00,1505,0,0,8.4,0.76,97.5,0.697,1.4,338.4
5/21/2024 1:15,1506,0,0,9,0.75,97.5,0.648,2.25,9
5/21/2024 1:30,1507,0,0,9.3,0.76,97.5,0.652,2.22,6.9
5/21/2024 1:45,1508,0,0,8.6,0.76,97.5,0.679,1.86,6.2
5/21/2024 2:00,1509,0,0,8.6,0.75,97.5,0.676,1.97,9.7
5/21/2024 2:15,1510,0,0,8.3,0.75,97.5,0.687,2.16,9.3
5/21/2024 2:30,1511,0,0,7.9,0.75,97.5,0.706,1.88,5.7
5/21/2024 2:45,1512,0,0,7.3,0.74,97.5,0.728,1.69,339
5/21/2024 3:00,1513,0,0,6.6,0.74,97.5,0.757,1.28,322
5/21/2024 3:15,1514,0,0,6.9,0.73,97.5,0.738,1.19,296.7
5/21/2024 3:30,1515,0,0,6.5,0.73,97.5,0.755,0.93,292.6
5/21/2024 3:45,1516,0,0,6.3,0.72,97.5,0.755,0.82,291.7
5/21/2024 4:00,1517,0,0,6.1,0.72,97.5,0.759,0.96,247.9
5/21/2024 4:15,1518,0,0,5.5,0.71,97.5,0.786,0.54,194.2
5/21/2024 4:30,1519,0,0,5.7,0.71,97.5,0.775,0.84,245.4
5/21/2024 4:45,1520,0,0,5.6,0.71,97.5,0.78,0.79,251.6
5/21/2024 5:00,1521,0,0,5.4,0.71,97.5,0.791,0.99,182.3
5/21/2024 5:15,1522,0,0,5.1,0.7,97.5,0.798,0.85,197.2
5/21/2024 5:30,1523,1,0,5.2,0.7,97.5,0.801,1.14,224.1
5/21/2024 5:45,1524,8,0,4.8,0.71,97.5,0.823,1.12,188.9
5/21/2024 6:00,1525,20,0,4.7,0.71,97.5,0.833,0.97,196.1
5/21/2024 6:15,1526,36,0,4.8,0.71,97.5,0.828,1.21,208.4
5/21/2024 6:30,1527,43,0,5.4,0.73,97.5,0.82,1.41,222.3
5/21/2024 6:45,1528,43,0,5.6,0.75,97.5,0.828,1.28,216.1
5/21/2024 7:00,1529,126,0,6.5,0.8,97.5,0.827,1.51,233.4
5/21/2024 7:15,1530,171,0,7.8,0.86,97.4,0.818,1.52,237.5
5/21/2024 7:30,1531,211,0,9,0.9,97.4,0.786,2.28,265.3
5/21/2024 7:45,1532,238,0,9.7,0.9,97.4,0.754,3.21,272.2
5/21/2024 8:00,1533,277,0,10.2,0.92,97.4,0.736,3.66,274.3
5/21/2024 8:15,1534,313,0,10.9,0.93,97.4,0.709,3.78,278.5
5/21/2024 8:30,1535,361,0,12,0.94,97.4,0.673,4.18,285.3
5/21/2024 8:45,1536,307,0,12.7,0.92,97.4,0.626,4.21,281.3
5/21/2024 9:00,1537,393,0,13,0.92,97.4,0.613,4.53,287.2
5/21/2024 9:15,1538,449,0,13.3,0.96,97.4,0.633,4.4,285.6
5/21/2024 9:30,1539,502,0,13.7,0.96,97.4,0.609,4.42,288.7
5/21/2024 9:45,1540,541,0,14.3,0.95,97.4,0.58,4.76,288.7
5/21/2024 10:00,1541,557,0,14.5,0.96,97.4,0.578,4.78,286.5
5/21/2024 10:15,1542,494,0,14.6,0.97,97.3,0.589,4.77,285.9
5/21/2024 10:30,1543,420,0,14.7,0.95,97.4,0.567,4.38,291.6
5/21/2024 10:45,1544,344,0,14.6,0.95,97.4,0.577,3.96,292.7
5/21/2024 11:00,1545,319,0,14.5,0.98,97.4,0.593,4.3,285.6
5/21/2024 11:15,1546,284,0,14.3,0.98,97.4,0.601,4.39,282.3
5/21/2024 11:30,1547,273,0,14.1,0.94,97.4,0.59,5,282.1
5/21/2024 11:45,1548,277,0,14.1,0.94,97.4,0.588,4.7,278.8
5/21/2024 12:00,1549,295,0,14,0.97,97.3,0.608,4.47,292
5/21/2024 12:15,1550,276,0,13.8,0.97,97.3,0.617,4.53,293.9
5/21/2024 12:30,1551,335,0,13.8,0.98,97.3,0.623,3.93,311.9
5/21/2024 12:45,1552,416,0,13.6,0.99,97.3,0.635,3.84,322.3
5/21/2024 13:00,1553,379,0,13.5,0.99,97.3,0.641,3.9,318.8
5/21/2024 13:15,1554,493,0,13.5,1.04,97.3,0.671,2.89,318
5/21/2024 13:30,1555,562,0,14,1.04,97.3,0.653,3.47,304.2
5/21/2024 13:45,1556,620,0,14.8,1.07,97.3,0.639,4.07,282.4
5/21/2024 14:00,1557,583,0,14.9,1.07,97.3,0.622,4.11,271.1
5/21/2024 14:15,1558,543,0,15.3,1.05,97.3,0.609,4.67,271.1
5/21/2024 14:30,1559,414,0,14.6,1.06,97.3,0.639,4.49,281
5/21/2024 14:45,1560,349,0,14.2,1.08,97.2,0.671,4.73,284.5
5/21/2024 15:00,1561,294,0,13.7,1.09,97.2,0.697,4.25,290.1
5/21/2024 15:15,1562,260,0.085,13.6,1.1,97.2,0.71,3.65,291.4
5/21/2024 15:30,1563,241,0.068,13.3,1.11,97.2,0.725,4.17,300
5/21/2024 15:45,1564,193,0.119,12.7,1.08,97.2,0.732,4.25,302.6
5/21/2024 16:00,1565,164,0.102,12.5,1.09,97.2,0.751,4.13,288.6
5/21/2024 16:15,1566,143,0.068,12.2,1.07,97.2,0.748,4.33,282
5/21/2024 16:30,1567,148,0.119,12.1,1.07,97.2,0.756,3.87,279.7
5/21/2024 16:45,1568,141,0.119,11.9,1.08,97.2,0.777,4.35,279.1
5/21/2024 17:00,1569,119,0.068,11.7,1.08,97.1,0.791,4.79,275
5/21/2024 17:15,1570,117,0.136,10.2,1.08,97.1,0.871,4.42,269
5/21/2024 17:30,1571,129,0.085,10.7,1.12,97.1,0.87,4.31,269.3
5/21/2024 17:45,1572,115,0.017,11.2,1.18,97.1,0.883,4.96,276.5
5/21/2024 18:00,1573,116,0,11,1.17,97.1,0.89,4.92,276.8
5/21/2024 18:15,1574,118,0,11,1.18,97.1,0.897,4.89,273
5/21/2024 18:30,1575,111,0.051,11.1,1.2,97,0.904,4.53,274.2
5/21/2024 18:45,1576,97,0.017,11.1,1.2,97,0.907,4.87,273.8
5/21/2024 19:00,1577,73,0,11.1,1.2,97,0.909,5,274.4
5/21/2024 19:15,1578,37,0.051,11,1.19,97,0.907,4.77,272.9
5/21/2024 19:30,1579,48,0.102,10.8,1.18,97,0.911,4.8,270.7
5/21/2024 19:45,1580,46,0,10.8,1.18,96.9,0.911,4.87,271.7
5/21/2024 20:00,1581,25,0,10.8,1.18,96.9,0.909,4.54,267.9
5/21/2024 20:15,1582,10,0,10.8,1.18,96.9,0.909,4.56,268.9
5/21/2024 20:30,1583,7,0.085,10.7,1.17,96.9,0.913,4.7,268
5/21/2024 20:45,1584,2,0.017,10.6,1.17,96.9,0.915,4.46,268.5
5/21/2024 21:00,1585,0,0.051,10.5,1.16,96.9,0.919,4.24,268.9
5/21/2024 21:15,1586,0,0.085,10.3,1.16,96.9,0.925,4.21,272.9
5/21/2024 21:30,1587,0,0.068,10.3,1.16,96.9,0.924,4.1,277
5/21/2024 21:45,1588,0,0.17,10.2,1.15,96.8,0.929,3.89,280.1
5/21/2024 22:00,1589,0,0.102,10.1,1.15,96.8,0.932,4.06,277.3
5/21/2024 22:15,1590,0,0.034,10,1.14,96.8,0.932,4.09,277.2
5/21/2024 22:30,1591,0,0.085,9.9,1.14,96.8,0.936,3.61,278.6
5/21/2024 22:45,1592,0,0.034,9.8,1.14,96.8,0.94,3.35,275.3
5/21/2024 23:00,1593,0,0.017,9.8,1.14,96.8,0.939,3.69,274.6
5/21/2024 23:15,1594,0,0.068,9.7,1.13,96.7,0.94,3.38,277.3
5/21/2024 23:30,1595,0,0.017,9.7,1.13,96.7,0.939,3.34,279.8
5/21/2024 23:45,1596,0,0.085,9.7,1.13,96.7,0.945,3.32,285.5
5/22/2024 0:00,1597,0,0.119,9.6,1.13,96.7,0.946,3.12,286.3
5/22/2024 0:15,1598,0,0.119,9.6,1.13,96.7,0.948,3.14,287
5/22/2024 0:30,1599,0,0.068,9.6,1.13,96.7,0.948,3.53,288.8
5/22/2024 0:45,1600,0,0.017,9.6,1.13,96.7,0.949,3.42,282.4
5/22/2024 1:00,1601,0,0.017,9.5,1.13,96.6,0.951,2.96,286.3
5/22/2024 1:15,1602,0,0,9.4,1.12,96.6,0.954,2.98,283.6
5/22/2024 1:30,1603,0,0,9.4,1.12,96.6,0.953,3.4,281.4
5/22/2024 1:45,1604,0,0.017,9.4,1.12,96.6,0.952,3.57,280.9
5/22/2024 2:00,1605,0,0,9.3,1.12,96.5,0.956,3.79,275.7
5/22/2024 2:15,1606,0,0,9,1.1,96.5,0.958,3.7,273.3
5/22/2024 2:30,1607,0,0,8.8,1.08,96.5,0.956,3.2,275.3
5/22/2024 2:45,1608,0,0,8.6,1.06,96.5,0.95,3.01,274.1
5/22/2024 3:00,1609,0,0.017,8.6,1.06,96.5,0.949,3.05,277
5/22/2024 3:15,1610,0,0,8.6,1.06,96.5,0.949,3.16,282
5/22/2024 3:30,1611,0,0,8.7,1.07,96.5,0.946,3.62,285
5/22/2024 3:45,1612,0,0,8.8,1.08,96.4,0.95,3.34,279.6
5/22/2024 4:00,1613,0,0,8.9,1.08,96.4,0.953,3.63,277.9
5/22/2024 4:15,1614,0,0,8.8,1.08,96.4,0.958,3.1,277.2
5/22/2024 4:30,1615,0,0.017,8.8,1.08,96.4,0.958,3.09,282.4
5/22/2024 4:45,1616,0,0,8.5,1.07,96.4,0.962,2.34,274.8
5/22/2024 5:00,1617,0,0,8.3,1.05,96.4,0.96,1.82,268.8
5/22/2024 5:15,1618,0,0,8.3,1.04,96.4,0.948,2.08,302.8
5/22/2024 5:30,1619,1,0,8.2,1.04,96.4,0.953,2.3,313.8
5/22/2024 5:45,1620,5,0,7.9,1.03,96.4,0.965,1.46,325.1
5/22/2024 6:00,1621,11,0,7.6,1.01,96.4,0.97,1.26,311.2
5/22/2024 6:15,1622,21,0,7.5,0.99,96.4,0.954,1.74,334.4
5/22/2024 6:30,1623,94,0,8.2,0.99,96.4,0.912,3.38,356.6
5/22/2024 6:45,1624,107,0,8.2,0.93,96.4,0.859,5.68,3.2
5/22/2024 7:00,1625,45,0,7.5,0.76,96.4,0.737,5.66,0.1
5/22/2024 7:15,1626,79,0,7.1,0.71,96.4,0.707,5.39,4.5
5/22/2024 7:30,1627,100,0,7,0.7,96.4,0.694,6.05,357.7
5/22/2024 7:45,1628,274,0,7.8,0.74,96.4,0.7,7.04,353.5
5/22/2024 8:00,1629,314,0,8.2,0.75,96.4,0.692,6.97,353.5
5/22/2024 8:15,1630,356,0,8.8,0.75,96.4,0.665,6.63,351.5
5/22/2024 8:30,1631,402,0,9.1,0.75,96.4,0.654,6.79,342.6
5/22/2024 8:45,1632,446,0,9.5,0.78,96.4,0.657,5.77,338.8
5/22/2024 9:00,1633,491,0,9.9,0.77,96.4,0.631,6.71,340.8
5/22/2024 9:15,1634,523,0,10,0.75,96.4,0.615,7.29,338
5/22/2024 9:30,1635,467,0,10.2,0.74,96.5,0.597,6.87,340.2
5/22/2024 9:45,1636,369,0,10,0.71,96.5,0.579,6.73,336.5
5/22/2024 10:00,1637,621,0,10.5,0.72,96.5,0.568,6.65,333.3
5/22/2024 10:15,1638,591,0,10.8,0.74,96.5,0.571,6.91,333.2
5/22/2024 10:30,1639,543,0,10.5,0.71,96.5,0.566,7.01,339.2
5/22/2024 10:45,1640,531,0,10.5,0.71,96.5,0.562,7.12,336.5
5/22/2024 11:00,1641,606,0,10.7,0.72,96.5,0.567,6.46,340.1
5/22/2024 11:15,1642,805,0,11.1,0.75,96.5,0.57,5.93,331.5
5/22/2024 11:30,1643,885,0,11.6,0.76,96.5,0.555,5.35,333.7
5/22/2024 11:45,1644,936,0,12.3,0.78,96.5,0.549,4.9,317
5/22/2024 12:00,1645,637,0,12.4,0.77,96.5,0.544,4.11,326
5/22/2024 12:15,1646,702,0,12.5,0.77,96.5,0.53,4.93,320
5/22/2024 12:30,1647,537,0,12.3,0.77,96.6,0.535,4.23,341.1
5/22/2024 12:45,1648,159,0,10.1,0.82,96.6,0.663,4.75,70
5/22/2024 13:00,1649,103,0.204,8.8,0.82,96.6,0.726,4.95,65.8
5/22/2024 13:15,1650,119,0.068,8.6,0.83,96.7,0.743,2.6,64.8
5/22/2024 13:30,1651,251,0.391,8.7,0.81,96.7,0.715,2.28,323.8
5/22/2024 13:45,1652,660,0,9.8,0.83,96.7,0.682,3.7,270.1
5/22/2024 14:00,1653,597,0,10.2,0.87,96.7,0.702,4.17,280.4
5/22/2024 14:15,1654,377,0,10.2,0.85,96.7,0.679,2.02,288.2
5/22/2024 14:30,1655,152,0,10.2,0.8,96.7,0.645,1.16,10.1
5/22/2024 14:45,1656,90,0.255,9.4,0.85,96.8,0.718,3.21,47.7
5/22/2024 15:00,1657,96,0.544,8.6,0.85,96.8,0.76,2.02,49.6
5/22/2024 15:15,1658,197,0.187,8.3,0.85,96.8,0.782,1.1,341.2
5/22/2024 15:30,1659,337,0.017,8.8,0.89,96.8,0.79,2.16,249.5
5/22/2024 15:45,1660,453,0,9,0.92,96.8,0.797,3.59,258.8
5/22/2024 16:00,1661,656,0,9.7,0.92,96.9,0.772,3.57,254.4
5/22/2024 16:15,1662,734,0,10.2,0.92,96.8,0.743,3.64,257.7
5/22/2024 16:30,1663,708,0,10.5,0.9,96.8,0.704,3.03,268.7
5/22/2024 16:45,1664,685,0,11.1,0.91,96.9,0.689,2.67,288.7
5/22/2024 17:00,1665,679,0,11.2,0.92,96.9,0.685,2.88,325.5
5/22/2024 17:15,1666,354,0,10.9,0.9,96.9,0.696,2.66,323.1
5/22/2024 17:30,1667,408,0,10.9,0.88,96.9,0.677,1.65,326.8
5/22/2024 17:45,1668,379,0,11,0.89,96.9,0.681,2.05,320.6
5/22/2024 18:00,1669,232,0,10.8,0.88,97,0.679,1.49,304.2
5/22/2024 18:15,1670,431,0,11.2,0.9,97,0.676,1.76,272
5/22/2024 18:30,1671,342,0,11.2,0.88,97,0.66,1.62,313
5/22/2024 18:45,1672,223,0,11.2,0.88,97,0.665,1.99,291.7
5/22/2024 19:00,1673,103,0,10.9,0.84,97,0.646,1.78,276
5/22/2024 19:15,1674,85,0,10.7,0.85,97.1,0.659,1.95,298.1
5/22/2024 19:30,1675,110,0,10.4,0.89,97.1,0.701,1.72,313.1
5/22/2024 19:45,1676,109,0,10.5,0.9,97.1,0.711,1.78,324.9
5/22/2024 20:00,1677,100,0,10.5,0.91,97.1,0.721,1.46,337.6
5/22/2024 20:15,1678,70,0,10.4,0.91,97.1,0.718,1.14,325.5
5/22/2024 20:30,1679,38,0,10.2,0.9,97.1,0.72,0.72,313.4
5/22/2024 20:45,1680,9,0,9.3,0.88,97.2,0.747,1.03,345
5/22/2024 21:00,1681,3,0,8.7,0.86,97.2,0.762,1.08,320.2
5/22/2024 21:15,1682,0,0,7.9,0.86,97.2,0.802,0.88,321.4
5/22/2024 21:30,1683,0,0,7.5,0.84,97.2,0.812,0.84,310.7
5/22/2024 21:45,1684,0,0,6.8,0.82,97.2,0.834,0.74,325
5/22/2024 22:00,1685,0,0,6.7,0.81,97.2,0.823,0.66,318.6
5/22/2024 22:15,1686,0,0,6.7,0.81,97.2,0.826,1.1,347.8
5/22/2024 22:30,1687,0,0,6.4,0.8,97.2,0.831,0.76,338.5
5/22/2024 22:45,1688,0,0,6.1,0.8,97.2,0.85,0.48,212
5/22/2024 23:00,1689,0,0,5.8,0.78,97.3,0.852,0.47,244.3
5/22/2024 23:15,1690,0,0,5.7,0.78,97.3,0.858,0.95,269.9
5/22/2024 23:30,1691,0,0,5.4,0.78,97.3,0.874,0.53,276.4
5/22/2024 23:45,1692,0,0,5.3,0.79,97.3,0.885,0.31,234.6
5/23/2024 0:00,1693,0,0,5.4,0.8,97.3,0.893,0.71,215.1
5/23/2024 0:15,1694,0,0,5.6,0.82,97.3,0.899,0.66,228.8
5/23/2024 0:30,1695,0,0,6.2,0.85,97.3,0.895,0.9,243.6
5/23/2024 0:45,1696,0,0,6.3,0.87,97.3,0.915,1.06,267.9
5/23/2024 1:00,1697,0,0,6.2,0.88,97.3,0.93,1.02,263
5/23/2024 1:15,1698,0,0,6,0.88,97.3,0.938,1.17,254.9
5/23/2024 1:30,1699,0,0,6.2,0.88,97.3,0.926,1.69,260.4
5/23/2024 1:45,1700,0,0,5.9,0.88,97.3,0.948,1.49,256.4
5/23/2024 2:00,1701,0,0,5.8,0.87,97.3,0.943,1.58,269.6
5/23/2024 2:15,1702,0,0,5.6,0.86,97.3,0.949,1.18,253.4
5/23/2024 2:30,1703,0,0,5.4,0.85,97.3,0.944,1.08,257.3
5/23/2024 2:45,1704,0,0,5.4,0.84,97.3,0.938,1.01,268.3
5/23/2024 3:00,1705,0,0,4.6,0.82,97.3,0.973,1.19,206.6
5/23/2024 3:15,1706,0,0,4.1,0.79,97.3,0.968,0.96,198.4
5/23/2024 3:30,1707,0,0,4.6,0.79,97.3,0.925,1.58,230.9
5/23/2024 3:45,1708,0,0,5.4,0.82,97.3,0.917,1.75,233.9
5/23/2024 4:00,1709,0,0,6,0.86,97.3,0.919,1.84,257.8
5/23/2024 4:15,1710,0,0,6.2,0.89,97.3,0.937,1.82,248.5
5/23/2024 4:30,1711,0,0,6.3,0.9,97.3,0.947,1.94,242.9
5/23/2024 4:45,1712,0,0,6.4,0.91,97.3,0.949,2.07,268.1
5/23/2024 5:00,1713,0,0,6.2,0.91,97.3,0.953,1.62,273.6
5/23/2024 5:15,1714,0,0,6,0.89,97.3,0.95,2.13,269
5/23/2024 5:30,1715,4,0,5.8,0.88,97.3,0.95,1.87,259.7
5/23/2024 5:45,1716,14,0,5.8,0.87,97.3,0.945,1.41,274
5/23/2024 6:00,1717,42,0,6,0.9,97.3,0.957,1.04,267.9
5/23/2024 6:15,1718,68,0.017,6.3,0.93,97.4,0.977,1.42,240.4
5/23/2024 6:30,1719,95,0,6.3,0.95,97.4,0.997,1.34,235.1
5/23/2024 6:45,1720,126,0,6.6,0.98,97.4,1,1.9,248.7
5/23/2024 7:00,1721,158,0.017,7.1,1,97.4,0.999,1.91,232.5
5/23/2024 7:15,1722,197,0,7.4,1.03,97.4,0.994,2.07,247.9
5/23/2024 7:30,1723,132,0,7.7,1.01,97.4,0.963,2.35,261.8
5/23/2024 7:45,1724,274,0,8.1,1.04,97.4,0.957,2.94,257.8
5/23/2024 8:00,1725,313,0,8.7,1.07,97.4,0.956,2.85,260.7
5/23/2024 8:15,1726,354,0,9.3,1.09,97.4,0.932,3.16,254.8
5/23/2024 8:30,1727,414,0,9.8,1.1,97.4,0.91,3.21,263.1
5/23/2024 8:45,1728,392,0,10.2,1.09,97.5,0.876,2.98,268.5
5/23/2024 9:00,1729,422,0,10.5,1.08,97.5,0.847,3.06,271.3
5/23/2024 9:15,1730,414,0,11.1,1.09,97.4,0.824,2.94,267.2
5/23/2024 9:30,1731,555,0,11.7,1.11,97.4,0.813,2.71,263.8
5/23/2024 9:45,1732,627,0,12.3,1.12,97.4,0.796,3.09,271.2
5/23/2024 10:00,1733,658,0,12.7,1.11,97.4,0.757,2.94,274.7
5/23/2024 10:15,1734,692,0,13.3,1.12,97.4,0.735,3.12,271.7
5/23/2024 10:30,1735,717,0,13.6,1.13,97.4,0.725,3.7,266.1
5/23/2024 10:45,1736,748,0,14,1.14,97.4,0.719,3.67,274
5/23/2024 11:00,1737,778,0,14.2,1.13,97.4,0.698,3.69,277.2
5/23/2024 11:15,1738,806,0,14.7,1.14,97.4,0.682,3.71,276.3
5/23/2024 11:30,1739,831,0,15.1,1.15,97.4,0.679,4.3,276
5/23/2024 11:45,1740,855,0,15.5,1.13,97.4,0.649,4.17,281.3
5/23/2024 12:00,1741,875,0,15.7,1.13,97.4,0.638,4.17,275.9
5/23/2024 12:15,1742,867,0,15.9,1.14,97.4,0.641,4.23,279.7
5/23/2024 12:30,1743,829,0,15.9,1.14,97.4,0.633,3.96,279.7
5/23/2024 12:45,1744,919,0,16.3,1.13,97.4,0.613,4.11,282.7
5/23/2024 13:00,1745,931,0,16.5,1.14,97.4,0.605,4.29,275.3
5/23/2024 13:15,1746,932,0,16.6,1.12,97.4,0.59,3.91,276.9
5/23/2024 13:30,1747,933,0,17.1,1.12,97.4,0.574,3.6,283.2
5/23/2024 13:45,1748,940,0,17,1.12,97.4,0.581,3.83,285
5/23/2024 14:00,1749,868,0,17.4,1.13,97.4,0.572,3.17,294.1
5/23/2024 14:15,1750,831,0,17.7,1.14,97.4,0.561,2.79,289.7
5/23/2024 14:30,1751,723,0,17.6,1.13,97.4,0.564,3.31,279.5
5/23/2024 14:45,1752,801,0,18.2,1.14,97.4,0.545,3.61,276.9
5/23/2024 15:00,1753,879,0,18.2,1.12,97.3,0.541,3.44,278.5
5/23/2024 15:15,1754,847,0,18.4,1.13,97.3,0.539,3.51,274.1
5/23/2024 15:30,1755,823,0,18.7,1.13,97.3,0.526,3.38,260.3
5/23/2024 15:45,1756,783,0,18.7,1.13,97.3,0.526,3.69,267.9
5/23/2024 16:00,1757,751,0,19.1,1.14,97.3,0.519,3.35,268.2
5/23/2024 18:30,1758,NAN,0,0,0,0,0,0,0
5/23/2024 18:45,1759,NAN,0,0,0,0,0,0,0
5/23/2024 19:00,1760,233,0.017,18.8,1.02,97.1,0.549,4.88,265.6
5/23/2024 19:15,1761,200,0,18.7,1.07,97.1,0.495,4.32,268
5/23/2024 19:30,1762,146,0,18.5,1.06,97.1,0.499,4.34,272.1
5/23/2024 19:45,1763,32,0,17.8,1.03,97.1,0.507,4.18,267.2
5/23/2024 20:00,1764,35,0,17.3,1.03,97.1,0.522,3.64,268.1
5/23/2024 20:15,1765,37,0,16.8,1.04,97.1,0.543,3.09,263.2
5/23/2024 20:30,1766,21,0,15.8,1.05,97.1,0.587,2.44,257
5/23/2024 20:45,1767,12,0,15.1,1.04,97.1,0.603,2.59,256.3
5/23/2024 21:00,1768,3,0,14.5,1.02,97.1,0.617,2.73,258.4
5/23/2024 21:15,1769,0,0,14.1,1.01,97,0.632,2.83,258.2
5/23/2024 21:30,1770,0,0,13.7,1.01,97,0.644,2.74,259
5/23/2024 21:45,1771,0,0,13.6,1,97,0.644,2.84,259.1
5/23/2024 22:00,1772,0,0,13.3,1,97,0.658,2.86,259.9
5/23/2024 22:15,1773,0,0,13.3,1,97,0.655,2.95,260.6
5/23/2024 22:30,1774,0,0,12.9,0.99,97,0.666,2.63,255.7
5/23/2024 22:45,1775,0,0,11.7,0.99,97,0.725,1.57,232.7
5/23/2024 23:00,1776,0,0,10.2,0.98,97,0.787,1.11,202
5/23/2024 23:15,1777,0,0,10,0.96,97,0.779,1.24,226.6
5/23/2024 23:30,1778,0,0,9.6,0.96,97,0.799,0.96,198.3
5/23/2024 23:45,1779,0,0,9.7,0.95,97,0.789,1.5,25
5/24/2024 0:00,1780,0,0,10.6,0.97,97,0.762,1.25,345.2
5/24/2024 0:15,1781,0,0,10.6,0.98,97,0.765,1.54,53.4
5/24/2024 0:30,1782,0,0,10.7,0.99,97,0.774,0.81,355.4
5/24/2024 0:45,1783,0,0,10,0.98,97,0.797,0.59,145.4
5/24/2024 1:00,1784,0,0,10.6,0.96,97,0.752,0.25,56.1
5/24/2024 1:15,1785,0,0,9.3,0.95,97,0.805,0.72,189.7
5/24/2024 1:30,1786,0,0,9.4,0.92,97,0.786,0.62,175.7
5/24/2024 1:45,1787,0,0,10.1,0.9,96.9,0.726,0.61,23.4
5/24/2024 2:00,1788,0,0,9.7,0.89,96.9,0.743,0.69,240.4
5/24/2024 2:15,1789,0,0,8.6,0.85,96.9,0.759,0.71,184.6
5/24/2024 2:30,1790,0,0,9.3,0.86,96.9,0.739,0.54,8.7
5/24/2024 2:45,1791,0,0,8.4,0.87,96.9,0.792,0.99,341.9
5/24/2024 3:00,1792,0,0,8.2,0.86,96.9,0.794,0.5,355.7
5/24/2024 3:15,1793,0,0,7.8,0.85,96.9,0.808,0.26,294.4
5/24/2024 3:30,1794,0,0,7.6,0.84,96.9,0.805,0.8,231.1
5/24/2024 3:45,1795,0,0,7.8,0.83,96.9,0.784,0.77,340.4
5/24/2024 4:00,1796,0,0,8.3,0.85,96.8,0.772,1.55,1
5/24/2024 4:15,1797,0,0,8.5,0.87,96.8,0.782,1.95,3.3
5/24/2024 4:30,1798,0,0,7.2,0.86,96.8,0.846,1.07,329.7
5/24/2024 4:45,1799,0,0,6.4,0.81,96.8,0.844,0.82,186.9
5/24/2024 5:00,1800,0,0,6.2,0.79,96.8,0.835,0.93,169.6
5/24/2024 5:15,1801,0,0,5.4,0.78,96.8,0.865,0.86,188.8
5/24/2024 5:30,1802,2,0,4.6,0.75,96.8,0.887,1.33,188.5
5/24/2024 5:45,1803,10,0,4.3,0.73,96.8,0.881,1.26,181.6
5/24/2024 6:00,1804,35,0,4.6,0.75,96.8,0.886,0.93,178.1
5/24/2024 6:15,1805,61,0,5.1,0.79,96.8,0.905,0.97,198.7
5/24/2024 6:30,1806,90,0,6.1,0.85,96.8,0.904,0.86,207.8
5/24/2024 6:45,1807,123,0,6.8,0.91,96.8,0.918,1.22,209.7
5/24/2024 7:00,1808,161,0,7.6,0.96,96.8,0.917,1.26,211.9
5/24/2024 7:15,1809,199,0,8.7,1.01,96.8,0.897,1.66,234
5/24/2024 7:30,1810,235,0,9.7,1.07,96.8,0.884,2.81,268.4
5/24/2024 7:45,1811,274,0,10.2,1.09,96.8,0.874,3.05,269.8
5/24/2024 8:00,1812,298,0,10.7,1.11,96.8,0.864,3.45,268.5
5/24/2024 8:15,1813,348,0,11.4,1.12,96.8,0.833,3.73,272.6
5/24/2024 8:30,1814,356,0,11.8,1.12,96.8,0.809,3.28,276.1
5/24/2024 8:45,1815,445,0,12.5,1.12,96.8,0.775,3.44,285.7
5/24/2024 9:00,1816,498,0,13,1.11,96.8,0.739,3.52,289.3
5/24/2024 9:15,1817,521,0,13.5,1.11,96.8,0.72,3.27,287.7
5/24/2024 9:30,1818,521,0,13.8,1.1,96.8,0.702,2.79,286.5
5/24/2024 9:45,1819,605,0,14.2,1.1,96.8,0.677,2.62,286.5
5/24/2024 10:00,1820,561,0,14.2,1.07,96.7,0.667,2.9,278.7
5/24/2024 10:15,1821,637,0,14.5,1.07,96.7,0.651,3.05,279.7
5/24/2024 10:30,1822,681,0,15,1.11,96.7,0.654,2.91,276.4
5/24/2024 10:45,1823,825,0,15.5,1.13,96.7,0.644,2.51,276.5
5/24/2024 11:00,1824,871,0,16.1,1.12,96.7,0.619,2.9,294.7
5/24/2024 11:15,1825,852,0,16.5,1.13,96.7,0.608,2.79,309.5
5/24/2024 11:30,1826,833,0,16.6,1.05,96.7,0.556,2.76,319.8
5/24/2024 11:45,1827,795,0,16.6,1.04,96.7,0.554,2.19,307.8
5/24/2024 12:00,1828,936,0,17.2,1.04,96.6,0.535,2.17,323.1
5/24/2024 12:15,1829,944,0,17.5,1.04,96.6,0.516,2.57,311.1
5/24/2024 12:30,1830,867,0,17.8,1.05,96.6,0.515,3.12,305.9
5/24/2024 12:45,1831,987,0,18.4,1.06,96.6,0.506,2.62,309.5
5/24/2024 13:00,1832,787,0,18.5,1.07,96.6,0.503,2.76,298.3
5/24/2024 13:15,1833,658,0,18.2,1.06,96.6,0.51,2.32,302.6
5/24/2024 13:30,1834,511,0,17.9,1.07,96.6,0.518,3.25,291.6
5/24/2024 13:45,1835,684,0,18.4,1.08,96.5,0.513,3.2,320.4
5/24/2024 14:00,1836,773,0,18.7,1.05,96.5,0.486,1.9,308.9
5/24/2024 14:15,1837,725,0,18.7,1.04,96.5,0.481,2.29,283.1
5/24/2024 14:30,1838,783,0,19.1,0.98,96.5,0.448,2.3,288.7
5/24/2024 14:45,1839,835,0,19.5,1,96.5,0.441,2.22,305.3
5/24/2024 15:00,1840,883,0,19.8,1.02,96.5,0.44,2.19,303.5
5/24/2024 15:15,1841,869,0,20,1.03,96.5,0.441,2.86,323.5
5/24/2024 15:30,1842,837,0,20.3,1.03,96.4,0.433,2.19,316.3
5/24/2024 15:45,1843,725,0,20.5,1.06,96.4,0.444,2.69,320.9
5/24/2024 16:00,1844,763,0,20.5,1.03,96.4,0.426,1.32,336
5/24/2024 16:15,1845,753,0,20.8,1.05,96.4,0.427,2.31,313.6
5/24/2024 16:30,1846,445,0,20.5,1.04,96.4,0.429,2.56,311.3
5/24/2024 16:45,1847,537,0,20.6,1,96.4,0.414,2.13,321
5/24/2024 17:00,1848,660,0,21.3,1.05,96.3,0.41,2.53,321.4
5/24/2024 17:15,1849,607,0,21.1,1.09,96.3,0.437,2.51,292.4
5/24/2024 17:30,1850,542,0,21.4,1.03,96.3,0.406,1.42,332.3
5/24/2024 17:45,1851,156,0,20.3,1.03,96.3,0.434,2.49,334
5/24/2024 18:00,1852,56,0,18.6,1.03,96.3,0.481,4.11,351.1
5/24/2024 18:15,1853,47,0,18.1,0.99,96.3,0.477,4.64,5.2
5/24/2024 18:30,1854,48,0,17.8,0.96,96.3,0.472,5.22,11.7
5/24/2024 18:45,1855,47,0,17.7,0.94,96.3,0.467,4.95,14.3
5/24/2024 19:00,1856,85,0,17.8,0.97,96.3,0.474,4.26,10.6
5/24/2024 19:15,1857,90,0,17.4,1,96.3,0.504,3.98,8.2
5/24/2024 19:30,1858,78,0,17.1,1.01,96.3,0.521,3.35,10
5/24/2024 19:45,1859,59,0,16.8,1,96.3,0.521,3.13,20.1
5/24/2024 20:00,1860,40,0,16.6,0.98,96.3,0.516,3.58,21.8
5/24/2024 20:15,1861,26,0,16.4,0.98,96.3,0.529,2.8,20.4
5/24/2024 20:30,1862,24,0,16.1,0.99,96.3,0.542,2.48,14.7
5/24/2024 20:45,1863,20,0,16.2,0.97,96.3,0.531,3.3,18.7
5/24/2024 21:00,1864,5,0,15.6,0.97,96.3,0.548,3.41,11.3
5/24/2024 21:15,1865,1,0,15,0.96,96.4,0.566,2.78,5.3
5/24/2024 21:30,1866,0,0,14.5,0.95,96.4,0.579,2.79,3.5
5/24/2024 21:45,1867,0,0,14.3,0.94,96.4,0.575,3.09,16.7
5/24/2024 22:00,1868,0,0,14.4,0.93,96.4,0.567,3.37,14.4
5/24/2024 22:15,1869,0,0,14,0.93,96.4,0.576,3.3,13.6
5/24/2024 22:30,1870,0,0,13.5,0.92,96.4,0.595,2.47,18
5/24/2024 22:45,1871,0,0,13.6,0.92,96.4,0.595,3.14,25.4
5/24/2024 23:00,1872,0,0,13.6,0.93,96.4,0.6,3.18,27
5/24/2024 23:15,1873,0,0,13.5,0.92,96.4,0.593,3.75,14.1
5/24/2024 23:30,1874,0,0,13.1,0.91,96.4,0.604,3.1,8.7
5/24/2024 23:45,1875,0,0,12.6,0.89,96.4,0.612,2.54,19.2
5/25/2024 0:00,1876,0,0,12.2,0.89,96.4,0.627,2.65,24.6
5/25/2024 0:15,1877,0,0,11.8,0.88,96.4,0.638,2.95,18
5/25/2024 0:30,1878,0,0,11.4,0.88,96.4,0.654,3.03,359.9
5/25/2024 0:45,1879,0,0,11.2,0.87,96.4,0.655,2.81,341.9
5/25/2024 1:00,1880,0,0,10.2,0.86,96.4,0.694,1.62,331.2
5/25/2024 1:15,1881,0,0,9.7,0.85,96.4,0.701,1.72,342.2
5/25/2024 1:30,1882,0,0,9.1,0.84,96.4,0.724,1.67,342.5
5/25/2024 1:45,1883,0,0,9.4,0.83,96.4,0.701,1.81,350.7
5/25/2024 2:00,1884,0,0,9.3,0.82,96.4,0.699,1.5,329.1
5/25/2024 2:15,1885,0,0,9,0.83,96.4,0.72,1.47,299.3
5/25/2024 2:30,1886,0,0,8.7,0.83,96.4,0.738,1.16,302.1
5/25/2024 2:45,1887,0,0,8.6,0.83,96.4,0.745,2.07,318.6
5/25/2024 3:00,1888,0,0,9.1,0.86,96.5,0.74,2.7,307.1
5/25/2024 3:15,1889,0,0,8.4,0.86,96.5,0.779,1.88,290.1
5/25/2024 3:30,1890,0,0,8.1,0.85,96.5,0.786,1.3,298.6
5/25/2024 3:45,1891,0,0,8.1,0.85,96.5,0.781,1.75,290.4
5/25/2024 4:00,1892,0,0,8.5,0.85,96.5,0.777,2.41,296
5/25/2024 4:15,1893,0,0,8.3,0.86,96.5,0.788,2.82,296.2
5/25/2024 4:30,1894,0,0,8.5,0.86,96.5,0.779,2.96,297.3
5/25/2024 4:45,1895,0,0,8.9,0.88,96.5,0.773,2.89,306.5
5/25/2024 5:00,1896,0,0,9,0.89,96.5,0.777,1.95,321.9
5/25/2024 5:15,1897,0,0,9.2,0.9,96.5,0.77,2.62,311.8
5/25/2024 5:30,1898,3,0,9.3,0.89,96.5,0.76,2.68,309.4
5/25/2024 5:45,1899,9,0,8.4,0.87,96.5,0.788,1.67,327
5/25/2024 6:00,1900,21,0,7.9,0.85,96.5,0.795,1.63,304.4
5/25/2024 6:15,1901,50,0,8.3,0.86,96.5,0.792,2.25,293
5/25/2024 6:30,1902,81,0,8.7,0.88,96.5,0.783,3.25,313.1
5/25/2024 6:45,1903,111,0,8.9,0.89,96.5,0.78,2.81,305.5
5/25/2024 7:00,1904,145,0,9.2,0.9,96.5,0.774,2.46,312.5
5/25/2024 7:15,1905,182,0,9.7,0.9,96.5,0.749,2.67,311.5
5/25/2024 7:30,1906,217,0,10.1,0.88,96.5,0.71,3.19,312.1
5/25/2024 7:45,1907,173,0,10.2,0.86,96.5,0.69,3.77,302.6
5/25/2024 8:00,1908,311,0,10.5,0.85,96.5,0.675,4.15,294.7
5/25/2024 8:15,1909,354,0,11,0.87,96.5,0.661,4.61,288.6
5/25/2024 8:30,1910,400,0,11.4,0.87,96.5,0.65,5.17,283.9
5/25/2024 8:45,1911,446,0,12,0.86,96.5,0.62,4.99,296.6
5/25/2024 9:00,1912,492,0,12.5,0.85,96.6,0.586,4.75,294.9
5/25/2024 9:15,1913,537,0,12.9,0.84,96.6,0.565,4.76,295.6
5/25/2024 9:30,1914,580,0,13.2,0.84,96.6,0.55,4.9,315.3
5/25/2024 9:45,1915,628,0,13.5,0.81,96.6,0.517,5.57,318.6
5/25/2024 10:00,1916,678,0,14,0.8,96.6,0.505,6.08,316.8
5/25/2024 10:15,1917,673,0,14,0.79,96.6,0.496,6.04,305.6
5/25/2024 10:30,1918,748,0,14.5,0.8,96.6,0.484,6.23,316
5/25/2024 10:45,1919,797,0,14.9,0.81,96.6,0.481,5.8,311.8
5/25/2024 11:00,1920,786,0,14.8,0.82,96.6,0.487,6.37,294.4
5/25/2024 11:15,1921,744,0,15,0.8,96.6,0.469,5.63,318.1
5/25/2024 11:30,1922,814,0,15.4,0.8,96.6,0.464,5.61,314.3
5/25/2024 11:45,1923,743,0,15.3,0.8,96.6,0.459,5.15,303.7
5/25/2024 12:00,1924,841,0,15.7,0.8,96.6,0.447,5.24,289.1
5/25/2024 12:15,1925,887,0,16.2,0.8,96.6,0.436,4.79,316.7
5/25/2024 12:30,1926,894,0,16.4,0.79,96.6,0.427,5.09,313.3
5/25/2024 12:45,1927,922,0,16.9,0.79,96.6,0.407,5.21,322.8
5/25/2024 13:00,1928,964,0,17.1,0.79,96.6,0.402,4.32,310.5
5/25/2024 13:15,1929,959,0,17.6,0.8,96.6,0.398,5.62,315.4
5/25/2024 13:30,1930,674,0,17.3,0.81,96.6,0.412,4.97,303.8
5/25/2024 13:45,1931,493,0,17.1,0.81,96.6,0.415,5.01,301.3
5/25/2024 14:00,1932,611,0,17.3,0.81,96.6,0.413,5,298.7
5/25/2024 14:15,1933,595,0,17.6,0.82,96.6,0.409,5.22,318
5/25/2024 14:30,1934,429,0,17.3,0.81,96.6,0.411,5,318.4
5/25/2024 14:45,1935,424,0,17.5,0.83,96.6,0.417,4.33,320.1
5/25/2024 15:00,1936,391,0,17.3,0.84,96.6,0.428,4.16,343.4
5/25/2024 15:15,1937,353,0,17.4,0.86,96.6,0.433,4.19,352.9
5/25/2024 15:30,1938,391,0,17.3,0.86,96.6,0.435,5.37,8
5/25/2024 15:45,1939,409,0,16.4,0.81,96.7,0.433,7.65,11.3
5/25/2024 16:00,1940,796,0,17.4,0.81,96.6,0.409,7.67,9
5/25/2024 16:15,1941,500,0,16.8,0.81,96.7,0.423,7.3,9.7
5/25/2024 16:30,1942,439,0,16.7,0.79,96.7,0.42,5.84,6.7
5/25/2024 16:45,1943,412,0,16.5,0.79,96.7,0.42,5.25,3.3
5/25/2024 17:00,1944,655,0,17.5,0.8,96.7,0.4,5.7,355.3
5/25/2024 17:15,1945,448,0,17.3,0.79,96.7,0.403,6.13,348.8
5/25/2024 17:30,1946,373,0,16.8,0.82,96.7,0.428,5.93,1.6
5/25/2024 17:45,1947,224,0,15.4,0.77,96.7,0.441,7.05,358.7
5/25/2024 18:00,1948,188,0,15.1,0.72,96.7,0.421,6.89,4
5/25/2024 18:15,1949,377,0,16,0.72,96.7,0.399,6.16,2.7
5/25/2024 18:30,1950,342,0,16.5,0.75,96.7,0.4,6.33,3.3
5/25/2024 18:45,1951,159,0,15.3,0.71,96.8,0.405,6.92,5.9
5/25/2024 19:00,1952,211,0,15.2,0.7,96.8,0.404,6.93,3.9
5/25/2024 19:15,1953,239,0,15.4,0.71,96.8,0.406,7.07,1.6
5/25/2024 19:30,1954,180,0,15.2,0.7,96.8,0.404,7.5,0.5
5/25/2024 19:45,1955,113,0,14.5,0.71,96.8,0.427,6.22,356.1
5/25/2024 20:00,1956,93,0,14,0.72,96.8,0.45,6.84,2.9
5/25/2024 20:15,1957,49,0,13.3,0.71,96.9,0.465,6.86,6.7
5/25/2024 20:30,1958,24,0,12.6,0.69,96.9,0.472,6.28,7.4
5/25/2024 20:45,1959,14,0,12.1,0.68,96.9,0.482,7.08,9.5
5/25/2024 21:00,1960,3,0,11.7,0.67,96.9,0.487,7.05,7.9
5/25/2024 21:15,1961,0,0,11.5,0.67,96.9,0.491,6.95,11.3
5/25/2024 21:30,1962,0,0,11.2,0.66,97,0.498,6.11,9.8
5/25/2024 21:45,1963,0,0,11.2,0.66,97,0.499,7.41,11.4
5/25/2024 22:00,1964,0,0,10.9,0.67,97,0.512,7.14,13.3
5/25/2024 22:15,1965,0,0,10.6,0.67,97,0.525,5.87,4.7
5/25/2024 22:30,1966,0,0,10.4,0.67,97,0.533,6.65,2.5
5/25/2024 22:45,1967,0,0,10.2,0.68,97,0.548,5.23,2.3
5/25/2024 23:00,1968,0,0,9.9,0.68,97.1,0.554,4.83,3.2
5/25/2024 23:15,1969,0,0,9.8,0.68,97.1,0.559,4.84,0.1
5/25/2024 23:30,1970,0,0,9.6,0.68,97.1,0.571,4.51,0.7
5/25/2024 23:45,1971,0,0,9.3,0.69,97.1,0.586,3.92,358.5
5/26/2024 0:00,1972,0,0,9,0.69,97.1,0.599,3.18,359.2
5/26/2024 0:15,1973,0,0,8.2,0.69,97.1,0.635,2.57,350.2
5/26/2024 0:30,1974,0,0,7.5,0.69,97.1,0.668,1.73,337.7
5/26/2024 0:45,1975,0,0,7,0.69,97.1,0.686,2.34,349.4
5/26/2024 1:00,1976,0,0,7.5,0.69,97.1,0.66,2.71,344.9
5/26/2024 1:15,1977,0,0,7.6,0.7,97.1,0.669,3.03,343.5
5/26/2024 1:30,1978,0,0,7.2,0.7,97.2,0.689,2.42,327.9
5/26/2024 1:45,1979,0,0,6.7,0.7,97.2,0.707,2.05,319
5/26/2024 2:00,1980,0,0,7,0.7,97.2,0.696,2.82,299.5
5/26/2024 2:15,1981,0,0,6.8,0.7,97.2,0.713,2.26,318.7
5/26/2024 2:30,1982,0,0,6.8,0.7,97.3,0.712,2.66,309.5
5/26/2024 2:45,1983,0,0,6.7,0.71,97.3,0.723,2.65,325.8
5/26/2024 3:00,1984,0,0,6.8,0.71,97.3,0.716,2.87,327.6
5/26/2024 3:15,1985,0,0,6.3,0.71,97.3,0.74,1.85,314.2
5/26/2024 3:30,1986,0,0,6.3,0.7,97.3,0.736,1.89,316.6
5/26/2024 3:45,1987,0,0,5.8,0.7,97.3,0.756,1.55,303.3
5/26/2024 4:00,1988,0,0,6.1,0.7,97.3,0.744,2.05,319.3
5/26/2024 4:15,1989,0,0,5.7,0.71,97.3,0.772,1.92,316
5/26/2024 4:30,1990,0,0,6.5,0.72,97.3,0.741,2.7,307.3
5/26/2024 4:45,1991,0,0,6,0.72,97.3,0.772,2.1,289.7
5/26/2024 5:00,1992,0,0,5.5,0.71,97.3,0.787,1.76,285.4
5/26/2024 5:15,1993,1,0,5.1,0.7,97.3,0.798,1.86,276.7
5/26/2024 5:30,1994,5,0,5.4,0.71,97.3,0.789,2.43,287.5
5/26/2024 5:45,1995,16,0,5.7,0.73,97.3,0.797,2.29,279
5/26/2024 6:00,1996,40,0,5.7,0.75,97.3,0.819,1.8,273.6
5/26/2024 6:15,1997,70,0,6,0.78,97.4,0.831,2.6,278.8
5/26/2024 6:30,1998,98,0,6.7,0.81,97.4,0.821,2.55,286.5
5/26/2024 6:45,1999,127,0,7.1,0.82,97.4,0.815,2.79,293.6
5/26/2024 7:00,2000,164,0,7.7,0.84,97.4,0.803,2.53,290.3
5/26/2024 7:15,2001,200,0,8.2,0.86,97.4,0.789,2.49,287.2
5/26/2024 7:30,2002,246,0,8.8,0.87,97.4,0.764,2.93,289.3
5/26/2024 7:45,2003,273,0,9.2,0.87,97.4,0.751,2.71,282.9
5/26/2024 8:00,2004,314,0,9.6,0.87,97.5,0.736,3.02,294.6
5/26/2024 8:15,2005,360,0,10,0.89,97.5,0.721,2.99,302.5
5/26/2024 8:30,2006,409,0,10.6,0.91,97.5,0.709,3.45,296.4
5/26/2024 8:45,2007,457,0,11.5,0.92,97.5,0.674,3.4,309.4
5/26/2024 9:00,2008,524,0,12.2,0.93,97.5,0.653,2.97,314.8
5/26/2024 9:15,2009,439,0,12.6,0.93,97.5,0.638,3.6,312.2
5/26/2024 9:30,2010,517,0,12.8,0.91,97.5,0.619,3.42,299.3
5/26/2024 9:45,2011,534,0,13.1,0.9,97.5,0.595,3.92,287.7
5/26/2024 10:00,2012,558,0,13.1,0.89,97.5,0.588,4.32,277.9
5/26/2024 10:15,2013,704,0,13.6,0.9,97.5,0.586,4.03,280.5
5/26/2024 10:30,2014,740,0,14.1,0.94,97.5,0.586,3.69,289.3
5/26/2024 10:45,2015,757,0,14.2,0.94,97.5,0.576,4.66,284.5
5/26/2024 11:00,2016,722,0,14.3,0.93,97.5,0.563,3.99,284.1
5/26/2024 11:15,2017,724,0,14.7,0.93,97.5,0.563,3.52,296
5/26/2024 11:30,2018,684,0,15,0.96,97.5,0.557,3.81,289
5/26/2024 11:45,2019,549,0,14.8,0.94,97.5,0.563,3.58,287.6
5/26/2024 12:00,2020,563,0,15.1,0.94,97.5,0.547,3.58,296.5
5/26/2024 12:15,2021,734,0,15.4,0.96,97.5,0.548,3.71,291.7
5/26/2024 12:30,2022,893,0,15.8,0.98,97.5,0.546,3.6,309.3
5/26/2024 12:45,2023,961,0,16,0.97,97.6,0.538,2.77,304.6
5/26/2024 13:00,2024,1032,0,16.8,0.99,97.5,0.516,2.72,301.3
5/26/2024 13:15,2025,881,0,17.2,1.01,97.5,0.517,2.94,321
5/26/2024 13:30,2026,884,0,17.4,1.02,97.5,0.508,2.43,302
5/26/2024 13:45,2027,514,0,17.3,1.01,97.5,0.516,3.07,311.2
5/26/2024 14:00,2028,752,0,17.5,1.01,97.5,0.508,2.71,294.6
5/26/2024 14:15,2029,573,0,17.5,1.02,97.5,0.517,2.98,281.3
5/26/2024 14:30,2030,718,0,17.9,0.99,97.5,0.482,1.98,311
5/26/2024 14:45,2031,515,0,18,1,97.5,0.48,2.26,325
5/26/2024 15:00,2032,589,0,18.1,0.99,97.5,0.476,1.92,292.5
5/26/2024 15:15,2033,468,0,18,1.01,97.5,0.488,2.39,275.4
5/26/2024 15:30,2034,829,0,18.4,0.99,97.5,0.466,2.01,276.6
5/26/2024 15:45,2035,626,0,18.5,1,97.5,0.473,2.91,280.9
5/26/2024 16:00,2036,813,0,18.7,1.02,97.5,0.475,2.82,277.3
5/26/2024 16:15,2037,678,0,18.5,1.01,97.5,0.472,2.11,261.7
5/26/2024 16:30,2038,700,0,18.8,1,97.5,0.464,1.59,284
5/26/2024 16:45,2039,521,0,18.8,0.99,97.5,0.457,1.58,295.2
5/26/2024 17:00,2040,425,0,18.8,1,97.5,0.457,1.81,301.7
5/26/2024 17:15,2041,410,0,18.9,0.99,97.5,0.455,1.28,314.1
5/26/2024 17:30,2042,229,0,18.8,0.97,97.5,0.446,1.21,287.6
5/26/2024 17:45,2043,248,0,18.9,0.97,97.5,0.448,0.79,298.1
5/26/2024 18:00,2044,217,0,18.9,0.98,97.5,0.45,0.91,317.2
5/26/2024 18:15,2045,222,0,18.8,0.98,97.5,0.452,1.03,314.9
5/26/2024 18:30,2046,237,0,19,0.99,97.5,0.452,1.07,268.8
5/26/2024 18:45,2047,182,0,19.1,1,97.5,0.451,1.07,238.3
5/26/2024 19:00,2048,178,0,19.1,1.01,97.5,0.457,1.01,216.9
5/26/2024 19:15,2049,173,0,19.1,0.98,97.5,0.444,0.74,192.6
5/26/2024 19:30,2050,175,0,19.3,0.99,97.5,0.444,1.13,191.5
5/26/2024 19:45,2051,115,0,19.1,1,97.5,0.455,1.18,194
5/26/2024 20:00,2052,42,0,18.3,1.04,97.5,0.497,0.69,201.8
5/26/2024 20:15,2053,33,0,17.7,1.03,97.5,0.507,0.45,181.7
5/26/2024 20:30,2054,26,0,17,1.01,97.5,0.519,0.87,126.5
5/26/2024 20:45,2055,12,0,16.4,0.97,97.5,0.52,0.78,152.6
5/26/2024 21:00,2056,3,0,15.7,0.97,97.5,0.545,1.17,115.5
5/26/2024 21:15,2057,0,0,15.4,0.95,97.5,0.545,1.2,118
5/26/2024 21:30,2058,0,0,14,0.99,97.5,0.619,0.68,195.2
5/26/2024 21:45,2059,0,0,13.4,1.01,97.5,0.655,0.59,148.7
5/26/2024 22:00,2060,0,0,14.8,0.95,97.5,0.565,0.82,106.5
5/26/2024 22:15,2061,0,0,14.3,0.99,97.5,0.608,1.9,74.9
5/26/2024 22:30,2062,0,0,13.4,1.03,97.5,0.667,1.96,98.7
5/26/2024 22:45,2063,0,0,14.1,1.01,97.5,0.627,1.56,92.6
5/26/2024 23:00,2064,0,0,14.7,0.99,97.5,0.59,1.38,94.1
5/26/2024 23:15,2065,0,0,12.4,1,97.5,0.689,0.95,154.9
5/26/2024 23:30,2066,0,0,12.4,1,97.6,0.694,0.56,134.3
5/26/2024 23:45,2067,0,0,12.6,1,97.6,0.682,1.36,27.2
5/27/2024 0:00,2068,0,0,12.8,1.02,97.6,0.695,1.68,30.7
5/27/2024 0:15,2069,0,0,12.7,1.03,97.6,0.704,1.51,55.5
5/27/2024 0:30,2070,0,0,12.2,1.02,97.6,0.723,1.77,54.4
5/27/2024 0:45,2071,0,0,11.3,1.01,97.6,0.754,1.7,56.8
5/27/2024 1:00,2072,0,0,10.9,1,97.6,0.768,1.98,64
5/27/2024 1:15,2073,0,0,10.4,0.99,97.6,0.783,1.76,66.1
5/27/2024 1:30,2074,0,0,10.4,0.98,97.6,0.779,1.96,74.9
5/27/2024 1:45,2075,0,0,10.4,0.99,97.6,0.785,1.71,78.7
5/27/2024 2:00,2076,0,0,10.1,0.98,97.6,0.789,1.48,72.4
5/27/2024 2:15,2077,0,0,10,0.97,97.6,0.791,1.77,71.3
5/27/2024 2:30,2078,0,0,10.1,0.98,97.6,0.79,2,73.2
5/27/2024 2:45,2079,0,0,9.7,0.97,97.6,0.809,1.99,73
5/27/2024 3:00,2080,0,0,9.4,0.96,97.6,0.811,2.09,75.1
5/27/2024 3:15,2081,0,0,9.4,0.95,97.6,0.806,2.34,76
5/27/2024 3:30,2082,0,0,9.4,0.94,97.6,0.799,2.5,80.4
5/27/2024 3:45,2083,0,0,9.2,0.93,97.6,0.794,2.1,83.9
5/27/2024 4:00,2084,0,0,9.3,0.92,97.6,0.787,2.37,80.2
5/27/2024 4:15,2085,0,0,9.5,0.94,97.6,0.792,2.3,82.8
5/27/2024 4:30,2086,0,0,9.1,0.94,97.6,0.81,2.25,79.8
5/27/2024 4:45,2087,0,0,8.9,0.93,97.6,0.815,2.05,86.8
5/27/2024 5:00,2088,0,0,9,0.93,97.6,0.813,2.7,82
5/27/2024 5:15,2089,0,0,9,0.94,97.6,0.82,2.81,81.6
5/27/2024 5:30,2090,3,0,8.7,0.93,97.6,0.832,2.42,88.3
5/27/2024 5:45,2091,13,0,7.5,0.91,97.6,0.873,1.17,155.4
5/27/2024 6:00,2092,32,0,8,0.89,97.6,0.832,1.54,107.1
5/27/2024 6:15,2093,62,0,8.5,0.92,97.6,0.834,1.76,109.5
5/27/2024 6:30,2094,91,0,9.4,0.95,97.6,0.81,2.24,101.3
5/27/2024 6:45,2095,116,0,9.9,0.98,97.6,0.804,2.39,99.1
5/27/2024 7:00,2096,126,0,10.5,1.01,97.6,0.792,2.46,104.6
5/27/2024 7:15,2097,175,0,11.2,1.04,97.7,0.778,2.24,113
5/27/2024 7:30,2098,255,0,12,1.07,97.7,0.765,2.3,101.3
5/27/2024 7:45,2099,227,0,12.3,1.06,97.7,0.741,1.57,98.9
5/27/2024 8:00,2100,283,0,12.6,1.03,97.7,0.702,0.95,94.9
5/27/2024 8:15,2101,350,0,13.1,1.05,97.7,0.7,0.91,173.3
5/27/2024 8:30,2102,396,0,13.6,1.09,97.7,0.703,0.86,249.3
5/27/2024 8:45,2103,406,0,14.1,1.1,97.7,0.684,0.77,31.5
5/27/2024 9:00,2104,495,0,14.5,1.12,97.7,0.679,1.13,33.5
5/27/2024 9:15,2105,561,0,15,1.16,97.7,0.678,1.14,55.2
5/27/2024 9:30,2106,583,0,15.5,1.17,97.7,0.663,1.24,87.8
5/27/2024 9:45,2107,596,0,15.9,1.15,97.7,0.638,1.21,89.9
5/27/2024 10:00,2108,619,0,16.5,1.17,97.7,0.619,0.75,344.1
5/27/2024 10:15,2109,634,0,17.1,1.23,97.7,0.634,0.84,358.4
5/27/2024 10:30,2110,658,0,17.6,1.23,97.7,0.605,1,264.5
5/27/2024 10:45,2111,690,0,18,1.2,97.7,0.582,0.82,242.2
5/27/2024 11:00,2112,772,0,18.7,1.17,97.7,0.542,0.98,196.2
5/27/2024 11:15,2113,691,0,18.8,1.2,97.7,0.555,1,315.5
5/27/2024 11:30,2114,805,0,19.1,1.18,97.7,0.539,1.63,313
5/27/2024 11:45,2115,828,0,19.4,1.17,97.7,0.515,1.06,307.1
5/27/2024 12:00,2116,821,0,19.7,1.18,97.6,0.514,1.59,335.1
5/27/2024 12:15,2117,756,0,20.1,1.21,97.6,0.513,1.39,347.6
5/27/2024 12:30,2118,585,0,20.1,1.21,97.6,0.516,1.08,336.6
5/27/2024 12:45,2119,592,0,20.4,1.21,97.6,0.502,1.17,284
5/27/2024 13:00,2120,624,0,20.6,1.22,97.6,0.499,1.07,341.7
5/27/2024 13:15,2121,600,0,21,1.21,97.6,0.484,1.4,311.9
5/27/2024 13:30,2122,620,0,21.2,1.21,97.6,0.487,1.36,329.1
5/27/2024 13:45,2123,842,0,21.6,1.2,97.6,0.464,1.2,335.7
5/27/2024 14:00,2124,795,0,22.1,1.2,97.5,0.452,1.77,311.4
5/27/2024 14:15,2125,835,0,22.3,1.17,97.5,0.437,1.48,336.9
5/27/2024 14:30,2126,803,0,22.8,1.18,97.5,0.43,1.97,342.4
5/27/2024 14:45,2127,783,0,22.9,1.18,97.5,0.423,1.54,358.8
5/27/2024 15:00,2128,784,0,23,1.19,97.5,0.424,1.49,0.2
5/27/2024 15:15,2129,694,0,23.1,1.2,97.5,0.425,1.44,326.2
5/27/2024 15:30,2130,693,0,23.3,1.2,97.5,0.416,1.36,318.3
5/27/2024 15:45,2131,797,0,23.7,1.21,97.5,0.413,1.03,342.9
5/27/2024 16:00,2132,725,0,23.8,1.19,97.5,0.409,0.81,327.7
5/27/2024 16:15,2133,696,0,23.8,1.14,97.5,0.393,1.14,220.7
5/27/2024 16:30,2134,669,0,24.4,1.16,97.4,0.382,0.96,225.6
5/27/2024 16:45,2135,540,0,24.3,1.15,97.4,0.377,1.02,202.4
5/27/2024 17:00,2136,468,0,24,1.13,97.4,0.382,0.94,218.7
5/27/2024 17:15,2137,478,0,24,1.11,97.4,0.372,0.98,132.4
5/27/2024 17:30,2138,447,0,24.1,1.11,97.4,0.371,1.03,109
5/27/2024 17:45,2139,305,0,23.8,1.11,97.4,0.376,1.43,83.9
5/27/2024 18:00,2140,211,0,23.6,1.07,97.3,0.369,1.5,87.5
5/27/2024 18:15,2141,200,0,23.6,1.09,97.3,0.373,1.53,125.3
5/27/2024 18:30,2142,180,0,23.5,1.08,97.3,0.377,1.36,143.2
5/27/2024 18:45,2143,152,0,23.4,1.09,97.3,0.377,1.56,137.5
5/27/2024 19:00,2144,109,0,23.1,1.09,97.3,0.388,1.28,152.2
5/27/2024 19:15,2145,92,0,22.2,1.16,97.3,0.433,0.98,181.7
5/27/2024 19:30,2146,76,0,22.2,1.15,97.3,0.431,0.95,127.9
5/27/2024 19:45,2147,72,0,21.4,1.21,97.3,0.474,1.43,107.9
5/27/2024 20:00,2148,52,0,20.7,1.24,97.3,0.507,1.64,110.6
5/27/2024 20:15,2149,45,0,20.2,1.18,97.3,0.497,1.54,117.2
5/27/2024 20:30,2150,19,0,19.4,1.15,97.3,0.511,1.8,108.9
5/27/2024 20:45,2151,8,0,18.6,1.16,97.3,0.54,1.95,108.5
5/27/2024 21:00,2152,2,0,18,1.15,97.3,0.555,2.18,106.8
5/27/2024 21:15,2153,0,0,17.2,1.15,97.3,0.585,2.07,107.5
5/27/2024 21:30,2154,0,0,16.5,1.1,97.3,0.589,1.62,115.8
5/27/2024 21:45,2155,0,0,16.6,1.05,97.3,0.562,1.74,104.8
5/27/2024 22:00,2156,0,0,16.4,1.06,97.3,0.573,2.38,100.3
5/27/2024 22:15,2157,0,0,16.3,1.05,97.3,0.566,2.34,100.8
5/27/2024 22:30,2158,0,0,17,1.02,97.3,0.526,2.15,102.1
5/27/2024 22:45,2159,0,0,17.4,1.02,97.3,0.515,2.18,103.2
5/27/2024 23:00,2160,0,0,16.6,1.05,97.2,0.554,1.98,104.1
5/27/2024 23:15,2161,0,0,16,1.03,97.2,0.571,1.26,105.7
5/27/2024 23:30,2162,0,0,15.3,1.04,97.2,0.6,1.56,145.2
5/27/2024 23:45,2163,0,0,14.9,1.02,97.2,0.603,0.87,161.3
5/28/2024 0:00,2164,0,0,15.6,1,97.2,0.571,1.35,108.5
5/28/2024 0:15,2165,0,0,17.3,0.97,97.2,0.492,2.07,96.3
5/28/2024 0:30,2166,0,0,14.8,1.03,97.2,0.615,1.58,155.6
5/28/2024 0:45,2167,0,0,13.5,1.08,97.2,0.698,1.05,193
5/28/2024 1:00,2168,0,0,14.3,1.06,97.2,0.652,1.3,126.5
5/28/2024 1:15,2169,0,0,14,1.05,97.2,0.661,1.1,161.5
5/28/2024 1:30,2170,0,0,12.8,1.07,97.2,0.726,1.25,170.4
5/28/2024 1:45,2171,0,0,11.9,1.05,97.2,0.749,1.91,178.2
5/28/2024 2:00,2172,0,0,12,1.01,97.2,0.724,1.74,153.2
5/28/2024 2:15,2173,0,0,13,0.99,97.1,0.664,2.15,128.4
5/28/2024 2:30,2174,0,0,12.7,0.98,97.1,0.666,1.67,151.1
5/28/2024 2:45,2175,0,0,12.7,0.98,97.1,0.669,1.14,144.5
5/28/2024 3:00,2176,0,0,11.5,0.99,97.1,0.729,1.18,259.3
5/28/2024 3:15,2177,0,0,11.9,0.97,97.1,0.698,0.97,223.1
5/28/2024 3:30,2178,0,0,11.5,0.98,97.1,0.719,1.4,9.3
5/28/2024 3:45,2179,0,0,11.9,0.99,97.1,0.705,1.43,56
5/28/2024 4:00,2180,0,0,11.9,1,97.1,0.715,1.56,67.8
5/28/2024 4:15,2181,0,0,11.4,0.99,97.1,0.734,1.03,110.7
5/28/2024 4:30,2182,0,0,11.4,0.99,97.1,0.738,0.84,106.4
5/28/2024 4:45,2183,0,0,10.6,0.98,97.1,0.768,0.75,167.6
5/28/2024 5:00,2184,0,0,9.6,0.96,97.1,0.804,1.03,173.8
5/28/2024 5:15,2185,0,0,10,0.95,97.1,0.777,0.99,124.3
5/28/2024 5:30,2186,2,0,9.9,0.96,97.1,0.789,1.03,152.4
5/28/2024 5:45,2187,8,0,8,0.92,97.1,0.857,0.9,159.8
5/28/2024 6:00,2188,18,0,9.3,0.94,97.1,0.798,0.88,129.2
5/28/2024 6:15,2189,44,0,11.3,0.98,97.1,0.737,1.19,109.4
5/28/2024 6:30,2190,77,0,11.1,1.05,97.1,0.798,0.96,147.4
5/28/2024 6:45,2191,81,0,11.2,1.09,97.1,0.819,0.81,182.3
5/28/2024 7:00,2192,81,0,11.7,1.09,97.1,0.797,0.8,190.8
5/28/2024 7:15,2193,133,0,12.5,1.12,97.1,0.778,0.61,152.7
5/28/2024 7:30,2194,219,0,13.7,1.22,97.1,0.78,0.31,10.2
5/28/2024 7:45,2195,174,0,14.8,1.32,97.1,0.786,0.74,253
5/28/2024 8:00,2196,101,0,15.4,1.32,97.1,0.759,0.41,342.4
5/28/2024 8:15,2197,166,0,15.5,1.34,97.1,0.761,0.77,304.7
5/28/2024 8:30,2198,199,0,15.9,1.31,97.1,0.726,0.93,308
5/28/2024 8:45,2199,219,0,16.1,1.24,97.1,0.68,1.04,331.4
5/28/2024 9:00,2200,240,0,16.3,1.24,97.1,0.675,1.36,4.1
5/28/2024 9:15,2201,298,0,16.4,1.25,97.1,0.671,0.98,313.2
5/28/2024 9:30,2202,379,0,16.9,1.29,97.1,0.67,1.63,340.7
5/28/2024 9:45,2203,403,0,17,1.29,97.1,0.666,1.4,313.8
5/28/2024 10:00,2204,505,0,17.2,1.32,97.1,0.669,1.82,276.6
5/28/2024 10:15,2205,668,0,18,1.34,97.1,0.648,1.44,266.1
5/28/2024 10:30,2206,594,0,18.3,1.33,97.1,0.627,2.01,250.6
5/28/2024 10:45,2207,690,0,19.2,1.36,97.1,0.612,1.91,274.7
5/28/2024 11:00,2208,579,0,19.4,1.37,97.1,0.607,1.93,286.3
5/28/2024 11:15,2209,686,0,19.7,1.38,97.1,0.6,2.18,281.4
5/28/2024 11:30,2210,646,0,20.3,1.38,97.1,0.58,2.42,300.5
5/28/2024 11:45,2211,634,0,20.8,1.35,97.1,0.548,2.64,326.3
5/28/2024 12:00,2212,713,0,21.2,1.34,97.1,0.535,2.12,303
5/28/2024 12:15,2213,788,0,22,1.3,97.1,0.493,2.53,309.3
5/28/2024 12:30,2214,898,0,22.7,1.31,97.1,0.474,3.02,326.8
5/28/2024 12:45,2215,664,0,22.4,1.33,97.1,0.491,3.69,344.7
5/28/2024 13:00,2216,547,0,22.2,1.27,97.1,0.477,3.33,339
5/28/2024 13:15,2217,604,0,22.2,1.25,97.1,0.469,4.24,334.4
5/28/2024 13:30,2218,603,0,22.1,1.26,97.1,0.474,4.02,349.3
5/28/2024 13:45,2219,603,0,22.1,1.26,97.1,0.471,3.57,348.2
5/28/2024 14:00,2220,549,0,22.5,1.28,97.1,0.472,3.27,349.4
5/28/2024 14:15,2221,678,0,22.7,1.25,97.1,0.455,3.85,358.4
5/28/2024 14:30,2222,632,0,22.7,1.24,97.1,0.451,3.82,5.9
5/28/2024 14:45,2223,643,0,22.9,1.21,97.1,0.428,3.4,12.6
5/28/2024 15:00,2224,473,0,22.7,1.21,97.1,0.444,3.12,5.1
5/28/2024 15:15,2225,397,0,22.5,1.19,97.1,0.438,2.97,3.5
5/28/2024 15:30,2226,434,0,22,1.21,97.1,0.46,4.91,11.1
5/28/2024 15:45,2227,540,0,22.1,1.18,97.1,0.443,5.09,19.7
5/28/2024 16:00,2228,692,0,22.6,1.19,97.1,0.429,5.08,14.2
5/28/2024 16:15,2229,679,0,22.6,1.18,97.1,0.425,5.41,18.5
5/28/2024 16:30,2230,558,0,22.2,1.17,97.1,0.434,5.79,10.4
5/28/2024 16:45,2231,643,0,21.7,1.1,97.1,0.424,7.97,14.2
5/28/2024 17:00,2232,413,0,20.6,1.08,97.1,0.444,6.78,10
5/28/2024 17:15,2233,277,0,19.9,1.04,97.2,0.448,5.56,10.5
5/28/2024 17:30,2234,304,0,19.8,1.05,97.2,0.455,5.11,9.7
5/28/2024 17:45,2235,220,0,19.1,1.04,97.2,0.47,5.21,8.5
5/28/2024 18:00,2236,191,0,19,1.01,97.2,0.458,4.95,15
5/28/2024 18:15,2237,237,0,19,1.01,97.2,0.459,4.8,11.3
5/28/2024 18:30,2238,191,0,18.6,1.01,97.2,0.471,4.95,6.6
5/28/2024 18:45,2239,141,0,18.2,0.99,97.2,0.476,5.07,7.5
5/28/2024 19:00,2240,135,0,18,0.97,97.2,0.472,5.13,8.4
5/28/2024 19:15,2241,112,0,17.8,0.98,97.2,0.478,4.33,6.4
5/28/2024 19:30,2242,175,0,18.1,0.98,97.2,0.474,4.55,5.2
5/28/2024 19:45,2243,137,0,17.9,0.96,97.3,0.468,5.97,8.5
5/28/2024 20:00,2244,130,0,17.1,0.94,97.3,0.479,5.56,5.6
5/28/2024 20:15,2245,72,0,16.5,0.9,97.3,0.481,5.75,6.8
5/28/2024 20:30,2246,46,0,16.1,0.9,97.3,0.49,5.4,10.8
5/28/2024 20:45,2247,24,0,15.6,0.87,97.3,0.493,6.38,16.9
5/28/2024 21:00,2248,9,0,14.9,0.85,97.3,0.503,5.39,11.9
5/28/2024 21:15,2249,1,0,14.3,0.84,97.3,0.518,5.48,8.2
5/28/2024 21:30,2250,0,0,13.7,0.81,97.4,0.517,5.42,9.5
5/28/2024 21:45,2251,0,0,13.3,0.79,97.4,0.513,5.66,13.3
5/28/2024 22:00,2252,0,0,13.1,0.75,97.4,0.501,6.2,5.7
5/28/2024 22:15,2253,0,0,12.9,0.73,97.4,0.489,6.11,8.5
5/28/2024 22:30,2254,0,0,12.6,0.72,97.5,0.496,6.03,7.5
5/28/2024 22:45,2255,0,0,12.4,0.72,97.5,0.502,6.93,7.5
5/28/2024 23:00,2256,0,0,12,0.72,97.5,0.51,5.52,3.8
5/28/2024 23:15,2257,0,0,11.8,0.71,97.5,0.513,5.51,14.7
5/28/2024 23:30,2258,0,0,11.7,0.72,97.5,0.524,5.92,2.4
5/28/2024 23:45,2259,0,0,11.6,0.72,97.5,0.531,6.62,359.2
5/29/2024 0:00,2260,0,0,11.2,0.73,97.5,0.548,6.03,354.3
5/29/2024 0:15,2261,0,0,11.1,0.73,97.6,0.554,5.97,2.9
5/29/2024 0:30,2262,0,0,10.8,0.73,97.6,0.565,5.79,353.7
5/29/2024 0:45,2263,0,0,10.6,0.73,97.6,0.568,5.17,3.5
5/29/2024 1:00,2264,0,0,10.5,0.72,97.6,0.57,5.57,354.6
5/29/2024 1:15,2265,0,0,10.3,0.72,97.6,0.578,5.06,357.8
5/29/2024 1:30,2266,0,0,10.3,0.72,97.6,0.577,6.03,0.1
5/29/2024 1:45,2267,0,0,10.4,0.73,97.6,0.578,6.08,359.4
5/29/2024 2:00,2268,0,0,10.2,0.72,97.6,0.58,5.07,14.3
5/29/2024 2:15,2269,0,0,10.4,0.72,97.6,0.572,6.25,10.4
5/29/2024 2:30,2270,0,0,10.1,0.73,97.7,0.588,5.81,5.8
5/29/2024 2:45,2271,0,0,9.9,0.72,97.7,0.596,5.38,16
5/29/2024 3:00,2272,0,0,10.1,0.72,97.7,0.586,6.07,18.3
5/29/2024 3:15,2273,0,0,9.7,0.72,97.7,0.601,3.98,5
5/29/2024 3:30,2274,0,0,10,0.71,97.7,0.577,4.74,353.5
5/29/2024 3:45,2275,0,0,10.2,0.71,97.7,0.569,5.09,348.2
5/29/2024 4:00,2276,0,0,9.4,0.72,97.7,0.607,3.94,344.6
5/29/2024 4:15,2277,0,0,8.4,0.72,97.8,0.657,2.79,334.7
5/29/2024 4:30,2278,0,0,7.4,0.73,97.8,0.705,2.33,324.1
5/29/2024 4:45,2279,0,0,7,0.73,97.8,0.722,2.44,327.2
5/29/2024 5:00,2280,0,0,6.9,0.73,97.8,0.737,2.94,323.8
5/29/2024 5:15,2281,0,0,6.6,0.73,97.8,0.75,2.11,315.6
5/29/2024 5:30,2282,3,0,6.1,0.73,97.8,0.769,1.48,317
5/29/2024 5:45,2283,8,0,5.9,0.72,97.8,0.779,2.17,303.4
5/29/2024 6:00,2284,20,0,6.6,0.73,97.8,0.757,2.24,294
5/29/2024 6:15,2285,45,0,6.9,0.76,97.9,0.761,2.02,317.5
5/29/2024 6:30,2286,89,0,7.3,0.79,97.8,0.77,3.75,298.3
5/29/2024 6:45,2287,115,0,7.7,0.81,97.8,0.765,3.71,300.2
5/29/2024 7:00,2288,155,0,8.4,0.83,97.9,0.752,3.1,312.7
5/29/2024 7:15,2289,210,0,9.3,0.86,97.9,0.737,2.76,319.7
5/29/2024 7:30,2290,225,0,10.3,0.87,97.9,0.697,3.21,328.2
5/29/2024 7:45,2291,154,0,10.2,0.84,97.9,0.675,2.6,329.3
5/29/2024 8:00,2292,247,0,10.3,0.86,97.9,0.687,3.39,317
5/29/2024 8:15,2293,344,0,10.8,0.87,97.9,0.669,3.38,319.3
5/29/2024 8:30,2294,405,0,11.5,0.88,97.9,0.651,3.5,309.5
5/29/2024 8:45,2295,451,0,12.1,0.89,97.9,0.629,3.84,311.6
5/29/2024 9:00,2296,495,0,12.8,0.89,97.9,0.608,3.55,320.3
5/29/2024 9:15,2297,537,0,13.5,0.9,97.9,0.582,3.38,313.5
5/29/2024 9:30,2298,579,0,14.2,0.89,97.9,0.552,4.06,333.4
5/29/2024 9:45,2299,622,0,14.7,0.88,97.9,0.528,4.04,337.1
5/29/2024 10:00,2300,674,0,15.1,0.85,97.9,0.495,3.95,346.4
5/29/2024 10:15,2301,794,0,15.7,0.87,97.9,0.496,4.16,335.9
5/29/2024 10:30,2302,507,0,15,0.86,97.9,0.501,4.39,328.6
5/29/2024 10:45,2303,611,0,15,0.84,97.9,0.488,3.88,318.1
5/29/2024 11:00,2304,603,0,15.4,0.84,97.9,0.483,4.41,320.6
5/29/2024 11:15,2305,490,0,15.2,0.84,97.9,0.491,3.87,325.7
5/29/2024 11:30,2306,598,0,15.4,0.85,97.9,0.484,4.36,324.2
5/29/2024 11:45,2307,544,0,15.4,0.84,97.9,0.486,3.91,334.4
5/29/2024 12:00,2308,596,0,15.4,0.83,97.9,0.473,3.15,327.5
5/29/2024 12:15,2309,842,0,15.8,0.84,97.9,0.467,3.24,307.9
5/29/2024 12:30,2310,735,0,16.3,0.86,97.9,0.461,2.73,337.7
5/29/2024 12:45,2311,304,0,15.6,0.85,97.9,0.478,2.44,324.7
5/29/2024 13:00,2312,670,0,15.8,0.85,97.9,0.47,2.23,333.1
5/29/2024 13:15,2313,382,0,15.6,0.83,97.9,0.47,1.1,340.4
5/29/2024 13:30,2314,331,0,15.6,0.83,97.9,0.471,1.41,33
5/29/2024 13:45,2315,203,0,15.5,0.83,97.9,0.471,1.44,66.9
5/29/2024 14:00,2316,346,0,15.7,0.83,97.9,0.465,1.24,42.8
5/29/2024 14:15,2317,487,0,16.2,0.85,97.9,0.462,1.37,8.9
5/29/2024 14:30,2318,505,0,16.3,0.84,97.8,0.455,1.74,351.8
5/29/2024 14:45,2319,681,0,17.1,0.85,97.8,0.436,2.1,355.1
5/29/2024 15:00,2320,715,0,17.5,0.85,97.8,0.429,2.43,342.9
5/29/2024 15:15,2321,228,0,17.3,0.84,97.8,0.424,2.57,21.4
5/29/2024 15:30,2322,175,0,16.7,0.83,97.8,0.438,3.38,18.6
5/29/2024 15:45,2323,212,0,16.5,0.84,97.8,0.45,2.02,351.4
5/29/2024 16:00,2324,756,0,17.8,0.9,97.8,0.441,4.39,2.6
5/29/2024 16:15,2325,795,0,18.6,0.88,97.8,0.413,4.81,16.2
5/29/2024 16:30,2326,701,0,18.6,0.89,97.8,0.415,4.71,7.9
5/29/2024 16:45,2327,632,0,18.6,0.9,97.8,0.414,4.83,10.6
5/29/2024 17:00,2328,142,0,17.3,0.86,97.8,0.435,4.26,6.9
5/29/2024 17:15,2329,603,0,18.1,0.83,97.8,0.401,4.78,10.7
5/29/2024 17:30,2330,272,0,17.5,0.82,97.8,0.412,5.83,14.4
5/29/2024 17:45,2331,266,0,17.3,0.8,97.8,0.404,5.41,18.6
5/29/2024 18:00,2332,343,0,17.6,0.78,97.8,0.392,5.57,13.1
5/29/2024 18:15,2333,258,0,17.3,0.8,97.8,0.403,5.5,11.8
5/29/2024 18:30,2334,302,0,17.1,0.8,97.8,0.408,6.17,18.2
5/29/2024 18:45,2335,305,0,16.9,0.79,97.8,0.413,6.64,20.4
5/29/2024 19:00,2336,258,0,16.5,0.76,97.8,0.405,6.46,17.3
5/29/2024 19:15,2337,208,0,16.1,0.73,97.8,0.401,7.95,13.8
5/29/2024 19:30,2338,164,0,15.8,0.73,97.9,0.404,6.84,13.3
5/29/2024 19:45,2339,137,0,15.4,0.73,97.9,0.414,6.41,6.7
5/29/2024 20:00,2340,106,0,15.1,0.67,97.9,0.39,5.43,9.1
5/29/2024 20:15,2341,75,0,14.1,0.7,97.9,0.437,6.08,4.5
5/29/2024 20:30,2342,47,0,13.4,0.74,97.9,0.48,5.8,8.2
5/29/2024 20:45,2343,23,0,12.8,0.73,97.9,0.493,6.24,11.7
5/29/2024 21:00,2344,7,0,12.3,0.72,97.9,0.504,6.38,12.4
5/29/2024 21:15,2345,1,0,11.9,0.73,97.9,0.525,7.52,15.9
5/29/2024 21:30,2346,0,0,11.5,0.73,98,0.54,7.61,14
5/29/2024 21:45,2347,0,0,11.1,0.73,98,0.554,7.13,13
5/29/2024 22:00,2348,0,0,10.7,0.73,98,0.572,6.56,11.4
5/29/2024 22:15,2349,0,0,10.3,0.74,98.1,0.588,5.68,3.6
5/29/2024 22:30,2350,0,0,10,0.74,98.1,0.6,6.07,9.3
5/29/2024 22:45,2351,0,0,9.6,0.74,98,0.615,6.3,8.2
5/29/2024 23:00,2352,0,0,9.2,0.74,98.1,0.633,5.88,5.3
5/29/2024 23:15,2353,0,0,9,0.73,98.1,0.637,5.58,8.8
5/29/2024 23:30,2354,0,0,8.8,0.73,98.1,0.643,5.64,19.5
5/29/2024 23:45,2355,0,0,8.6,0.73,98.1,0.656,5.46,25.8
5/30/2024 0:00,2356,0,0,8.3,0.74,98.1,0.671,4.97,22.8
5/30/2024 0:15,2357,0,0,8,0.73,98.1,0.683,4.53,19.9
5/30/2024 0:30,2358,0,0,7.7,0.73,98.1,0.695,4.04,21.2
5/30/2024 0:45,2359,0,0,7.4,0.73,98.1,0.707,3.58,11.7
5/30/2024 1:00,2360,0,0,7.5,0.73,98.1,0.704,4.74,17.4
5/30/2024 1:15,2361,0,0,7.1,0.73,98.1,0.72,3.64,5.4
5/30/2024 1:30,2362,0,0,7.1,0.72,98.1,0.714,4.32,12.5
5/30/2024 1:45,2363,0,0,7,0.72,98.2,0.715,3.98,9.5
5/30/2024 2:00,2364,0,0,6.9,0.72,98.2,0.719,4.19,8
5/30/2024 2:15,2365,0,0,6.5,0.71,98.2,0.741,3.27,1.3
5/30/2024 2:30,2366,0,0,5.9,0.71,98.2,0.765,2.37,3.6
5/30/2024 2:45,2367,0,0,5.4,0.7,98.2,0.783,1.9,357.7
5/30/2024 3:00,2368,0,0,4.9,0.7,98.2,0.804,1.48,346.1
5/30/2024 3:15,2369,0,0,4,0.68,98.2,0.831,1.02,332.9
5/30/2024 3:30,2370,0,0,4.1,0.67,98.2,0.812,1.3,345.1
5/30/2024 3:45,2371,0,0,4.3,0.68,98.2,0.815,1.16,346.5
5/30/2024 4:00,2372,0,0,4.3,0.68,98.2,0.817,1.39,341.9
5/30/2024 4:15,2373,0,0,4.6,0.69,98.2,0.81,1.32,351.4
5/30/2024 4:30,2374,0,0,4.4,0.69,98.2,0.828,1.13,337.4
5/30/2024 4:45,2375,0,0,3.3,0.68,98.2,0.87,1.04,214.9
5/30/2024 5:00,2376,0,0,2.9,0.63,98.3,0.84,0.57,165.5
5/30/2024 5:15,2377,1,0,3.3,0.64,98.3,0.825,0.78,163.4
5/30/2024 5:30,2378,5,0,2.8,0.65,98.3,0.868,0.99,164.4
5/30/2024 5:45,2379,20,0,3.1,0.64,98.3,0.843,0.94,162.3
5/30/2024 6:00,2380,45,0,3.5,0.68,98.3,0.861,0.94,161.7
5/30/2024 6:15,2381,71,0,3.3,0.69,98.3,0.898,0.92,169.1
5/30/2024 6:30,2382,100,0,4.3,0.72,98.3,0.863,0.61,160.8
5/30/2024 6:45,2383,133,0,5,0.76,98.3,0.872,0.67,170.7
5/30/2024 7:00,2384,168,0,6,0.8,98.3,0.861,0.82,196.8
5/30/2024 7:15,2385,204,0,7.1,0.85,98.3,0.837,0.65,252.3
5/30/2024 7:30,2386,238,0,8.1,0.85,98.3,0.782,0.86,269.5
5/30/2024 7:45,2387,273,0,9,0.86,98.3,0.747,0.64,252.9
5/30/2024 8:00,2388,314,0,9.4,0.84,98.3,0.715,0.84,333.1
5/30/2024 8:15,2389,358,0,9.8,0.84,98.3,0.696,1.1,341.2
5/30/2024 8:30,2390,404,0,10.2,0.84,98.3,0.674,1.08,313
5/30/2024 8:45,2391,448,0,10.5,0.84,98.3,0.663,1.47,341.9
5/30/2024 9:00,2392,492,0,10.9,0.83,98.3,0.64,1.35,338
5/30/2024 9:15,2393,535,0,11.5,0.84,98.3,0.623,1.3,328.3
5/30/2024 9:30,2394,577,0,12.1,0.85,98.3,0.604,1.55,312
5/30/2024 9:45,2395,619,0,12.5,0.84,98.3,0.578,2.01,295.6
5/30/2024 10:00,2396,658,0,12.7,0.82,98.3,0.553,2.14,290.4
5/30/2024 10:15,2397,695,0,13.3,0.81,98.3,0.529,1.88,323.4
5/30/2024 10:30,2398,731,0,13.5,0.8,98.3,0.522,2.16,296.7
5/30/2024 10:45,2399,764,0,13.8,0.81,98.3,0.508,1.92,322.9
5/30/2024 11:00,2400,793,0,14.2,0.8,98.3,0.49,1.93,280.1
5/30/2024 11:15,2401,822,0,14.5,0.82,98.3,0.492,2.04,295.9
5/30/2024 11:30,2402,848,0,14.7,0.82,98.3,0.496,2.31,287.4
5/30/2024 11:45,2403,871,0,15.1,0.82,98.2,0.48,2.78,286.5
5/30/2024 12:00,2404,892,0,15.2,0.82,98.2,0.477,1.84,324.9
5/30/2024 12:15,2405,911,0,15.6,0.8,98.2,0.454,2.9,270.6
5/30/2024 12:30,2406,922,0,15.7,0.8,98.2,0.444,2.2,293.3
5/30/2024 12:45,2407,932,0,16.1,0.8,98.2,0.438,2.2,278.9
5/30/2024 13:00,2408,960,0,16.2,0.81,98.2,0.436,1.92,254.8
5/30/2024 13:15,2409,952,0,16.5,0.82,98.2,0.44,2.46,286.1
5/30/2024 13:30,2410,943,0,16.6,0.8,98.2,0.423,1.8,307.7
5/30/2024 13:45,2411,942,0,16.7,0.77,98.2,0.405,1.72,276.2
5/30/2024 14:00,2412,933,0,17,0.77,98.1,0.398,1.52,14.9
5/30/2024 14:15,2413,919,0,17.4,0.77,98.1,0.391,1.03,2.2
5/30/2024 14:30,2414,905,0,17.6,0.83,98.1,0.419,1.91,293
5/30/2024 14:45,2415,892,0,17.5,0.81,98.1,0.409,2.09,290.8
5/30/2024 15:00,2416,874,0,17.4,0.78,98.1,0.391,1.48,267
5/30/2024 15:15,2417,849,0,17.6,0.78,98.1,0.386,1.55,54.6
5/30/2024 15:30,2418,825,0,18,0.81,98.1,0.393,1.49,268.8
5/30/2024 15:45,2419,791,0,18.2,0.82,98,0.386,1.91,257.1
5/30/2024 16:00,2420,750,0,18.2,0.8,98,0.382,1.75,294.5
5/30/2024 16:15,2421,713,0,18.2,0.78,98,0.372,1.8,241.1
5/30/2024 16:30,2422,686,0,18.5,0.77,98,0.364,1.4,199.4
5/30/2024 16:45,2423,655,0,18.7,0.76,98,0.354,1.43,230
5/30/2024 17:00,2424,571,0,18.5,0.75,98,0.357,1.08,253.6
5/30/2024 17:15,2425,581,0,18.6,0.76,98,0.353,1.45,252.8
5/30/2024 17:30,2426,534,0,18.8,0.74,98,0.344,1.11,157.9
5/30/2024 17:45,2427,490,0,19.2,0.74,97.9,0.337,1.15,37.5
5/30/2024 18:00,2428,445,0,19.3,0.73,97.9,0.329,0.86,345
5/30/2024 18:15,2429,398,0,18.9,0.76,97.9,0.347,1.44,219.1
5/30/2024 18:30,2430,352,0,18.8,0.74,97.9,0.339,1.6,210.9
5/30/2024 18:45,2431,306,0,18.7,0.72,97.9,0.333,1.03,177.9
5/30/2024 19:00,2432,262,0,18.8,0.73,97.9,0.337,1.38,207.9
5/30/2024 19:15,2433,220,0,18.8,0.73,97.9,0.335,0.94,233.2
5/30/2024 19:30,2434,179,0,18.7,0.73,97.9,0.34,0.95,231.2
5/30/2024 19:45,2435,141,0,18.5,0.75,97.8,0.351,0.88,271
5/30/2024 20:00,2436,107,0,18.6,0.73,97.8,0.342,0.67,277.2
5/30/2024 20:15,2437,76,0,17.8,0.79,97.8,0.387,0.76,196.4
5/30/2024 20:30,2438,46,0,17.1,0.82,97.8,0.42,0.88,255.3
5/30/2024 20:45,2439,21,0,15.9,0.82,97.8,0.455,1.23,252.7
5/30/2024 21:00,2440,8,0,14.7,0.84,97.8,0.501,0.72,264.6
5/30/2024 21:15,2441,1,0,14.1,0.8,97.8,0.499,0.33,239.1
5/30/2024 21:30,2442,0,0,13.5,0.76,97.9,0.49,0.66,179.6
5/30/2024 21:45,2443,0,0,13.2,0.74,97.9,0.487,0.6,162.7
5/30/2024 22:00,2444,0,0,13,0.71,97.9,0.472,0.29,131.1
5/30/2024 22:15,2445,0,0,12.7,0.73,97.9,0.496,1.97,23.4
5/30/2024 22:30,2446,0,0,12.1,0.78,97.9,0.553,2.23,49.7
5/30/2024 22:45,2447,0,0,11.6,0.77,97.9,0.564,2.44,50.1
5/30/2024 23:00,2448,0,0,11.4,0.77,97.9,0.572,2.83,43
5/30/2024 23:15,2449,0,0,11.3,0.76,97.9,0.569,3.26,32.2
5/30/2024 23:30,2450,0,0,11,0.76,97.9,0.578,3.14,24.3
5/30/2024 23:45,2451,0,0,10.8,0.75,97.9,0.581,3.19,23.1
5/31/2024 0:00,2452,0,0,10.6,0.75,97.9,0.589,2.96,29.7
5/31/2024 0:15,2453,0,0,10.4,0.75,97.9,0.59,3.06,20.8
5/31/2024 0:30,2454,0,0,10.1,0.74,97.9,0.604,2.42,30
5/31/2024 0:45,2455,0,0,9.9,0.74,97.9,0.608,2.84,27.7
5/31/2024 1:00,2456,0,0,9.7,0.74,97.9,0.615,2.69,26.2
5/31/2024 1:15,2457,0,0,9.5,0.74,97.9,0.624,2.51,29.1
5/31/2024 1:30,2458,0,0,9.4,0.74,97.9,0.627,3.03,31.5
5/31/2024 1:45,2459,0,0,9.1,0.74,97.9,0.642,2.29,41.2
5/31/2024 2:00,2460,0,0,9,0.74,97.9,0.649,2.56,37.5
5/31/2024 2:15,2461,0,0,8.8,0.74,97.9,0.656,2.45,45.9
5/31/2024 2:30,2462,0,0,8.6,0.74,97.9,0.663,2.13,32.3
5/31/2024 2:45,2463,0,0,8.4,0.74,97.9,0.671,2.03,31
5/31/2024 3:00,2464,0,0,8.3,0.74,97.9,0.674,2.41,32.6
5/31/2024 3:15,2465,0,0,8.4,0.74,97.9,0.671,2.38,43.3
5/31/2024 3:30,2466,0,0,8.3,0.74,97.9,0.679,2.23,43.5
5/31/2024 3:45,2467,0,0,8,0.74,97.8,0.696,1.75,58.3
5/31/2024 4:00,2468,0,0,7.7,0.74,97.8,0.702,2.05,60.5
5/31/2024 4:15,2469,0,0,7.7,0.74,97.8,0.706,2.03,64.5
5/31/2024 4:30,2470,0,0,7.5,0.74,97.9,0.714,1.7,60.2
5/31/2024 4:45,2471,0,0,7.1,0.74,97.9,0.734,1.34,79.3
5/31/2024 5:00,2472,0,0,6.7,0.73,97.9,0.745,1.45,64.6
5/31/2024 5:15,2473,1,0,6.6,0.73,97.9,0.753,1.26,54.5
5/31/2024 5:30,2474,5,0,6.2,0.73,97.9,0.768,0.64,37.9
5/31/2024 5:45,2475,18,0,5.3,0.72,97.9,0.814,0.76,205.5
5/31/2024 6:00,2476,42,0,5.5,0.72,97.9,0.795,0.62,138.4
5/31/2024 6:15,2477,62,0,5.6,0.74,97.9,0.811,0.85,165.1
5/31/2024 6:30,2478,87,0,6.5,0.77,97.9,0.799,0.66,169
5/31/2024 6:45,2479,117,0,7.2,0.82,97.9,0.815,0.91,190.5
5/31/2024 7:00,2480,150,0,7.8,0.87,97.9,0.826,0.95,238.1
5/31/2024 7:15,2481,187,0,8.8,0.88,97.9,0.778,1.19,218.7
5/31/2024 7:30,2482,227,0,9.6,0.88,97.9,0.738,0.89,245.9
5/31/2024 7:45,2483,269,0,10.1,0.88,97.9,0.714,0.69,336.9
5/31/2024 8:00,2484,308,0,10.7,0.89,97.9,0.695,1.29,345.9
5/31/2024 8:15,2485,357,0,11.1,0.89,97.9,0.678,1.51,346
5/31/2024 8:30,2486,401,0,11.6,0.9,97.9,0.663,1.82,344
5/31/2024 8:45,2487,446,0,12.1,0.91,97.9,0.652,1.73,342.3
5/31/2024 9:00,2488,490,0,12.6,0.91,97.9,0.626,1.54,335.6
5/31/2024 9:15,2489,532,0,13.1,0.93,97.9,0.617,1.39,317.9
5/31/2024 9:30,2490,575,0,13.6,0.93,97.8,0.597,1.19,356.3
5/31/2024 9:45,2491,609,0,14.2,0.93,97.8,0.58,1.24,6.6
5/31/2024 10:00,2492,643,0,14.4,0.92,97.8,0.563,1.32,1.7
5/31/2024 10:15,2493,679,0,15,0.91,97.8,0.538,1.34,352.2
5/31/2024 10:30,2494,712,0,15.5,0.94,97.8,0.537,1.09,346.6
5/31/2024 10:45,2495,746,0,16,0.94,97.8,0.516,1.24,10.6
5/31/2024 11:00,2496,780,0,16.5,0.94,97.8,0.496,1.15,332.2
5/31/2024 11:15,2497,810,0,16.9,0.93,97.8,0.483,1.14,11.7
5/31/2024 11:30,2498,821,0,17.3,0.94,97.8,0.475,1.5,31.1
5/31/2024 11:45,2499,848,0,17.4,0.88,97.8,0.446,1.44,0.5
5/31/2024 12:00,2500,835,0,17.9,0.91,97.8,0.437,1.23,321
5/31/2024 12:15,2501,873,0,18.1,0.91,97.8,0.44,1.09,333.3
5/31/2024 12:30,2502,899,0,18.6,0.92,97.8,0.427,1.37,337.4
5/31/2024 12:45,2503,903,0,18.9,0.91,97.8,0.422,1.4,296.3
5/31/2024 13:00,2504,849,0,19.2,0.92,97.7,0.415,1.77,300.2
5/31/2024 13:15,2505,885,0,19.5,0.91,97.7,0.4,1.95,297.3
5/31/2024 13:30,2506,930,0,19.8,0.93,97.7,0.411,1.57,325.2
5/31/2024 13:45,2507,942,0,20.5,0.95,97.7,0.393,1.48,325
5/31/2024 14:00,2508,923,0,20.5,0.94,97.6,0.389,1.89,319
5/31/2024 14:15,2509,899,0,20.9,0.93,97.6,0.375,2.16,260.3
5/31/2024 14:30,2510,893,0,20.9,0.92,97.6,0.374,2.65,270.4
5/31/2024 14:45,2511,880,0,20.8,0.91,97.6,0.371,2.7,256
5/31/2024 15:00,2512,855,0,20.8,0.9,97.6,0.368,2.25,273.6
5/31/2024 15:15,2513,822,0,20.9,0.91,97.5,0.373,2.38,254.1
5/31/2024 15:30,2514,806,0,21.3,0.92,97.5,0.367,1.66,270.6
5/31/2024 15:45,2515,797,0,21.6,0.95,97.5,0.365,2.54,296.7
5/31/2024 16:00,2516,763,0,21.3,0.92,97.5,0.363,1.63,295.7
5/31/2024 16:15,2517,728,0,21.8,0.95,97.5,0.362,1.92,307
5/31/2024 16:30,2518,697,0,21.8,0.92,97.5,0.355,2.01,309.3
5/31/2024 16:45,2519,649,0,22.2,0.89,97.4,0.336,1.17,309.4
5/31/2024 17:00,2520,605,0,22.2,0.9,97.4,0.337,1.31,292
5/31/2024 17:15,2521,571,0,22.4,0.89,97.4,0.329,1.35,318.9
5/31/2024 17:30,2522,527,0,22.5,0.85,97.4,0.314,1.14,331.8
5/31/2024 17:45,2523,481,0,22.3,0.83,97.4,0.313,0.97,237.4
5/31/2024 18:00,2524,442,0,22.3,0.82,97.3,0.302,1.01,241.4
5/31/2024 18:15,2525,397,0,22.5,0.79,97.3,0.287,1,254.2
5/31/2024 18:30,2526,355,0,22.2,0.77,97.3,0.289,1.09,257.6
5/31/2024 18:45,2527,305,0,22.4,0.75,97.3,0.279,0.77,289.1
5/31/2024 19:00,2528,262,0,22.4,0.74,97.3,0.272,0.57,186.8
5/31/2024 19:15,2529,220,0,22.4,0.74,97.3,0.273,0.7,213.5
5/31/2024 19:30,2530,159,0,22.1,0.74,97.2,0.277,0.87,175.9
5/31/2024 19:45,2531,141,0,21.9,0.77,97.2,0.295,0.7,203.1
5/31/2024 20:00,2532,95,0,21.2,0.84,97.2,0.334,0.74,185.4
5/31/2024 20:15,2533,54,0,20.5,0.9,97.2,0.373,0.8,153.1
5/31/2024 20:30,2534,21,0,19.4,0.88,97.2,0.39,0.93,109.1
5/31/2024 20:45,2535,14,0,18.2,0.88,97.2,0.421,0.72,175.8
5/31/2024 21:00,2536,5,0,17.5,0.9,97.2,0.449,0.7,134.5
5/31/2024 21:15,2537,1,0,16.9,0.83,97.2,0.437,1.04,125.6
5/31/2024 21:30,2538,0,0,14.4,0.88,97.2,0.535,0.92,143.8
5/31/2024 21:45,2539,0,0,15.1,0.8,97.1,0.469,1.3,111.7
5/31/2024 22:00,2540,0,0,14.5,0.79,97.1,0.483,1.64,117.1
5/31/2024 22:15,2541,0,0,13.1,0.83,97.1,0.548,0.91,142.7
5/31/2024 22:30,2542,0,0,12.4,0.85,97.1,0.593,0.97,156
5/31/2024 22:45,2543,0,0,12.8,0.82,97.1,0.559,1.18,131.4
5/31/2024 23:00,2544,0,0,11.7,0.83,97.1,0.605,0.95,161.1
5/31/2024 23:15,2545,0,0,11.9,0.84,97.1,0.603,1.29,127.9
5/31/2024 23:30,2546,0,0,11.7,0.82,97.1,0.592,1.13,130.1
5/31/2024 23:45,2547,0,0,11.8,0.79,97.1,0.567,1.03,142.3
6/1/2024 0:00,2548,0,0,11.3,0.8,97.1,0.602,1.05,158.6
6/1/2024 0:15,2549,0,0,11,0.81,97.1,0.615,1.19,134.8
6/1/2024 0:30,2550,0,0,11,0.8,97,0.614,0.89,153.6
6/1/2024 0:45,2551,0,0,10.7,0.8,97,0.62,0.93,149.9
6/1/2024 1:00,2552,0,0,10.5,0.8,97,0.629,0.95,153
6/1/2024 1:15,2553,0,0,10.6,0.8,97,0.63,1.08,137.1
6/1/2024 1:30,2554,0,0,10.5,0.78,97,0.616,1.47,163
6/1/2024 1:45,2555,0,0,10.2,0.79,97,0.634,1.18,169.1
6/1/2024 2:00,2556,0,0,10.2,0.78,97,0.627,1.25,164.5
6/1/2024 2:15,2557,0,0,10.9,0.77,96.9,0.591,1.53,159.3
6/1/2024 2:30,2558,0,0,10.9,0.77,96.9,0.59,1.48,165
6/1/2024 2:45,2559,0,0,10.3,0.77,96.9,0.615,1.37,173.7
6/1/2024 3:00,2560,0,0,9.6,0.78,96.9,0.656,1.16,177.1
6/1/2024 3:15,2561,0,0,9.7,0.77,96.9,0.642,1.6,166.7
6/1/2024 3:30,2562,0,0,9.5,0.76,96.9,0.644,1.44,168.9
6/1/2024 3:45,2563,0,0,9.1,0.75,96.9,0.653,1.48,174.8
6/1/2024 4:00,2564,0,0,8.8,0.76,96.9,0.667,1.69,166.1
6/1/2024 4:15,2565,0,0,9.5,0.76,96.9,0.642,1.55,172.2
6/1/2024 4:30,2566,0,0,9.5,0.78,96.9,0.659,1.42,172.1
6/1/2024 4:45,2567,0,0,9.5,0.79,96.9,0.668,1.51,167.7
6/1/2024 5:00,2568,0,0,9.7,0.8,96.9,0.664,1.35,173.6
6/1/2024 5:15,2569,0,0,9.8,0.8,96.9,0.663,0.94,183.7
6/1/2024 5:30,2570,2,0,9.4,0.81,96.9,0.691,1.36,311.7
6/1/2024 5:45,2571,7,0,10.5,0.78,96.9,0.619,0.79,324.5
6/1/2024 6:00,2572,16,0,10.3,0.79,96.9,0.628,0.61,159
6/1/2024 6:15,2573,29,0,10.1,0.82,96.9,0.662,1.06,175.1
6/1/2024 6:30,2574,40,0,9.8,0.85,96.9,0.703,1.28,170.6
6/1/2024 6:45,2575,55,0,10.2,0.87,96.9,0.704,1.44,176.3
6/1/2024 7:00,2576,73,0,10.5,0.88,96.9,0.696,1.33,174.3
6/1/2024 7:15,2577,97,0,11.1,0.89,96.8,0.673,1.72,170.3
6/1/2024 7:30,2578,121,0,11.8,0.89,96.8,0.641,1.78,179.1
6/1/2024 7:45,2579,141,0,12.3,0.91,96.8,0.64,1.57,197.7
6/1/2024 8:00,2580,157,0,12.6,0.96,96.8,0.661,1.57,198.5
6/1/2024 8:15,2581,191,0,13,0.99,96.9,0.664,1.57,203.6
6/1/2024 8:30,2582,222,0,13.5,1,96.9,0.649,1.25,219.5
6/1/2024 8:45,2583,258,0,14.3,1.01,96.9,0.621,1.61,257.1
6/1/2024 9:00,2584,255,0,14.2,0.97,96.9,0.603,1.64,285
6/1/2024 9:15,2585,251,0,14.3,0.98,96.9,0.604,1.5,261.1
6/1/2024 9:30,2586,285,0,14.5,1.02,96.9,0.621,1.76,249
6/1/2024 9:45,2587,298,0,14.9,0.98,96.9,0.58,1.99,269.1
6/1/2024 10:00,2588,283,0,15,0.95,96.9,0.558,1.92,272.7
6/1/2024 10:15,2589,336,0,15.2,0.96,96.9,0.556,1.71,264.1
6/1/2024 10:30,2590,393,0,15.6,0.94,96.9,0.534,1.88,263.8
6/1/2024 10:45,2591,368,0,16.3,0.94,96.9,0.508,1.17,298.3
6/1/2024 11:00,2592,324,0,16.5,0.96,96.9,0.51,1.21,316.6
6/1/2024 11:15,2593,317,0,16.5,0.94,96.9,0.502,1.11,293.8
6/1/2024 11:30,2594,318,0,16.6,0.94,96.9,0.499,1.54,296.9
6/1/2024 11:45,2595,360,0,16.8,0.92,96.9,0.485,0.87,252.1
6/1/2024 12:00,2596,694,0,17.8,0.96,96.8,0.48,1.28,227.7
6/1/2024 12:15,2597,930,0,19.1,0.99,96.8,0.45,1.62,211.8
6/1/2024 12:30,2598,788,0,20,1.03,96.8,0.442,1.16,237.5
6/1/2024 12:45,2599,755,0,20.6,1.04,96.8,0.428,0.72,73.4
6/1/2024 13:00,2600,522,0,20.7,1.08,96.8,0.442,1.36,0.8
6/1/2024 13:15,2601,684,0,20.7,1.08,96.8,0.438,1.43,4.6
6/1/2024 13:30,2602,833,0,21.5,1.09,96.8,0.425,1.14,342.3
6/1/2024 13:45,2603,931,0,21.9,1.11,96.8,0.422,1.61,309.2
6/1/2024 14:00,2604,999,0,22.7,1.12,96.8,0.408,1.71,265.4
6/1/2024 14:15,2605,704,0,22.6,1.12,96.8,0.409,2.27,270.1
6/1/2024 14:30,2606,519,0,22.4,1.07,96.8,0.399,2.82,291.7
6/1/2024 14:45,2607,471,0,22.2,1.06,96.8,0.395,2.51,297.8
6/1/2024 15:00,2608,387,0,22,1.09,96.8,0.413,2.58,286
6/1/2024 15:15,2609,325,0,21.7,1.11,96.8,0.428,2.72,262.9
6/1/2024 15:30,2610,408,0,22.1,1.07,96.7,0.401,1.54,293.5
6/1/2024 15:45,2611,435,0,22.4,1.09,96.7,0.404,2.52,294.1
6/1/2024 16:00,2612,386,0,22.5,1.1,96.7,0.405,2.42,304.9
6/1/2024 16:15,2613,388,0,22.6,1.1,96.7,0.402,2.81,293.4
6/1/2024 16:30,2614,443,0,22.7,1.13,96.7,0.407,3.29,281.4
6/1/2024 16:45,2615,365,0,22.9,1.13,96.7,0.404,3.04,292.3
6/1/2024 17:00,2616,379,0,22.7,1.13,96.7,0.409,3.44,279.7
6/1/2024 17:15,2617,257,0,22.2,1.14,96.7,0.427,3.76,272.9
6/1/2024 17:30,2618,185,0,21.9,1.13,96.7,0.429,3.51,273.4
6/1/2024 17:45,2619,180,0,21.6,1.16,96.7,0.449,3.31,276.4
6/1/2024 18:00,2620,269,0,21.6,1.17,96.7,0.455,4.06,279.9
6/1/2024 18:15,2621,346,0,22.1,1.13,96.7,0.425,3.81,279.6
6/1/2024 18:30,2622,353,0,22.3,1.13,96.6,0.423,3.32,276
6/1/2024 18:45,2623,336,0,22.6,1.14,96.6,0.415,2.5,282.5
6/1/2024 19:00,2624,250,0,22.6,1.14,96.6,0.416,1.99,282.2
6/1/2024 19:15,2625,225,0,22.5,1.15,96.6,0.42,2.13,276.8
6/1/2024 19:30,2626,101,0,22.1,1.15,96.6,0.434,2.37,290.9
6/1/2024 19:45,2627,143,0,21.9,1.15,96.6,0.436,2.43,287.9
6/1/2024 20:00,2628,109,0,21.4,1.18,96.6,0.463,2.3,311.5
6/1/2024 20:15,2629,54,0,20.1,1.21,96.6,0.516,1.76,343
6/1/2024 20:30,2630,24,0,18.9,1.17,96.6,0.536,1.33,341.7
6/1/2024 20:45,2631,14,0,18.5,1.12,96.7,0.529,1.96,3.9
6/1/2024 21:00,2632,6,0,18.6,1.07,96.6,0.497,2.85,15.8
6/1/2024 21:15,2633,1,0,18.2,1.04,96.7,0.495,2.79,10.8
6/1/2024 21:30,2634,0,0,18,1.02,96.7,0.493,3.64,15.1
6/1/2024 21:45,2635,0,0,17.9,1.01,96.7,0.493,4.15,13.7
6/1/2024 22:00,2636,0,0,17.4,1.01,96.7,0.507,3.83,17.2
6/1/2024 22:15,2637,0,0,16.9,1.01,96.7,0.528,3.13,15.6
6/1/2024 22:30,2638,0,0,16.5,1.01,96.7,0.537,3.02,14.4
6/1/2024 22:45,2639,0,0,16.2,1.01,96.7,0.551,3.11,19.2
6/1/2024 23:00,2640,0,0,15.8,1.01,96.7,0.564,2.88,26.2
6/1/2024 23:15,2641,0,0,15.3,1.01,96.7,0.58,2.68,18.5
6/1/2024 23:30,2642,0,0,14.7,1.01,96.7,0.604,2.46,16.7
6/1/2024 23:45,2643,0,0,14.6,1,96.7,0.601,2.77,13
6/2/2024 0:00,2644,0,0,14.5,1,96.7,0.606,2.74,10.5
6/2/2024 0:15,2645,0,0,14.5,1,96.7,0.603,2.81,9.7
6/2/2024 0:30,2646,0,0,13.9,1,96.7,0.633,2.12,6.1
6/2/2024 0:45,2647,0,0,13.1,1.01,96.7,0.671,1.35,10.9
6/2/2024 1:00,2648,0,0,12.2,1,96.7,0.706,0.67,338
6/2/2024 1:15,2649,0,0,11.8,0.99,96.7,0.713,0.86,27
6/2/2024 1:30,2650,0,0,12.2,1,96.7,0.7,1.6,347.8
6/2/2024 1:45,2651,0,0,12.3,1.01,96.7,0.702,2.17,341.4
6/2/2024 2:00,2652,0,0,13,1,96.7,0.672,2.47,350.1
6/2/2024 2:15,2653,0,0,12.9,1.01,96.7,0.679,1.82,355.8
6/2/2024 2:30,2654,0,0,12.6,1,96.7,0.681,2.03,355.8
6/2/2024 2:45,2655,0,0,12.9,1.01,96.7,0.676,2.17,342.9
6/2/2024 3:00,2656,0,0,12.7,1.02,96.8,0.694,1.82,328.6
6/2/2024 3:15,2657,0,0,11.6,1,96.8,0.734,0.89,325.1
6/2/2024 3:30,2658,0,0,11.4,0.98,96.8,0.73,0.83,322
6/2/2024 3:45,2659,0,0,11.7,0.97,96.8,0.71,0.82,285
6/2/2024 4:00,2660,0,0,11.4,0.97,96.7,0.716,0.87,278.5
6/2/2024 4:15,2661,0,0,10.8,0.98,96.7,0.75,1.19,226.9
6/2/2024 4:30,2662,0,0,10.8,0.99,96.8,0.763,0.78,241.9
6/2/2024 4:45,2663,0,0,11,1.01,96.7,0.77,0.69,260.1
6/2/2024 5:00,2664,0,0,11.3,1.02,96.7,0.763,0.86,277.1
6/2/2024 5:15,2665,1,0,12.2,1.05,96.7,0.737,2.04,287.6
6/2/2024 5:30,2666,7,0,12.6,1.07,96.7,0.735,2.24,290
6/2/2024 5:45,2667,11,0,12.7,1.09,96.8,0.743,2.03,298.1
6/2/2024 6:00,2668,22,0,12.6,1.11,96.8,0.757,1.35,343.9
6/2/2024 6:15,2669,32,0,12.8,1.11,96.7,0.753,1.36,323.1
6/2/2024 6:30,2670,46,0,12.7,1.13,96.7,0.769,0.92,254
6/2/2024 6:45,2671,48,0,13.3,1.12,96.8,0.732,1.82,283.2
6/2/2024 7:00,2672,60,0,13.2,1.13,96.8,0.744,1.51,282.1
6/2/2024 7:15,2673,85,0,13.3,1.14,96.8,0.748,1.48,281.5
6/2/2024 7:30,2674,149,0,13.7,1.16,96.8,0.741,2.18,282.6
6/2/2024 7:45,2675,76,0,13.9,1.15,96.8,0.724,2.27,282
6/2/2024 8:00,2676,313,0,14.4,1.19,96.7,0.731,2.54,276.1
6/2/2024 8:15,2677,245,0,15.1,1.22,96.7,0.707,2.82,275.8
6/2/2024 8:30,2678,429,0,15.8,1.26,96.7,0.703,3.38,262.4
6/2/2024 8:45,2679,295,0,16.1,1.23,96.7,0.671,3.03,266.7
6/2/2024 9:00,2680,435,0,16.8,1.21,96.7,0.635,2.86,277.5
6/2/2024 9:15,2681,433,0,17.1,1.23,96.7,0.63,2.42,269.1
6/2/2024 9:30,2682,467,0,17.5,1.21,96.7,0.609,2.98,279.5
6/2/2024 9:45,2683,454,0,17.5,1.2,96.6,0.598,3.33,279.5
6/2/2024 10:00,2684,598,0,18.2,1.25,96.6,0.602,3.48,285.9
6/2/2024 10:15,2685,643,0,18.4,1.28,96.6,0.606,3.53,286.4
6/2/2024 10:30,2686,651,0,18.7,1.3,96.6,0.598,3.78,286.9
6/2/2024 10:45,2687,583,0,18.8,1.26,96.6,0.581,4.19,282.4
6/2/2024 11:00,2688,567,0,19,1.21,96.6,0.553,4.97,276.3
6/2/2024 11:15,2689,541,0,19.2,1.22,96.6,0.547,5.05,279.4
6/2/2024 11:30,2690,453,0,19.1,1.18,96.6,0.535,5.1,279.2
6/2/2024 11:45,2691,443,0,19,1.22,96.6,0.555,4.46,272.3
6/2/2024 12:00,2692,488,0,19.1,1.25,96.6,0.565,4.52,273.2
6/2/2024 12:15,2693,447,0,19.2,1.25,96.6,0.562,4.59,276
6/2/2024 12:30,2694,447,0,19.4,1.21,96.5,0.54,5.03,278.1
6/2/2024 12:45,2695,413,0,19.4,1.2,96.5,0.535,5.24,277.4
6/2/2024 13:00,2696,465,0,19.4,1.22,96.5,0.543,5.29,274.9
6/2/2024 13:15,2697,412,0,19.4,1.21,96.5,0.532,5.06,272.7
6/2/2024 13:30,2698,351,0,19.4,1.2,96.5,0.533,5.67,272
6/2/2024 13:45,2699,258,0,19.4,1.16,96.5,0.514,4.62,284.4
6/2/2024 14:00,2700,239,0,19.5,1.13,96.5,0.499,4.51,288.2
6/2/2024 14:15,2701,280,0,19,1.05,96.5,0.48,5.52,299.2
6/2/2024 14:30,2702,379,0,18.8,1.03,96.5,0.476,5.56,297.2
6/2/2024 14:45,2703,527,0,19.1,1.09,96.5,0.494,5.1,300.3
6/2/2024 15:00,2704,354,0,18.4,1.17,96.5,0.553,5,312.7
6/2/2024 15:15,2705,267,0,17.3,1.2,96.5,0.607,5.48,303
6/2/2024 15:30,2706,179,0.068,16.1,1.26,96.5,0.688,4.68,306
6/2/2024 15:45,2707,133,0.238,15.2,1.29,96.5,0.746,3.88,296.8
6/2/2024 16:00,2708,125,0.238,14,1.32,96.5,0.819,3.13,296.5
6/2/2024 16:15,2709,117,0.119,14.6,1.34,96.5,0.807,3.24,290.3
6/2/2024 16:30,2710,88,0.187,14.3,1.36,96.5,0.832,3.29,283.1
6/2/2024 16:45,2711,99,0.204,14.1,1.36,96.4,0.845,3.54,277.7
6/2/2024 17:00,2712,91,0.187,14,1.37,96.4,0.854,3.57,276.2
6/2/2024 17:15,2713,87,0.323,13.7,1.37,96.4,0.877,3.85,270.3
6/2/2024 17:30,2714,85,0.255,13.3,1.38,96.4,0.905,3.76,261.2
6/2/2024 17:45,2715,35,0.136,13.6,1.38,96.4,0.889,3.8,254.1
6/2/2024 18:00,2716,37,0.17,13.5,1.39,96.4,0.9,4.01,249.9
6/2/2024 18:15,2717,34,0.017,13.6,1.4,96.3,0.899,5.31,253.3
6/2/2024 18:30,2718,37,0,13.5,1.4,96.3,0.902,4.68,252.4
6/2/2024 18:45,2719,33,0,13.5,1.39,96.3,0.901,4.45,249.6
6/2/2024 19:00,2720,29,0,13.5,1.39,96.3,0.9,5.12,257.6
6/2/2024 19:15,2721,24,0,13.6,1.4,96.3,0.898,5.27,260.5
6/2/2024 19:30,2722,20,0.017,13.8,1.42,96.3,0.9,5.26,261.6
6/2/2024 19:45,2723,18,0.034,13.8,1.43,96.3,0.908,5.67,261.2
6/2/2024 20:00,2724,12,0.017,13.8,1.44,96.2,0.914,5.31,263.2
6/2/2024 20:15,2725,7,0,13.8,1.44,96.2,0.913,5.62,265
6/2/2024 20:30,2726,4,0,13.9,1.45,96.2,0.912,5.18,263.2
6/2/2024 20:45,2727,2,0,13.9,1.45,96.2,0.916,4.16,261
6/2/2024 21:00,2728,0,0,14,1.46,96.2,0.915,4.19,264
6/2/2024 21:15,2729,0,0,14.1,1.47,96.2,0.912,4.61,268.4
6/2/2024 21:30,2730,0,0.017,14.2,1.47,96.2,0.907,5.24,275.6
6/2/2024 21:45,2731,0,0.085,14.2,1.47,96.2,0.911,4.97,275.8
6/2/2024 22:00,2732,0,0.136,14.2,1.46,96.2,0.904,4.36,278
6/2/2024 22:15,2733,0,0.034,14.2,1.45,96.2,0.9,4.08,275.1
6/2/2024 22:30,2734,0,0.017,14.1,1.45,96.2,0.898,3.88,279.6
6/2/2024 22:45,2735,0,0,14.3,1.45,96.2,0.89,4.6,280.6
6/2/2024 23:00,2736,0,0,14,1.45,96.2,0.908,3.64,272.7
6/2/2024 23:15,2737,0,0,14,1.44,96.2,0.901,3.69,272.6
6/2/2024 23:30,2738,0,0,14.1,1.43,96.2,0.889,4.05,279.5
6/2/2024 23:45,2739,0,0,14.1,1.42,96.2,0.883,3.47,279.3
6/3/2024 0:00,2740,0,0,13.9,1.4,96.2,0.884,3.45,275.6
6/3/2024 0:15,2741,0,0,13.9,1.39,96.1,0.872,4.3,277.8
6/3/2024 0:30,2742,0,0,13.9,1.38,96.1,0.874,4.31,276.6
6/3/2024 0:45,2743,0,0,13.8,1.37,96.1,0.872,4.66,275
6/3/2024 1:00,2744,0,0,13.9,1.35,96.1,0.853,4.49,283
6/3/2024 1:15,2745,0,0,13.7,1.34,96,0.858,3.19,283.5
6/3/2024 1:30,2746,0,0,13.6,1.34,96,0.861,2.52,282.8
6/3/2024 1:45,2747,0,0,13.3,1.34,96,0.873,2.4,275.9
6/3/2024 2:00,2748,0,0,13.1,1.33,96,0.883,2.37,273.9
6/3/2024 2:15,2749,0,0.068,12.9,1.34,96,0.896,2.74,270.4
6/3/2024 2:30,2750,0,0.051,12.9,1.33,96,0.893,2.65,280.8
6/3/2024 2:45,2751,0,0.068,12.9,1.32,96,0.89,2.97,284.6
6/3/2024 3:00,2752,0,0.17,12.7,1.32,96,0.898,3.24,290.3
6/3/2024 3:15,2753,0,0.119,12.6,1.31,95.9,0.901,3.39,284.2
6/3/2024 3:30,2754,0,0.136,12.4,1.31,95.9,0.907,3.05,285.2
6/3/2024 3:45,2755,0,0.068,12.1,1.3,95.9,0.919,2.76,289
6/3/2024 4:00,2756,0,0.068,12.1,1.3,95.9,0.923,2.45,295.6
6/3/2024 4:15,2757,0,0.136,11.9,1.3,95.9,0.93,1.98,293.1
6/3/2024 4:30,2758,0,0.136,11.9,1.3,95.9,0.932,2.12,281.6
6/3/2024 4:45,2759,0,0.119,11.9,1.3,95.9,0.938,2.27,275.6
6/3/2024 5:00,2760,0,0.051,11.7,1.3,95.9,0.946,2.32,271.7
6/3/2024 5:15,2761,0,0.034,11.7,1.3,95.9,0.948,2.75,283.2
6/3/2024 5:30,2762,0,0.119,11.7,1.3,95.9,0.945,3.1,288.5
6/3/2024 5:45,2763,1,0.136,11.7,1.3,95.9,0.947,3.05,288.9
6/3/2024 6:00,2764,4,0.017,11.7,1.3,95.9,0.947,3.05,286.3
6/3/2024 6:15,2765,7,0.085,11.8,1.3,95.9,0.944,3.22,286.7
6/3/2024 6:30,2766,10,0.034,11.9,1.31,95.9,0.944,3.83,282.7
6/3/2024 6:45,2767,18,0.017,11.8,1.32,95.8,0.952,4.62,274.9
6/3/2024 7:00,2768,39,0,12,1.33,95.8,0.95,4.86,278.1
6/3/2024 7:15,2769,97,0,12.2,1.36,95.8,0.955,3.95,277.4
6/3/2024 7:30,2770,97,0,12.5,1.41,95.8,0.973,4.85,274.6
6/3/2024 7:45,2771,96,0,12.7,1.41,95.8,0.964,4.96,280.3
6/3/2024 8:00,2772,110,0,12.9,1.43,95.8,0.962,5.33,280.5
6/3/2024 8:15,2773,137,0,13.3,1.46,95.9,0.955,3.61,284.8
6/3/2024 8:30,2774,245,0,14.2,1.57,95.9,0.971,4.48,287.9
6/3/2024 8:45,2775,283,0,14.9,1.59,95.9,0.933,5.14,295.2
6/3/2024 9:00,2776,317,0,15.7,1.56,95.9,0.875,4.96,304.3
6/3/2024 9:15,2777,356,0,15.9,1.36,95.9,0.754,7.01,322.7
6/3/2024 9:30,2778,391,0,15.8,1.23,95.9,0.685,7.89,319.8
6/3/2024 9:45,2779,442,0,16,1.21,95.9,0.666,7.88,325.3
6/3/2024 10:00,2780,321,0,14.5,1.22,96,0.741,5.63,2.3
6/3/2024 10:15,2781,534,0,15.5,1.2,96,0.685,6.49,9.5
6/3/2024 10:30,2782,505,0,15.7,1.15,96,0.644,6.09,11.7
6/3/2024 10:45,2783,398,0,15.4,1.09,96.1,0.621,6.6,11.2
6/3/2024 11:00,2784,516,0,15.5,1.06,96.1,0.599,5.64,14.9
6/3/2024 11:15,2785,568,0,16,1.06,96.1,0.588,5.67,16.7
6/3/2024 11:30,2786,610,0,16.5,1.08,96.1,0.572,4.65,6
6/3/2024 11:45,2787,599,0,16.9,1.06,96.1,0.554,5.07,352.9
6/3/2024 12:00,2788,662,0,17.2,1.01,96.2,0.52,7.06,346.5
6/3/2024 12:15,2789,640,0,17.3,0.98,96.2,0.492,7.41,346.8
6/3/2024 12:30,2790,676,0,17.9,0.99,96.2,0.486,5.67,345.6
6/3/2024 12:45,2791,758,0,18.3,1.03,96.2,0.497,4.46,5.8
6/3/2024 13:00,2792,667,0,18.1,1,96.2,0.483,4.34,9.1
6/3/2024 13:15,2793,808,0,18.6,1.02,96.3,0.474,4.65,16.8
6/3/2024 13:30,2794,686,0,18.7,1,96.3,0.463,4.88,357.4
6/3/2024 13:45,2795,796,0,19.2,0.99,96.3,0.445,5.99,354.5
6/3/2024 14:00,2796,781,0,19.1,0.94,96.3,0.428,6.63,352.6
6/3/2024 14:15,2797,815,0,19.2,0.92,96.3,0.41,7.64,343.7
6/3/2024 14:30,2798,774,0,19.3,0.92,96.3,0.41,6.85,343
6/3/2024 14:45,2799,790,0,19.7,0.92,96.4,0.404,6.85,336.3
6/3/2024 15:00,2800,753,0,19.5,0.92,96.4,0.408,6.54,338.6
6/3/2024 15:15,2801,769,0,19.6,0.94,96.4,0.413,6.61,343.3
6/3/2024 15:30,2802,608,0,19.5,0.96,96.4,0.424,5.84,352
6/3/2024 15:45,2803,623,0,19.3,0.94,96.4,0.418,6.42,342.9
6/3/2024 16:00,2804,603,0,19.3,0.93,96.4,0.418,5.47,352.9
6/3/2024 16:15,2805,598,0,19.3,0.9,96.5,0.403,5.63,338.4
6/3/2024 16:30,2806,311,0,18.4,0.88,96.5,0.417,5.97,350.1
6/3/2024 16:45,2807,504,0,18.5,0.83,96.5,0.391,6.28,351.4
6/3/2024 17:00,2808,502,0,18.7,0.83,96.5,0.382,6.54,348.1
6/3/2024 17:15,2809,526,0,18.8,0.85,96.5,0.39,6.29,349.8
6/3/2024 17:30,2810,243,0,18.1,0.83,96.5,0.399,5.96,346.3
6/3/2024 17:45,2811,187,0,17.5,0.83,96.6,0.415,5.44,339.5
6/3/2024 18:00,2812,160,0,17.1,0.87,96.6,0.446,6.06,312.7
6/3/2024 18:15,2813,118,0,16.8,0.86,96.6,0.45,5.81,309.7
6/3/2024 18:30,2814,104,0,16.5,0.86,96.6,0.457,6.27,322.4
6/3/2024 18:45,2815,78,0,16.2,0.88,96.7,0.477,5.3,322.3
6/3/2024 19:00,2816,101,0,15.9,0.88,96.7,0.487,6.51,319.8
6/3/2024 19:15,2817,112,0,15.9,0.89,96.7,0.491,6.57,328.9
6/3/2024 19:30,2818,80,0,15.7,0.87,96.7,0.49,6.17,324.6
6/3/2024 19:45,2819,96,0,15.6,0.89,96.7,0.502,5.09,319.9
6/3/2024 20:00,2820,118,0,15.9,0.88,96.7,0.49,4.58,330.5
6/3/2024 20:15,2821,78,0,15.5,0.86,96.8,0.492,4.74,337.6
6/3/2024 20:30,2822,50,0,14.6,0.89,96.8,0.539,2.69,339.7
6/3/2024 20:45,2823,20,0,13.3,0.9,96.8,0.587,2.67,338.5
6/3/2024 21:00,2824,5,0,12.4,0.89,96.8,0.621,1.17,335.7
6/3/2024 21:15,2825,1,0,12.2,0.87,96.8,0.612,0.77,18.7
6/3/2024 21:30,2826,0,0,12.1,0.87,96.8,0.616,2.36,0.2
6/3/2024 21:45,2827,0,0,12.1,0.85,96.9,0.601,3.54,344
6/3/2024 22:00,2828,0,0,11.6,0.84,96.9,0.613,3.02,340.9
6/3/2024 22:15,2829,0,0,11.4,0.82,96.9,0.607,3.45,345.2
6/3/2024 22:30,2830,0,0,10.5,0.83,97,0.65,2.23,338.3
6/3/2024 22:45,2831,0,0,9.8,0.82,97,0.676,1.93,342.2
6/3/2024 23:00,2832,0,0,10.4,0.81,97,0.644,3.69,349.1
6/3/2024 23:15,2833,0,0,11,0.8,97,0.612,3.8,351.4
6/3/2024 23:30,2834,0,0,10.5,0.81,97,0.642,1.56,341.3
6/3/2024 23:45,2835,0,0,10,0.83,97,0.683,1.45,326.6
6/4/2024 0:00,2836,0,0,9.7,0.85,97,0.707,1.24,255.6
6/4/2024 0:15,2837,0,0,9.5,0.87,97,0.733,0.95,276.5
6/4/2024 0:30,2838,0,0,10.2,0.86,97,0.692,1.97,332.3
6/4/2024 0:45,2839,0,0,10.2,0.86,97,0.695,1.23,267.6
6/4/2024 1:00,2840,0,0,10.1,0.87,97,0.707,1.46,307
6/4/2024 1:15,2841,0,0,10.3,0.87,97,0.694,1.84,308.6
6/4/2024 1:30,2842,0,0,10.2,0.88,97,0.708,1.26,296.7
6/4/2024 1:45,2843,0,0,10.1,0.88,97,0.713,1.63,287.5
6/4/2024 2:00,2844,0,0,10.2,0.89,97.1,0.714,1.61,289.3
6/4/2024 2:15,2845,0,0,10.3,0.9,97,0.724,1.73,280.1
6/4/2024 2:30,2846,0,0,9.9,0.92,97,0.756,0.87,225.4
6/4/2024 2:45,2847,0,0,9.6,0.93,97.1,0.777,1.18,212.7
6/4/2024 3:00,2848,0,0,9.9,0.93,97.1,0.766,1.23,269.3
6/4/2024 3:15,2849,0,0,10.3,0.92,97.1,0.735,1.87,278.4
6/4/2024 3:30,2850,0,0,10.5,0.92,97.1,0.723,2.09,277.7
6/4/2024 3:45,2851,0,0,10.4,0.93,97.1,0.74,2.63,267.2
6/4/2024 4:00,2852,0,0,10.3,0.93,97.1,0.741,2.56,267.5
6/4/2024 4:15,2853,0,0,10.1,0.93,97,0.755,2.76,263.8
6/4/2024 4:30,2854,0,0,10,0.94,97,0.763,2.51,270.6
6/4/2024 4:45,2855,0,0,10.3,0.92,97.1,0.733,2.47,272.2
6/4/2024 5:00,2856,0,0,9.7,0.94,97.1,0.782,2.87,261.3
6/4/2024 5:15,2857,0,0,9.8,0.96,97,0.791,3.43,262.6
6/4/2024 5:30,2858,0,0,9.9,0.96,97,0.79,3.06,268.3
6/4/2024 5:45,2859,3,0,10.1,0.96,97,0.783,3.31,271.4
6/4/2024 6:00,2860,4,0,10.1,0.97,97,0.786,4,276.1
6/4/2024 6:15,2861,7,0,10.2,0.98,97,0.786,4.47,273.8
6/4/2024 6:30,2862,15,0,10.4,0.98,97,0.774,5.17,273.2
6/4/2024 6:45,2863,25,0,10.7,0.98,97,0.765,6.08,278.8
6/4/2024 7:00,2864,44,0,10.9,0.98,97,0.751,5.89,283.8
6/4/2024 7:15,2865,43,0,11.1,0.98,97,0.747,4.62,279.5
6/4/2024 7:30,2866,39,0,11.3,0.98,97,0.732,5.4,282
6/4/2024 7:45,2867,49,0,11.2,0.99,97.1,0.744,4.24,280.6
6/4/2024 8:00,2868,57,0,11.3,1,97,0.747,3.62,269.8
6/4/2024 8:15,2869,62,0,11.5,1.01,97,0.74,5.46,275.1
6/4/2024 8:30,2870,80,0,11.8,1.02,97,0.737,4.74,272.5
6/4/2024 8:45,2871,72,0,11.9,1.04,97,0.746,4.71,264.3
6/4/2024 9:00,2872,72,0,11.9,1.05,97,0.749,3.69,260.9
6/4/2024 9:15,2873,90,0,12,1.05,97,0.748,3.98,265.8
6/4/2024 9:30,2874,121,0,12.1,1.05,97,0.744,3.89,267.7
6/4/2024 9:45,2875,140,0,12.2,1.06,97,0.746,2.93,255.4
6/4/2024 10:00,2876,154,0,12.5,1.07,97,0.74,2.85,276.5
6/4/2024 10:15,2877,143,0,12.8,1.09,97,0.736,4.16,278.9
6/4/2024 10:30,2878,183,0,13.2,1.11,97,0.728,4.52,282.5
6/4/2024 10:45,2879,200,0,13.8,1.13,96.9,0.715,5.29,279.7
6/4/2024 11:00,2880,188,0,14.2,1.15,96.9,0.711,5.32,279.4
6/4/2024 11:15,2881,213,0,14.8,1.18,96.9,0.699,5.14,281.3
6/4/2024 11:30,2882,222,0,15.4,1.2,97,0.683,5.52,283.3
6/4/2024 11:45,2883,313,0,15.4,1.22,96.9,0.691,5.81,277.9
6/4/2024 12:00,2884,674,0,16.5,1.26,96.9,0.674,4.45,284.7
6/4/2024 12:15,2885,351,0,17.3,1.3,96.9,0.653,5.11,284
6/4/2024 12:30,2886,162,0,17.3,1.27,96.9,0.642,5.25,299
6/4/2024 12:45,2887,181,0,17.5,1.26,96.9,0.631,4.74,296.6
6/4/2024 13:00,2888,304,0,17.9,1.26,96.9,0.615,4.93,301.2
6/4/2024 13:15,2889,350,0,18.4,1.28,96.9,0.607,5.5,310.8
6/4/2024 13:30,2890,315,0,18.4,1.27,96.9,0.6,5.9,314
6/4/2024 13:45,2891,370,0,18.4,1.26,96.8,0.595,6.35,309.5
6/4/2024 14:00,2892,514,0,19.4,1.29,96.8,0.573,6.73,317.6
6/4/2024 14:15,2893,542,0,19.7,1.32,96.8,0.574,5.85,311.1
6/4/2024 14:30,2894,690,0,20.4,1.33,96.8,0.559,6.72,318.4
6/4/2024 14:45,2895,570,0,20.3,1.33,96.8,0.56,7.01,312.2
6/4/2024 15:00,2896,404,0,19.7,1.3,96.8,0.569,6.72,306.3
6/4/2024 15:15,2897,294,0,19.5,1.3,96.8,0.574,6.8,304.8
6/4/2024 15:30,2898,215,0,19.1,1.27,96.8,0.572,6.67,302.2
6/4/2024 15:45,2899,195,0,19.3,1.26,96.8,0.564,6.79,298.8
6/4/2024 16:00,2900,201,0,19.7,1.25,96.8,0.545,6.97,308.3
6/4/2024 16:15,2901,200,0,19.8,1.25,96.8,0.542,6.63,304.2
6/4/2024 16:30,2902,448,0,20.5,1.28,96.8,0.535,6.32,303.6
6/4/2024 16:45,2903,593,0,21.2,1.32,96.8,0.527,6.75,296.2
6/4/2024 17:00,2904,549,0,21.8,1.33,96.8,0.51,6.49,304.2
6/4/2024 17:15,2905,357,0,21.8,1.31,96.8,0.503,5.75,324
6/4/2024 17:30,2906,456,0,21.6,1.28,96.8,0.495,6.63,306.4
6/4/2024 17:45,2907,444,0,21.7,1.29,96.8,0.498,6.88,298.2
6/4/2024 18:00,2908,432,0,21.7,1.28,96.8,0.496,6.76,300
6/4/2024 18:15,2909,335,0,21.6,1.28,96.8,0.497,6.53,303.5
6/4/2024 18:30,2910,295,0,21.6,1.24,96.8,0.481,7.13,317.8
6/4/2024 18:45,2911,270,0,21.4,1.22,96.8,0.481,7.14,321
6/4/2024 19:00,2912,232,0,21,1.2,96.8,0.482,7.8,322.7
6/4/2024 19:15,2913,201,0,20.8,1.19,96.8,0.482,7.2,320.7
6/4/2024 19:30,2914,114,0,20.5,1.17,96.9,0.487,6.62,329
6/4/2024 19:45,2915,75,0,19.9,1.17,96.9,0.5,6.04,328.1
6/4/2024 20:00,2916,94,0,19.8,1.16,96.9,0.505,6.3,328
6/4/2024 20:15,2917,23,0,18.6,1.16,96.9,0.539,5.81,318.5
6/4/2024 20:30,2918,39,0,18.1,1.15,97,0.553,4.44,316.4
6/4/2024 20:45,2919,22,0,17.7,1.14,97,0.566,4.32,314.1
6/4/2024 21:00,2920,7,0,17.2,1.13,97,0.575,4.31,320.3
6/4/2024 21:15,2921,2,0,16.9,1.12,97,0.583,3.95,327
6/4/2024 21:30,2922,0,0,16.2,1.13,97.1,0.612,2.98,323.5
6/4/2024 21:45,2923,0,0,15.2,1.13,97.1,0.651,2.03,335.5
6/4/2024 22:00,2924,0,0,14.2,1.1,97.2,0.68,2.02,347.7
6/4/2024 22:15,2925,0,0,14.5,1.04,97.2,0.63,3.79,11.5
6/4/2024 22:30,2926,0,0,14.1,1.03,97.2,0.643,3.75,4.8
6/4/2024 22:45,2927,0,0,14,1.02,97.2,0.639,3.78,7.3
6/4/2024 23:00,2928,0,0,13.8,1.02,97.2,0.647,3.48,18
6/4/2024 23:15,2929,0,0,13.6,1.01,97.3,0.647,3.41,20.9
6/4/2024 23:30,2930,0,0,13.2,1,97.3,0.662,3.37,20.5
6/4/2024 23:45,2931,0,0,13.2,0.99,97.3,0.657,3.54,17.5
6/5/2024 0:00,2932,0,0,12.9,0.98,97.3,0.656,2.95,13.9
6/5/2024 0:15,2933,0,0,12.6,0.97,97.3,0.667,3.2,12.7
6/5/2024 0:30,2934,0,0,12.5,0.96,97.3,0.66,4.61,11.2
6/5/2024 0:45,2935,0,0,12.4,0.95,97.3,0.658,3,14.3
6/5/2024 1:00,2936,0,0,11.9,0.93,97.4,0.667,1.55,11.4
6/5/2024 1:15,2937,0,0,11.2,0.92,97.4,0.688,2.52,10
6/5/2024 1:30,2938,0,0,11.1,0.91,97.4,0.686,3.5,9.6
6/5/2024 1:45,2939,0,0,10.6,0.9,97.4,0.705,1.68,341.2
6/5/2024 2:00,2940,0,0,9.6,0.88,97.4,0.744,1.37,341.1
6/5/2024 2:15,2941,0,0,9.2,0.86,97.4,0.74,1.66,1.8
6/5/2024 2:30,2942,0,0,9.3,0.85,97.4,0.729,2.44,350.5
6/5/2024 2:45,2943,0,0,8.8,0.86,97.5,0.755,1.68,2.5
6/5/2024 3:00,2944,0,0,8.4,0.84,97.5,0.766,1.08,25.3
6/5/2024 3:15,2945,0,0,7.3,0.82,97.5,0.804,1.61,202.1
6/5/2024 3:30,2946,0,0,8.2,0.81,97.5,0.755,1.54,283.3
6/5/2024 3:45,2947,0,0,8.3,0.82,97.5,0.749,2.23,340.3
6/5/2024 4:00,2948,0,0,7.7,0.82,97.5,0.784,1.01,192.8
6/5/2024 4:15,2949,0,0,6.4,0.78,97.6,0.812,0.78,205.3
6/5/2024 4:30,2950,0,0,7.3,0.8,97.6,0.781,1.17,354.8
6/5/2024 4:45,2951,0,0,5.5,0.78,97.6,0.863,1.01,173.4
6/5/2024 5:00,2952,0,0,6.4,0.77,97.6,0.802,0.48,58
6/5/2024 5:15,2953,1,0,4.8,0.75,97.6,0.876,0.84,166.8
6/5/2024 5:30,2954,5,0,5.7,0.76,97.6,0.838,0.88,134.3
6/5/2024 5:45,2955,18,0,4.3,0.75,97.7,0.907,1.49,186.8
6/5/2024 6:00,2956,35,0,6.4,0.8,97.7,0.829,0.68,212.2
6/5/2024 6:15,2957,52,0,6.7,0.85,97.7,0.863,0.99,112.7
6/5/2024 6:30,2958,66,0,8,0.89,97.7,0.832,0.74,39.1
6/5/2024 6:45,2959,82,0,8.3,0.91,97.7,0.834,0.99,274.9
6/5/2024 7:00,2960,103,0,9,0.94,97.7,0.818,1.33,288.5
6/5/2024 7:15,2961,128,0,10,0.94,97.7,0.767,1.24,341
6/5/2024 7:30,2962,157,0,10.8,0.94,97.7,0.728,1.82,345.1
6/5/2024 7:45,2963,187,0,11.2,0.93,97.8,0.696,1.67,337.3
6/5/2024 8:00,2964,219,0,11.8,0.92,97.8,0.669,2.65,355.8
6/5/2024 8:15,2965,252,0,12.5,0.92,97.8,0.634,2.98,0.9
6/5/2024 8:30,2966,286,0,13.1,0.91,97.8,0.61,2.61,5.1
6/5/2024 8:45,2967,320,0,13.5,0.91,97.8,0.588,2.89,12.9
6/5/2024 9:00,2968,354,0,13.8,0.9,97.8,0.568,2.39,4.9
6/5/2024 9:15,2969,387,0,14.2,0.9,97.8,0.559,2.65,354
6/5/2024 9:30,2970,424,0,14.4,0.89,97.8,0.543,1.76,341.4
6/5/2024 9:45,2971,458,0,14.7,0.89,97.8,0.53,1.4,340.4
6/5/2024 10:00,2972,492,0,15.1,0.86,97.8,0.503,2,343.2
6/5/2024 10:15,2973,525,0,15.4,0.85,97.8,0.485,1.85,325.7
6/5/2024 10:30,2974,555,0,15.7,0.89,97.8,0.5,1.86,332.7
6/5/2024 10:45,2975,520,0,15.9,0.89,97.8,0.488,1.65,340.1
6/5/2024 11:00,2976,564,0,16.3,0.88,97.8,0.471,2.07,300.3
6/5/2024 11:15,2977,645,0,16.3,0.88,97.8,0.473,1.41,344.1
6/5/2024 11:30,2978,668,0,16.6,0.87,97.8,0.458,1.21,337.8
6/5/2024 11:45,2979,695,0,17.5,0.86,97.8,0.434,3.11,305.8
6/5/2024 12:00,2980,718,0,17.5,0.85,97.8,0.418,2.63,301
6/5/2024 12:15,2981,736,0,17.8,0.82,97.8,0.4,3.04,319.2
6/5/2024 12:30,2982,751,0,18.3,0.83,97.8,0.396,2.39,317.3
6/5/2024 12:45,2983,764,0,18.4,0.85,97.8,0.4,2.87,307.4
6/5/2024 13:00,2984,775,0,18.6,0.86,97.8,0.405,2.85,276.3
6/5/2024 13:15,2985,783,0,18.7,0.85,97.8,0.395,2.3,293.4
6/5/2024 13:30,2986,787,0,19.2,0.84,97.8,0.38,1.75,304.5
6/5/2024 13:45,2987,788,0,19.4,0.84,97.8,0.372,2.45,292.1
6/5/2024 14:00,2988,781,0,19.7,0.87,97.8,0.377,2.22,301.3
6/5/2024 14:15,2989,779,0,19.9,0.88,97.8,0.38,1.86,295
6/5/2024 14:30,2990,758,0,20.3,0.87,97.8,0.367,2.08,339.4
6/5/2024 14:45,2991,768,0,20.3,0.88,97.7,0.376,1.73,296.4
6/5/2024 15:00,2992,752,0,20.5,0.9,97.7,0.369,2.26,287.3
6/5/2024 15:15,2993,736,0,20.9,0.87,97.7,0.355,1.47,316.5
6/5/2024 15:30,2994,712,0,21.2,0.85,97.7,0.332,1.59,335.7
6/5/2024 15:45,2995,685,0,21.5,0.86,97.7,0.336,1.26,256.7
6/5/2024 16:00,2996,660,0,21.3,0.94,97.7,0.369,2.32,249.5
6/5/2024 16:15,2997,633,0,21.3,0.93,97.7,0.369,1.71,253.2
6/5/2024 16:30,2998,599,0,21.7,0.93,97.7,0.355,1.55,274.1
6/5/2024 16:45,2999,571,0,22,0.94,97.7,0.358,1.68,306.2
6/5/2024 17:00,3000,540,0,22.1,0.9,97.7,0.338,1.46,304
6/5/2024 17:15,3001,498,0,22,0.88,97.6,0.335,1.22,111.7
6/5/2024 17:30,3002,471,0,22.3,0.88,97.6,0.326,1.05,129.9
6/5/2024 17:45,3003,434,0,22.7,0.87,97.6,0.314,1.02,145.8
6/5/2024 18:00,3004,397,0,22.7,0.86,97.6,0.31,1.1,189.5
6/5/2024 18:15,3005,355,0,22.5,0.86,97.6,0.317,1.25,202.7
6/5/2024 18:30,3006,320,0,22.6,0.84,97.6,0.305,0.92,175
6/5/2024 18:45,3007,281,0,22.8,0.85,97.5,0.307,0.91,219.7
6/5/2024 19:00,3008,237,0,22.6,0.86,97.5,0.313,1.26,206.2
6/5/2024 19:15,3009,199,0,22.5,0.91,97.6,0.334,1.27,204.5
6/5/2024 19:30,3010,162,0,22.2,0.94,97.6,0.353,1.27,213.2
6/5/2024 19:45,3011,131,0,22,0.99,97.6,0.374,0.97,212
6/5/2024 20:00,3012,101,0,21.1,1.07,97.6,0.43,1.11,219.6
6/5/2024 20:15,3013,74,0,20.1,1.08,97.5,0.46,1.21,207.4
6/5/2024 20:30,3014,49,0,18.9,1.05,97.5,0.48,0.99,189.3
6/5/2024 20:45,3015,27,0,18,1.02,97.5,0.495,0.91,165
6/5/2024 21:00,3016,9,0,16.4,1.03,97.5,0.554,1.29,164.7
6/5/2024 21:15,3017,1,0,15.1,1.01,97.5,0.587,1.17,163.9
6/5/2024 21:30,3018,0,0,14.3,0.99,97.5,0.609,0.96,167
6/5/2024 21:45,3019,0,0,13.5,0.97,97.5,0.627,1.18,166.7
6/5/2024 22:00,3020,0,0,13.1,0.95,97.5,0.635,1.3,163.5
6/5/2024 22:15,3021,0,0,12.6,0.94,97.6,0.646,1.28,165.1
6/5/2024 22:30,3022,0,0,12.2,0.92,97.6,0.647,1.29,159.9
6/5/2024 22:45,3023,0,0,11.9,0.91,97.6,0.656,1.18,166.2
6/5/2024 23:00,3024,0,0,11.2,0.91,97.5,0.685,1.21,163.8
6/5/2024 23:15,3025,0,0,10.7,0.91,97.5,0.705,1.32,159.2
6/5/2024 23:30,3026,0,0,10.6,0.89,97.5,0.695,1.32,165.2
6/5/2024 23:45,3027,0,0,11.1,0.86,97.5,0.655,1.25,156.8
6/6/2024 0:00,3028,0,0,11.8,0.83,97.5,0.601,1.15,160.1
6/6/2024 0:15,3029,0,0,11.9,0.82,97.5,0.592,1.07,164.2
6/6/2024 0:30,3030,0,0,11.1,0.83,97.5,0.628,0.9,154
6/6/2024 0:45,3031,0,0,11.1,0.81,97.5,0.616,1.26,133.2
6/6/2024 1:00,3032,0,0,11.6,0.78,97.5,0.575,1.08,140.8
6/6/2024 1:15,3033,0,0,10.1,0.82,97.5,0.667,1.04,163.5
6/6/2024 1:30,3034,0,0,10.6,0.79,97.5,0.62,1.13,151.3
6/6/2024 1:45,3035,0,0,10.7,0.78,97.5,0.606,0.98,136.2
6/6/2024 2:00,3036,0,0,10.5,0.81,97.5,0.638,2.09,54.5
6/6/2024 2:15,3037,0,0,11.6,0.81,97.5,0.595,2.15,77.8
6/6/2024 2:30,3038,0,0,11.3,0.81,97.5,0.606,1.51,100.2
6/6/2024 2:45,3039,0,0,9.4,0.82,97.5,0.702,1.07,162.7
6/6/2024 3:00,3040,0,0,9.1,0.83,97.5,0.717,0.85,156.9
6/6/2024 3:15,3041,0,0,11.8,0.81,97.5,0.592,1.5,88.3
6/6/2024 3:30,3042,0,0,9.7,0.83,97.5,0.696,0.94,171.8
6/6/2024 3:45,3043,0,0,9.9,0.81,97.5,0.665,0.91,121.4
6/6/2024 4:00,3044,0,0,9.2,0.82,97.5,0.7,2.05,106.3
6/6/2024 4:15,3045,0,0,8.9,0.81,97.5,0.717,1.27,107.7
6/6/2024 4:30,3046,0,0,7.3,0.8,97.5,0.784,1.3,169.1
6/6/2024 4:45,3047,0,0,7.8,0.8,97.5,0.753,1.45,115.9
6/6/2024 5:00,3048,0,0,8.6,0.79,97.5,0.708,1.79,107.4
6/6/2024 5:15,3049,1,0,8.4,0.79,97.5,0.722,1.49,125.1
6/6/2024 5:30,3050,5,0,8.7,0.78,97.5,0.701,1.59,102.2
6/6/2024 5:45,3051,15,0,9.2,0.8,97.5,0.684,1.85,97.7
6/6/2024 6:00,3052,29,0,8.9,0.82,97.5,0.717,2.18,102.9
6/6/2024 6:15,3053,45,0,10.1,0.84,97.5,0.679,2.02,102.8
6/6/2024 6:30,3054,63,0,10.7,0.89,97.5,0.692,1.52,111
6/6/2024 6:45,3055,84,0,11.4,0.95,97.6,0.701,1.03,130
6/6/2024 7:00,3056,108,0,12.9,0.96,97.6,0.642,1.51,98.3
6/6/2024 7:15,3057,135,0,13.6,0.98,97.6,0.63,1.42,98.3
6/6/2024 7:30,3058,164,0,14,1.02,97.6,0.636,1.75,91.5
6/6/2024 7:45,3059,195,0,14.6,1.03,97.5,0.618,1.34,81.1
6/6/2024 8:00,3060,229,0,15.3,0.99,97.5,0.572,1.69,63.8
6/6/2024 8:15,3061,263,0,15.4,1.02,97.5,0.583,1.78,63.2
6/6/2024 8:30,3062,297,0,15.5,1.14,97.5,0.65,1.93,56.7
6/6/2024 8:45,3063,332,0,15.6,1.22,97.5,0.685,2.02,56.2
6/6/2024 9:00,3064,367,0,15.9,1.21,97.5,0.676,2.27,42.1
6/6/2024 9:15,3065,402,0,16.3,1.19,97.5,0.643,2.37,50.3
6/6/2024 9:30,3066,436,0,17,1.17,97.5,0.598,2.32,49.5
6/6/2024 9:45,3067,470,0,17.6,1.15,97.5,0.571,2.01,47
6/6/2024 10:00,3068,504,0,18.2,1.12,97.5,0.539,1.48,46.7
6/6/2024 10:15,3069,536,0,18.9,1.16,97.5,0.536,1.62,62.9
6/6/2024 10:30,3070,566,0,19.3,1.17,97.5,0.521,1.79,52
6/6/2024 10:45,3071,597,0,19.8,1.17,97.5,0.51,1.68,53
6/6/2024 11:00,3072,625,0,20.6,1.16,97.5,0.481,1.67,38.6
6/6/2024 11:15,3073,652,0,21.1,1.17,97.5,0.465,1.53,54.5
6/6/2024 11:30,3074,675,0,21.8,1.19,97.5,0.45,1.73,24.9
6/6/2024 11:45,3075,697,0,21.9,1.16,97.4,0.442,1.15,52.7
6/6/2024 12:00,3076,717,0,22.8,1.14,97.4,0.408,1.27,8.7
6/6/2024 12:15,3077,737,0,23.3,1.15,97.4,0.401,1.54,0.2
6/6/2024 12:30,3078,744,0,23.6,1.11,97.4,0.378,1.38,11.6
6/6/2024 12:45,3079,769,0,24.1,1.07,97.4,0.356,1.12,10.9
6/6/2024 13:00,3080,779,0,24.2,1.04,97.4,0.348,1.17,46.6
6/6/2024 13:15,3081,787,0,24.7,1.02,97.4,0.327,1.12,57.9
6/6/2024 13:30,3082,792,0,25.5,1,97.3,0.307,0.78,0.1
6/6/2024 13:45,3083,795,0,25.8,1.01,97.3,0.305,0.89,14.1
6/6/2024 14:00,3084,794,0,26,0.99,97.3,0.295,1.15,28.3
6/6/2024 14:15,3085,783,0,26.1,0.99,97.3,0.293,1.56,353.1
6/6/2024 14:30,3086,778,0,26.3,1,97.3,0.296,1.23,19.4
6/6/2024 14:45,3087,769,0,26.5,1.03,97.2,0.297,1.45,15.3
6/6/2024 15:00,3088,745,0,26.6,1,97.2,0.287,0.92,343.2
6/6/2024 15:15,3089,735,0,27,1,97.2,0.284,1.19,331.7
6/6/2024 15:30,3090,712,0,26.8,1,97.2,0.284,1.11,77.8
6/6/2024 15:45,3091,689,0,27.3,0.99,97.2,0.273,0.83,119.8
6/6/2024 16:00,3092,668,0,27.5,0.94,97.2,0.253,0.87,128.8
6/6/2024 16:15,3093,637,0,27.6,0.97,97.1,0.261,1.51,86.2
6/6/2024 16:30,3094,622,0,27.8,0.98,97.1,0.262,1.51,45.5
6/6/2024 16:45,3095,589,0,27.9,0.98,97.1,0.262,1.38,41.2
6/6/2024 17:00,3096,552,0,28.2,0.99,97.1,0.262,0.98,21.4
6/6/2024 17:15,3097,514,0,28.4,1.02,97.1,0.266,0.92,28.5
6/6/2024 17:30,3098,464,0,28.4,1.03,97.1,0.267,1.04,335.7
6/6/2024 17:45,3099,432,0,28.3,1.06,97,0.275,1.51,346.6
6/6/2024 18:00,3100,388,0,28.3,1.09,97,0.285,1.42,327.9
6/6/2024 18:15,3101,348,0,28.2,1.09,97,0.284,1.48,329.9
6/6/2024 18:30,3102,316,0,28.3,1.08,97,0.282,1.32,321.5
6/6/2024 18:45,3103,277,0,28.6,1.07,97,0.276,1.01,344.3
6/6/2024 19:00,3104,238,0,28.4,1.12,96.9,0.291,0.92,293.2
6/6/2024 19:15,3105,195,0,28,1.2,96.9,0.318,0.68,276.2
6/6/2024 19:30,3106,163,0,28,1.14,96.9,0.301,0.64,275.4
6/6/2024 19:45,3107,129,0,27.9,1.14,96.9,0.301,0.75,305.9
6/6/2024 20:00,3108,100,0,27.6,1.21,96.9,0.327,0.5,292
6/6/2024 20:15,3109,71,0,26.9,1.33,96.9,0.375,0.59,286.5
6/6/2024 20:30,3110,30,0,26.3,1.26,96.9,0.368,0.64,323.4
6/6/2024 20:45,3111,25,0,25.4,1.19,96.9,0.366,0.58,325.7
6/6/2024 21:00,3112,11,0,24.7,1.12,96.9,0.361,0.6,355.7
6/6/2024 21:15,3113,2,0,23.7,1.09,97,0.374,1.2,333.7
6/6/2024 21:30,3114,0,0,22.2,1.14,97,0.425,1.37,344.7
6/6/2024 21:45,3115,0,0,22,1.15,97,0.434,1.41,356.9
6/6/2024 22:00,3116,0,0,22,1.16,97,0.442,1.2,343.7
6/6/2024 22:15,3117,0,0,20,1.18,97,0.507,0.77,198.2
6/6/2024 22:30,3118,0,0,18.8,1.19,97,0.546,0.84,143
6/6/2024 22:45,3119,0,0,18.9,1.2,97,0.551,1.35,52.9
6/6/2024 23:00,3120,0,0,18.6,1.2,97,0.563,1.41,44.4
6/6/2024 23:15,3121,0,0,18.2,1.14,97,0.547,1.35,49.5
6/6/2024 23:30,3122,0,0,17.8,1.09,97,0.533,1.74,64.5
6/6/2024 23:45,3123,0,0,18.3,1.05,97,0.501,2.48,72.3
6/7/2024 0:00,3124,0,0,18.2,1.04,97,0.499,2.41,32.6
6/7/2024 0:15,3125,0,0,18.1,1.01,97,0.491,3,21.7
6/7/2024 0:30,3126,0,0,18.2,1,97,0.479,3.51,23.2
6/7/2024 0:45,3127,0,0,18.1,0.98,97,0.472,4,28.8
6/7/2024 1:00,3128,0,0,17.3,1.01,97,0.511,2.7,39.3
6/7/2024 1:15,3129,0,0,16.9,1.02,97.1,0.533,2.61,40
6/7/2024 1:30,3130,0,0,16.2,1.03,97.1,0.562,2.51,43.4
6/7/2024 1:45,3131,0,0,15.9,1.03,97.1,0.572,2.38,48.4
6/7/2024 2:00,3132,0,0,15.4,1.04,97.1,0.594,2.34,39.2
6/7/2024 2:15,3133,0,0,15,1.02,97.1,0.599,2.37,82.8
6/7/2024 2:30,3134,0,0,14.2,1.03,97.1,0.637,2.29,85.4
6/7/2024 2:45,3135,0,0,14.7,1,97.1,0.598,2.11,65.8
6/7/2024 3:00,3136,0,0,14,1,97.1,0.627,1.75,46
6/7/2024 3:15,3137,0,0,13.9,0.99,97.1,0.623,1.89,60
6/7/2024 3:30,3138,0,0,13.9,0.99,97.1,0.624,1.65,43
6/7/2024 3:45,3139,0,0,14,0.98,97.1,0.614,2.09,33.1
6/7/2024 4:00,3140,0,0,13.6,0.99,97.1,0.632,1.67,49
6/7/2024 4:15,3141,0,0,13.2,0.98,97.1,0.647,1.91,63.9
6/7/2024 4:30,3142,0,0,13,0.98,97.1,0.654,1.74,69.1
6/7/2024 4:45,3143,0,0,12.7,0.97,97.1,0.665,1.64,61.1
6/7/2024 5:00,3144,0,0,12.6,0.97,97.2,0.665,1.79,70.7
6/7/2024 5:15,3145,3,0,12.6,0.96,97.2,0.661,1.64,67.3
6/7/2024 5:30,3146,7,0,12.4,0.97,97.2,0.673,1.96,66
6/7/2024 5:45,3147,19,0,12.7,0.98,97.2,0.663,2.39,55.1
6/7/2024 6:00,3148,31,0,12.9,0.99,97.2,0.664,2.65,62.4
6/7/2024 6:15,3149,31,0,12.7,0.98,97.2,0.671,2.28,59.3
6/7/2024 6:30,3150,50,0,12.8,0.99,97.2,0.671,2.12,58.8
6/7/2024 6:45,3151,77,0,13.2,1.01,97.2,0.664,1.71,57.9
6/7/2024 7:00,3152,116,0,14,1.05,97.2,0.653,1.7,46.9
6/7/2024 7:15,3153,156,0,15.1,1.08,97.2,0.632,2.29,45.1
6/7/2024 7:30,3154,186,0,16.1,1.13,97.3,0.618,2.55,51.1
6/7/2024 7:45,3155,210,0,16.7,1.1,97.3,0.579,3.18,61.7
6/7/2024 8:00,3156,262,0,17.4,1.1,97.3,0.557,3.64,69.3
6/7/2024 8:15,3157,271,0,17.9,1.11,97.3,0.537,3.4,69.7
6/7/2024 8:30,3158,281,0,18.4,1.08,97.3,0.509,4.03,71.9
6/7/2024 8:45,3159,267,0,18.5,1.05,97.3,0.492,4.21,71.7
6/7/2024 9:00,3160,339,0,19.2,1.06,97.3,0.478,4.21,70.5
6/7/2024 9:15,3161,404,0,19.9,1.07,97.3,0.465,3.91,70.8
6/7/2024 9:30,3162,437,0,20.4,1.1,97.3,0.46,3.54,69
6/7/2024 9:45,3163,472,0,21.1,1.06,97.2,0.422,3.58,75.6
6/7/2024 10:00,3164,505,0,21.6,1.05,97.2,0.409,3.64,68.2
6/7/2024 10:15,3165,527,0,21.9,1.05,97.2,0.398,3.77,67.3
6/7/2024 10:30,3166,566,0,22.3,1.04,97.2,0.385,3.61,70.9
6/7/2024 10:45,3167,599,0,22.8,1.06,97.2,0.378,3.27,63.4
6/7/2024 11:00,3168,628,0,23.1,1.07,97.2,0.376,3.35,60.5
6/7/2024 11:15,3169,655,0,23.5,1.06,97.2,0.365,3.5,56.1
6/7/2024 11:30,3170,681,0,23.7,1.04,97.2,0.357,3.27,61.8
6/7/2024 11:45,3171,705,0,24,1.05,97.2,0.356,2.8,57.1
6/7/2024 12:00,3172,726,0,24.2,1.06,97.2,0.349,2.81,50.6
6/7/2024 12:15,3173,744,0,24.7,1.07,97.2,0.346,2.58,56.3
6/7/2024 12:30,3174,761,0,24.9,1,97.2,0.32,2.56,48.4
6/7/2024 12:45,3175,776,0,25,0.95,97.2,0.301,2.25,60.8
6/7/2024 13:00,3176,785,0,25.2,0.95,97.2,0.298,2.02,66.2
6/7/2024 13:15,3177,792,0,25.5,0.93,97.2,0.284,2.18,71.7
6/7/2024 13:30,3178,796,0,25.7,0.94,97.2,0.283,2.21,67.3
6/7/2024 13:45,3179,795,0,26,0.92,97.1,0.272,1.86,70.3
6/7/2024 14:00,3180,793,0,26.2,0.98,97.1,0.289,1.81,58.1
6/7/2024 14:15,3181,788,0,26.4,0.96,97.1,0.278,2,58
6/7/2024 14:30,3182,780,0,26.6,0.94,97.1,0.269,1.85,53.9
6/7/2024 14:45,3183,766,0,26.7,0.96,97.1,0.275,1.87,50.2
6/7/2024 15:00,3184,750,0,27,0.98,97.1,0.278,1.73,40.3
6/7/2024 15:15,3185,732,0,27,1.02,97,0.284,1.99,62
6/7/2024 15:30,3186,718,0,27.5,1.01,97,0.276,1.78,45.1
6/7/2024 15:45,3187,689,0,27.4,0.98,97,0.271,2.02,71.4
6/7/2024 16:00,3188,663,0,27.8,1,97,0.269,2.01,65.2
6/7/2024 16:15,3189,637,0,27.9,0.98,97,0.262,2,53.5
6/7/2024 16:30,3190,607,0,27.8,0.95,96.9,0.256,1.8,61
6/7/2024 16:45,3191,577,0,28.2,0.96,96.9,0.253,1.9,33.1
6/7/2024 17:00,3192,545,0,28.2,0.95,96.9,0.249,1.88,46.2
6/7/2024 17:15,3193,512,0,28.1,0.94,96.9,0.247,1.87,52.1
6/7/2024 17:30,3194,475,0,28.2,0.96,96.9,0.251,1.94,54.2
6/7/2024 17:45,3195,437,0,28,0.95,96.9,0.251,2,61.1
6/7/2024 18:00,3196,400,0,27.9,0.96,96.9,0.257,1.95,62.6
6/7/2024 18:15,3197,362,0,27.9,1.02,96.9,0.273,2.22,58.1
6/7/2024 18:30,3198,322,0,27.8,1.05,96.8,0.282,1.81,57.8
6/7/2024 18:45,3199,284,0,27.8,1.03,96.8,0.277,1.95,56
6/7/2024 19:00,3200,247,0,27.5,1.03,96.8,0.279,2.05,65.1
6/7/2024 19:15,3201,210,0,27.1,1.07,96.8,0.297,1.77,60.6
6/7/2024 19:30,3202,174,0,26.6,1.19,96.8,0.341,1.54,60.6
6/7/2024 19:45,3203,141,0,26.2,1.23,96.8,0.361,1.48,61.6
6/7/2024 20:00,3204,109,0,25.5,1.27,96.8,0.391,1.5,62.6
6/7/2024 20:15,3205,80,0,24.7,1.3,96.8,0.418,1.42,63.8
6/7/2024 20:30,3206,54,0,24.2,1.23,96.8,0.409,1.39,65.8
6/7/2024 20:45,3207,32,0,23.8,1.14,96.8,0.387,1.75,73.6
6/7/2024 21:00,3208,12,0,23.2,1.11,96.8,0.394,1.72,76.2
6/7/2024 21:15,3209,3,0,22.5,1.1,96.8,0.401,1.62,75.2
6/7/2024 21:30,3210,0,0,22.3,1.07,96.8,0.399,1.38,78.6
6/7/2024 21:45,3211,0,0,20.4,1.07,96.8,0.444,1.53,94.1
6/7/2024 22:00,3212,0,0,19.3,1.04,96.8,0.464,1.64,96.5
6/7/2024 22:15,3213,0,0,19.1,1.01,96.8,0.457,2.12,100.8
6/7/2024 22:30,3214,0,0,18.4,0.98,96.8,0.463,2.39,102.7
6/7/2024 22:45,3215,0,0,17.4,1.02,96.8,0.512,2.75,103.5
6/7/2024 23:00,3216,0,0,16.7,1.03,96.8,0.539,2.53,104.9
6/7/2024 23:15,3217,0,0,17.1,0.98,96.8,0.506,2.59,103
6/7/2024 23:30,3218,0,0,16.6,0.97,96.8,0.514,2.7,104.9
6/7/2024 23:45,3219,0,0,16.7,0.94,96.8,0.499,2.36,102.5
6/8/2024 0:00,3220,0,0,16.2,0.94,96.8,0.508,2.93,101.5
6/8/2024 0:15,3221,0,0,15.1,0.96,96.9,0.561,3.03,94.4
6/8/2024 0:30,3222,0,0,14.4,0.98,96.9,0.599,2.51,66.9
6/8/2024 0:45,3223,0,0,15.7,0.94,96.9,0.532,2.24,70.9
6/8/2024 1:00,3224,0,0,15.1,0.95,96.9,0.555,2.04,66.4
6/8/2024 1:15,3225,0,0,15.3,0.94,96.9,0.539,1.93,68.7
6/8/2024 1:30,3226,0,0,14.6,0.95,96.9,0.569,1.9,68
6/8/2024 1:45,3227,0,0,14.1,0.95,96.9,0.594,2.09,66.6
6/8/2024 2:00,3228,0,0,14.1,0.93,96.9,0.58,2.67,68.5
6/8/2024 2:15,3229,0,0,14.4,0.92,96.9,0.559,3.34,72.2
6/8/2024 2:30,3230,0,0,14,0.92,96.9,0.571,3.18,71.5
6/8/2024 2:45,3231,0,0,13.8,0.92,96.9,0.585,3.41,74.9
6/8/2024 3:00,3232,0,0,13.2,0.95,96.9,0.627,2.81,71.2
6/8/2024 3:15,3233,0,0,12.9,0.96,96.9,0.648,2.67,74
6/8/2024 3:30,3234,0,0,12.5,0.94,96.9,0.648,2.68,81.2
6/8/2024 3:45,3235,0,0,11.9,0.91,96.9,0.652,2.33,72.8
6/8/2024 4:00,3236,0,0,11.9,0.91,96.9,0.652,2.08,72.2
6/8/2024 4:15,3237,0,0,11.6,0.9,96.9,0.66,2.16,75.7
6/8/2024 4:30,3238,0,0,11.6,0.89,96.9,0.653,2.87,75.5
6/8/2024 4:45,3239,0,0,11.2,0.88,97,0.663,2.98,79.9
6/8/2024 5:00,3240,0,0,10.8,0.88,97,0.674,2.95,87.4
6/8/2024 5:15,3241,1,0,10.7,0.88,97,0.684,3.24,85.6
6/8/2024 5:30,3242,5,0,11,0.87,97,0.669,3.11,79.6
6/8/2024 5:45,3243,17,0,11.1,0.88,97,0.669,3.18,84.3
6/8/2024 6:00,3244,32,0,11.6,0.89,97,0.651,3.03,86.2
6/8/2024 6:15,3245,47,0,11.5,0.9,97,0.667,2.61,89
6/8/2024 6:30,3246,66,0,11.8,0.92,97,0.668,2.4,93.4
6/8/2024 6:45,3247,86,0,12.3,0.96,97,0.674,1.96,104.1
6/8/2024 7:00,3248,53,0,13.4,0.98,97,0.637,2.16,104.1
6/8/2024 7:15,3249,81,0,14.3,1.01,97,0.621,1.92,88.9
6/8/2024 7:30,3250,169,0,14.7,1.1,97,0.66,1.64,66.8
6/8/2024 7:45,3251,201,0,15.6,1.08,97,0.612,1.88,77.5
6/8/2024 8:00,3252,235,0,16.1,1.07,97,0.584,2.79,84.6
6/8/2024 8:15,3253,270,0,16.9,1.1,97,0.569,2.43,69.5
6/8/2024 8:30,3254,306,0,17.6,1.11,97,0.554,2.43,67.7
6/8/2024 8:45,3255,342,0,18.4,1.05,97,0.5,2.69,70.5
6/8/2024 9:00,3256,378,0,18.9,1.03,97,0.476,3.08,63.5
6/8/2024 9:15,3257,414,0,19.4,1.07,97,0.477,3.06,68.4
6/8/2024 9:30,3258,450,0,20,1.07,97,0.457,3.11,78.8
6/8/2024 9:45,3259,482,0,20.7,1.11,97,0.451,3.15,77.5
6/8/2024 10:00,3260,520,0,21.4,1.16,97,0.455,2.7,66.2
6/8/2024 10:15,3261,549,0,21.8,1.17,97,0.448,2.87,63
6/8/2024 10:30,3262,584,0,22.5,1.18,97,0.433,2.68,70.7
6/8/2024 10:45,3263,613,0,23.1,1.15,97,0.406,2.66,79.6
6/8/2024 11:00,3264,642,0,23.8,1.14,97,0.383,2.6,88.6
6/8/2024 11:15,3265,670,0,24.6,1.16,97,0.375,2.27,86.4
6/8/2024 11:30,3266,696,0,24.9,1.13,97,0.36,2.36,84.8
6/8/2024 11:45,3267,708,0,25.1,1.17,97,0.366,1.92,70.8
6/8/2024 12:00,3268,742,0,25.8,1.17,97,0.352,1.86,54.1
6/8/2024 12:15,3269,764,0,26.2,1.14,97,0.337,2.05,29.7
6/8/2024 12:30,3270,788,0,26.6,1.14,97,0.328,1.74,47.8
6/8/2024 12:45,3271,761,0,26.8,1.08,97,0.306,1.81,46.2
6/8/2024 13:00,3272,788,0,27.1,1.07,97,0.298,1.69,49.8
6/8/2024 13:15,3273,822,0,27.3,1.05,97,0.287,1.71,53.6
6/8/2024 13:30,3274,815,0,27.8,1.04,97,0.281,2.21,27
6/8/2024 13:45,3275,813,0,28.4,1.03,97,0.267,2.15,6
6/8/2024 14:00,3276,778,0,28.3,0.95,97,0.245,2.01,7.3
6/8/2024 14:15,3277,825,0,28.4,0.93,96.9,0.238,1.44,346.6
6/8/2024 14:30,3278,819,0,28.7,0.96,96.9,0.243,1.68,11.9
6/8/2024 14:45,3279,798,0,29.1,1.02,96.9,0.254,2.23,0.4
6/8/2024 15:00,3280,742,0,29.1,1,96.9,0.252,1.83,14.4
6/8/2024 15:15,3281,659,0,29.2,0.99,96.9,0.245,1.77,16.1
6/8/2024 15:30,3282,608,0,29.3,0.96,96.9,0.236,1.22,299.8
6/8/2024 15:45,3283,569,0,29.4,0.98,96.9,0.239,1.26,22.3
6/8/2024 16:00,3284,340,0,28.9,0.99,96.9,0.25,1.51,52.5
6/8/2024 16:15,3285,282,0,28.7,0.97,96.9,0.248,1.32,41.4
6/8/2024 16:30,3286,292,0,28.6,0.98,96.8,0.251,1.35,49.3
6/8/2024 16:45,3287,238,0,28.6,0.98,96.8,0.25,1.49,32.9
6/8/2024 17:00,3288,269,0,28.5,1,96.8,0.258,1.57,37.3
6/8/2024 17:15,3289,366,0,28.5,1.02,96.8,0.26,1.39,22.8
6/8/2024 17:30,3290,583,0,29.5,1.03,96.8,0.251,1.14,14.5
6/8/2024 17:45,3291,397,0,29.4,1.08,96.8,0.261,1.37,4.9
6/8/2024 18:00,3292,271,0,29.2,1.08,96.8,0.267,1.43,1.6
6/8/2024 18:15,3293,350,0,29.2,1.03,96.8,0.254,1.07,2.5
6/8/2024 18:30,3294,356,0,29.2,1.05,96.8,0.259,1.16,36.6
6/8/2024 18:45,3295,346,0,29.3,1.04,96.7,0.256,1.19,54.5
6/8/2024 19:00,3296,274,0,29.3,1.05,96.7,0.258,1.34,54.6
6/8/2024 19:15,3297,140,0,28.7,1.09,96.7,0.275,1.41,55.1
6/8/2024 19:30,3298,150,0,28.4,1.16,96.7,0.301,1.05,29.3
6/8/2024 19:45,3299,162,0,28.4,1.22,96.7,0.316,1.09,42.1
6/8/2024 20:00,3300,114,0,28.3,1.31,96.7,0.341,0.73,36.5
6/8/2024 20:15,3301,81,0,28.1,1.23,96.7,0.323,0.62,58
6/8/2024 20:30,3302,52,0,27.9,1.09,96.7,0.29,0.73,68.2
6/8/2024 20:45,3303,17,0,26.9,1.15,96.7,0.324,0.96,79.5
6/8/2024 21:00,3304,9,0,26.2,1.1,96.7,0.322,0.99,81
6/8/2024 21:15,3305,2,0,25.3,1.15,96.7,0.356,0.99,92.8
6/8/2024 21:30,3306,0,0,23.7,1.18,96.7,0.408,0.71,98.3
6/8/2024 21:45,3307,0,0,23.8,1.16,96.7,0.396,1.21,78.7
6/8/2024 22:00,3308,0,0,21.4,1.22,96.7,0.485,1.42,100.3
6/8/2024 22:15,3309,0,0,21.3,1.2,96.7,0.478,1.56,92.1
6/8/2024 22:30,3310,0,0,19.8,1.21,96.7,0.53,1.29,138.9
6/8/2024 22:45,3311,0,0,18.6,1.23,96.7,0.573,1.13,113.6
6/8/2024 23:00,3312,0,0,17.8,1.21,96.7,0.597,1.11,145.4
6/8/2024 23:15,3313,0,0,17,1.23,96.7,0.635,0.78,154.5
6/8/2024 23:30,3314,0,0,16.2,1.25,96.7,0.679,0.92,168.9
6/8/2024 23:45,3315,0,0,15.8,1.24,96.7,0.694,0.83,166
6/9/2024 0:00,3316,0,0,14.9,1.21,96.7,0.719,0.91,180
6/9/2024 0:15,3317,0,0,14.6,1.21,96.7,0.727,0.92,160.7
6/9/2024 0:30,3318,0,0,13.3,1.19,96.7,0.775,1.21,187.5
6/9/2024 0:45,3319,0,0,14.8,1.15,96.8,0.687,1.65,344.3
6/9/2024 1:00,3320,0,0,16.8,1.16,96.8,0.609,1.01,34.4
6/9/2024 1:15,3321,0,0,17,1.14,96.8,0.591,0.53,138.8
6/9/2024 1:30,3322,0,0,14.7,1.19,96.8,0.71,0.84,172.8
6/9/2024 1:45,3323,0,0,15.9,1.17,96.8,0.651,0.6,118.2
6/9/2024 2:00,3324,0,0,17.4,1.16,96.8,0.583,0.4,88.3
6/9/2024 2:15,3325,0,0,17.5,1.24,96.8,0.617,0.75,45.1
6/9/2024 2:30,3326,0,0,17.8,1.26,96.8,0.621,1.43,60.6
6/9/2024 2:45,3327,0,0,17.2,1.27,96.8,0.645,0.86,32.7
6/9/2024 3:00,3328,0,0,17.4,1.25,96.8,0.63,1.54,56.6
6/9/2024 3:15,3329,0,0,17.5,1.24,96.8,0.617,1.7,66.7
6/9/2024 3:30,3330,0,0,17.3,1.23,96.8,0.625,1.85,66.5
6/9/2024 3:45,3331,0,0,17.6,1.23,96.8,0.61,2.12,70.3
6/9/2024 4:00,3332,0,0,17.5,1.22,96.8,0.611,2.19,72.9
6/9/2024 4:15,3333,0,0,17.3,1.22,96.8,0.616,2.1,76.4
6/9/2024 4:30,3334,0,0,16.9,1.22,96.8,0.635,2.01,73.2
6/9/2024 4:45,3335,0,0,16.4,1.22,96.8,0.654,1.8,64.6
6/9/2024 5:00,3336,0,0,16.6,1.21,96.8,0.642,1.75,69.6
6/9/2024 5:15,3337,1,0,16.3,1.21,96.8,0.653,1.53,66.2
6/9/2024 5:30,3338,8,0,15.9,1.21,96.8,0.667,1.53,71.6
6/9/2024 5:45,3339,23,0,14.7,1.2,96.8,0.716,1.06,143
6/9/2024 6:00,3340,52,0,14.3,1.22,96.8,0.745,0.92,129.5
6/9/2024 6:15,3341,67,0,15.2,1.25,96.8,0.725,1,135.3
6/9/2024 6:30,3342,57,0,15.5,1.3,96.8,0.738,0.51,150.6
6/9/2024 6:45,3343,49,0,15.4,1.34,96.8,0.771,0.61,221.4
6/9/2024 7:00,3344,55,0,15.2,1.36,96.9,0.788,0.48,236.9
6/9/2024 7:15,3345,86,0,15.8,1.35,96.9,0.757,0.42,109.6
6/9/2024 7:30,3346,85,0,16.4,1.38,96.9,0.741,0.61,274
6/9/2024 7:45,3347,126,0,17,1.42,96.9,0.734,0.97,337.1
6/9/2024 8:00,3348,156,0,18,1.41,96.9,0.684,1.13,8.1
6/9/2024 8:15,3349,159,0,18.7,1.44,96.9,0.668,1.72,14.5
6/9/2024 8:30,3350,173,0,19.3,1.45,96.9,0.647,1.44,4.9
6/9/2024 8:45,3351,251,0,19.7,1.46,96.9,0.639,1.22,344.5
6/9/2024 9:00,3352,273,0,20.7,1.45,96.9,0.594,1.65,353.1
6/9/2024 9:15,3353,294,0,21.2,1.47,96.9,0.588,2.07,343.9
6/9/2024 9:30,3354,372,0,21.5,1.53,96.9,0.599,2.17,325.7
6/9/2024 9:45,3355,356,0,21.6,1.54,96.9,0.595,2.05,340.1
6/9/2024 10:00,3356,380,0,22.1,1.55,96.9,0.578,2.14,326.1
6/9/2024 10:15,3357,301,0,22.3,1.35,96.9,0.502,1.92,342.2
6/9/2024 10:30,3358,390,0,22.6,1.34,96.9,0.491,2.42,337.3
6/9/2024 10:45,3359,287,0,22.4,1.34,97,0.496,2.28,345.3
6/9/2024 11:00,3360,299,0,22.4,1.36,97,0.502,1.89,347.9
6/9/2024 11:15,3361,358,0,22.8,1.35,97,0.487,1.56,2.1
6/9/2024 11:30,3362,351,0,23.3,1.43,97,0.501,2.2,360
6/9/2024 11:45,3363,223,0,23.6,1.44,97,0.491,1.92,348.2
6/9/2024 12:00,3364,126,0,23.2,1.49,97,0.522,1.65,355.8
6/9/2024 12:15,3365,135,0,22.3,1.6,97,0.594,1.32,341.1
6/9/2024 12:30,3366,181,0,21.8,1.68,97,0.645,0.81,274.6
6/9/2024 12:45,3367,111,0,21.9,1.69,97,0.647,0.96,279.3
6/9/2024 13:00,3368,121,0,21.6,1.68,97.1,0.652,1.34,344.7
6/9/2024 13:15,3369,173,0,21.4,1.77,97,0.697,1.35,105.7
6/9/2024 13:30,3370,281,0,21.6,1.7,97,0.662,1.64,167.3
6/9/2024 13:45,3371,328,0,22.2,1.58,97,0.593,1.52,169.3
6/9/2024 14:00,3372,416,0,22.3,1.64,97,0.611,1.77,233.1
6/9/2024 14:15,3373,441,0,22.7,1.63,97,0.593,2.24,268
6/9/2024 14:30,3374,369,0,22.8,1.56,97,0.561,2.35,261.2
6/9/2024 14:45,3375,392,0,23,1.54,97,0.551,2.21,240
6/9/2024 15:00,3376,425,0,23.4,1.54,97,0.536,2.18,257
6/9/2024 15:15,3377,475,0,24,1.54,97,0.515,1.74,231
6/9/2024 15:30,3378,444,0,24.3,1.52,97,0.505,1.47,240.6
6/9/2024 15:45,3379,494,0,24.6,1.55,97,0.501,2.06,265.8
6/9/2024 16:00,3380,468,0,24.6,1.69,97,0.549,2.31,282.7
6/9/2024 16:15,3381,493,0,24.7,1.7,97,0.548,1.98,284.7
6/9/2024 16:30,3382,561,0,24.9,1.67,96.9,0.53,1.97,276.4
6/9/2024 16:45,3383,377,0,25,1.66,96.9,0.521,1.83,274.8
6/9/2024 17:00,3384,472,0,25.1,1.63,96.9,0.515,1.6,291.1
6/9/2024 17:15,3385,588,0,25.8,1.63,96.9,0.492,1.47,298
6/9/2024 17:30,3386,498,0,26.1,1.63,96.9,0.481,1.11,289.4
6/9/2024 17:45,3387,450,0,26.1,1.66,96.9,0.487,1.76,306.5
6/9/2024 18:00,3388,410,0,26,1.64,96.9,0.488,1.96,293.4
6/9/2024 18:15,3389,372,0,26,1.58,96.9,0.468,1.9,282.1
6/9/2024 18:30,3390,330,0,25.8,1.56,96.9,0.471,2.48,281.1
6/9/2024 18:45,3391,289,0,25.8,1.5,96.9,0.449,2.66,282.5
6/9/2024 19:00,3392,252,0,25.6,1.53,96.9,0.466,2.55,297.4
6/9/2024 19:15,3393,212,0,25.5,1.53,96.9,0.471,2.23,287.6
6/9/2024 19:30,3394,173,0,25.3,1.5,96.9,0.464,2.18,286.5
6/9/2024 19:45,3395,138,0,24.9,1.5,96.9,0.476,2.3,275
6/9/2024 20:00,3396,106,0,24.4,1.5,96.9,0.492,1.94,273.8
6/9/2024 20:15,3397,76,0,23.8,1.52,96.9,0.514,1.41,273.5
6/9/2024 20:30,3398,50,0,23.3,1.54,96.9,0.538,0.96,263.8
6/9/2024 20:45,3399,29,0,21.8,1.55,96.9,0.594,0.7,195.2
6/9/2024 21:00,3400,12,0,21.3,1.5,96.9,0.594,0.45,172.1
6/9/2024 21:15,3401,3,0,20.7,1.48,96.9,0.607,0.63,150.2
6/9/2024 21:30,3402,0,0,20.1,1.46,96.9,0.619,0.84,151.6
6/9/2024 21:45,3403,0,0,19.7,1.42,97,0.621,0.51,166.8
6/9/2024 22:00,3404,0,0,19.5,1.43,97,0.631,1.18,50.9
6/9/2024 22:15,3405,0,0,20.2,1.4,97,0.593,1.27,56.6
6/9/2024 22:30,3406,0,0,19.8,1.4,97,0.604,1.21,35.9
6/9/2024 22:45,3407,0,0,18.6,1.37,97,0.636,0.93,345.9
6/9/2024 23:00,3408,0,0,19.2,1.32,97,0.592,1.24,21.4
6/9/2024 23:15,3409,0,0,18.9,1.26,97,0.58,1.83,359.1
6/9/2024 23:30,3410,0,0,18.5,1.24,97,0.58,1.42,351.7
6/9/2024 23:45,3411,0,0,17.5,1.21,97,0.603,1.57,4.6
6/10/2024 0:00,3412,0,0,17.6,1.19,97,0.593,2.37,360
6/10/2024 0:15,3413,0,0,17.4,1.2,97,0.605,2.44,5.9
6/10/2024 0:30,3414,0,0,17.5,1.21,97,0.608,2.41,9.9
6/10/2024 0:45,3415,0,0,17.4,1.25,97,0.632,2.36,12.5
6/10/2024 1:00,3416,0,0,16.8,1.28,97,0.672,2.01,31.4
6/10/2024 1:15,3417,0,0,16.6,1.31,97,0.697,2.52,60.3
6/10/2024 1:30,3418,0,0,16.2,1.33,97,0.721,2.47,66.2
6/10/2024 1:45,3419,0,0,15.9,1.32,97,0.734,2.52,62.6
6/10/2024 2:00,3420,0,0,15.4,1.31,97,0.746,1.91,45.9
6/10/2024 2:15,3421,0,0,15.4,1.31,97.1,0.752,1.81,46.8
6/10/2024 2:30,3422,0,0,15.1,1.32,97.1,0.769,1.14,37.1
6/10/2024 2:45,3423,0,0,13.5,1.27,97.1,0.821,0.9,149.8
6/10/2024 3:00,3424,0,0,13.7,1.27,97.1,0.808,0.82,107.6
6/10/2024 3:15,3425,0,0,12.8,1.25,97.2,0.848,1.46,238.1
6/10/2024 3:30,3426,0,0,13.2,1.25,97.2,0.832,0.8,231.1
6/10/2024 3:45,3427,0,0,13,1.25,97.2,0.834,0.8,319.7
6/10/2024 4:00,3428,0,0,13.4,1.26,97.2,0.82,1.22,4.6
6/10/2024 4:15,3429,0,0,12.7,1.26,97.2,0.859,0.87,294
6/10/2024 4:30,3430,0,0,12.5,1.23,97.2,0.853,1.34,338
6/10/2024 4:45,3431,0,0,12.5,1.23,97.2,0.846,0.99,312.4
6/10/2024 5:00,3432,0,0,12.5,1.2,97.2,0.828,0.94,324.1
6/10/2024 5:15,3433,1,0,12.7,1.19,97.3,0.814,1.05,323.7
6/10/2024 5:30,3434,5,0,12.6,1.19,97.3,0.811,1.14,333.5
6/10/2024 5:45,3435,15,0,12.8,1.2,97.3,0.81,1.31,348.6
6/10/2024 6:00,3436,29,0,13.2,1.23,97.3,0.809,1.46,338.7
6/10/2024 6:15,3437,46,0,13.8,1.26,97.3,0.797,1.13,322.4
6/10/2024 6:30,3438,65,0,14.5,1.3,97.3,0.792,1.21,343.2
6/10/2024 6:45,3439,86,0,15,1.35,97.3,0.79,1.34,328.2
6/10/2024 7:00,3440,111,0,15.6,1.37,97.3,0.772,1.37,316.5
6/10/2024 7:15,3441,140,0,16.4,1.37,97.3,0.736,2.57,343.9
6/10/2024 7:30,3442,172,0,17.1,1.38,97.3,0.706,2.12,329.8
6/10/2024 7:45,3443,211,0,17.5,1.39,97.3,0.696,2.02,332.5
6/10/2024 8:00,3444,242,0,18,1.38,97.3,0.669,2.47,335.9
6/10/2024 8:15,3445,109,0,17.8,1.39,97.4,0.681,1.59,319.2
6/10/2024 8:30,3446,305,0,18.2,1.38,97.3,0.66,1.65,339.9
6/10/2024 8:45,3447,351,0,18.9,1.4,97.3,0.64,1.63,332.6
6/10/2024 9:00,3448,375,0,19.7,1.42,97.4,0.623,2.04,344.3
6/10/2024 9:15,3449,413,0,20,1.43,97.4,0.61,2.02,332.4
6/10/2024 9:30,3450,459,0,20.5,1.43,97.4,0.599,2.15,299.3
6/10/2024 9:45,3451,471,0,20.6,1.44,97.4,0.593,2.29,293.3
6/10/2024 10:00,3452,508,0,21.3,1.45,97.4,0.574,2.55,281.9
6/10/2024 10:15,3453,551,0,22,1.41,97.4,0.538,2.77,303.8
6/10/2024 10:30,3454,538,0,22.1,1.42,97.4,0.535,2.71,306.4
6/10/2024 10:45,3455,614,0,22.2,1.43,97.4,0.535,2.76,285.5
6/10/2024 11:00,3456,619,0,22.6,1.42,97.4,0.524,3.03,296.8
6/10/2024 11:15,3457,670,0,23.1,1.4,97.4,0.496,2.93,309.4
6/10/2024 11:30,3458,693,0,23.5,1.39,97.4,0.478,3.12,298.6
6/10/2024 11:45,3459,713,0,24.4,1.36,97.4,0.453,3.66,312.6
6/10/2024 12:00,3460,737,0,24.9,1.3,97.3,0.412,3.53,310.9
6/10/2024 12:15,3461,756,0,24.9,1.26,97.3,0.399,3.74,289.1
6/10/2024 12:30,3462,769,0,25.1,1.3,97.3,0.411,3.62,290.1
6/10/2024 12:45,3463,782,0,25.2,1.3,97.3,0.408,3.79,297
6/10/2024 13:00,3464,794,0,25.4,1.3,97.3,0.404,3.58,297.9
6/10/2024 13:15,3465,801,0,25.3,1.3,97.3,0.405,3.42,295
6/10/2024 13:30,3466,804,0,25.5,1.36,97.3,0.419,3.56,288.9
6/10/2024 13:45,3467,805,0,25.7,1.41,97.3,0.429,3.56,289.8
6/10/2024 14:00,3468,803,0,25.8,1.42,97.3,0.424,4.11,286.9
6/10/2024 14:15,3469,796,0,25.9,1.43,97.3,0.429,4.29,280
6/10/2024 14:30,3470,790,0,26,1.4,97.3,0.421,4.63,278.6
6/10/2024 14:45,3471,781,0,26.1,1.35,97.3,0.4,4.36,276.1
6/10/2024 15:00,3472,768,0,26.3,1.32,97.2,0.387,4.52,277
6/10/2024 15:15,3473,752,0,26.4,1.31,97.2,0.381,4.03,273.4
6/10/2024 15:30,3474,734,0,26.6,1.28,97.2,0.369,4,274.5
6/10/2024 15:45,3475,714,0,26.8,1.26,97.2,0.356,3.82,275.7
6/10/2024 16:00,3476,692,0,27.1,1.22,97.2,0.342,3.75,278.7
6/10/2024 16:15,3477,666,0,27.2,1.22,97.2,0.34,3.59,280.1
6/10/2024 16:30,3478,634,0,27.4,1.25,97.1,0.344,3.56,272.6
6/10/2024 16:45,3479,603,0,27.4,1.23,97.1,0.338,3.69,275.1
6/10/2024 17:00,3480,572,0,27.3,1.21,97.1,0.334,3.49,275.2
6/10/2024 17:15,3481,536,0,27.4,1.2,97.1,0.329,3.51,277.2
6/10/2024 17:30,3482,467,0,27.5,1.22,97.1,0.332,3.07,275.7
6/10/2024 17:45,3483,468,0,27.6,1.23,97.1,0.334,3.14,271.4
6/10/2024 18:00,3484,386,0,27.5,1.23,97.1,0.336,3.27,277.3
6/10/2024 18:15,3485,361,0,27.6,1.27,97,0.345,3.2,271.9
6/10/2024 18:30,3486,321,0,27.7,1.25,97,0.337,2.98,282.8
6/10/2024 18:45,3487,281,0,27.6,1.26,97,0.342,2.67,284.8
6/10/2024 19:00,3488,264,0,27.6,1.25,97,0.34,2.97,287.3
6/10/2024 19:15,3489,233,0,27.4,1.25,97,0.341,2.63,287.6
6/10/2024 19:30,3490,88,0,26.8,1.24,97,0.354,2.07,298.3
6/10/2024 19:45,3491,116,0,25.6,1.29,97,0.393,1.68,303.7
6/10/2024 20:00,3492,120,0,25.4,1.32,97,0.407,1.83,307.9
6/10/2024 20:15,3493,95,0,24.9,1.38,97,0.437,1.6,340.2
6/10/2024 20:30,3494,35,0,24,1.36,97,0.457,1.27,334
6/10/2024 20:45,3495,11,0,23,1.33,97,0.474,0.88,322.3
6/10/2024 21:00,3496,6,0,21.6,1.24,97,0.479,0.9,309.6
6/10/2024 21:15,3497,2,0,20.9,1.12,97,0.456,1.2,332.6
6/10/2024 21:30,3498,0,0,21.5,1.01,97,0.395,2.74,349.5
6/10/2024 21:45,3499,0,0,20.4,1,97,0.416,2,340.6
6/10/2024 22:00,3500,0,0,20.3,0.97,97,0.411,1.92,345.9
6/10/2024 22:15,3501,0,0,20.2,0.95,97,0.401,1.58,0.4
6/10/2024 22:30,3502,0,0,19.2,0.96,97,0.437,0.83,12.5
6/10/2024 22:45,3503,0,0,16.3,1,97,0.54,0.6,173.4
6/10/2024 23:00,3504,0,0,17,0.98,97,0.508,0.61,156.3
6/10/2024 23:15,3505,0,0,16.9,0.97,97,0.501,0.31,179.7
6/10/2024 23:30,3506,0,0,17.2,0.93,97,0.476,0.37,343
6/10/2024 23:45,3507,0,0,17.9,0.93,97,0.453,1.09,17.9
6/11/2024 0:00,3508,0,0,17.8,0.94,97,0.463,1.53,31.5
6/11/2024 0:15,3509,0,0,17.2,0.96,97,0.492,1.66,62.8
6/11/2024 0:30,3510,0,0,17.8,0.93,97,0.455,1.8,78.6
6/11/2024 0:45,3511,0,0,17.4,0.94,97,0.47,1.82,81.5
6/11/2024 1:00,3512,0,0,17.3,0.94,97,0.474,1.83,85.4
6/11/2024 1:15,3513,0,0,17.6,0.92,97,0.459,1.53,75.6
6/11/2024 1:30,3514,0,0,17.6,0.93,97,0.464,1.47,60.3
6/11/2024 1:45,3515,0,0,16.7,0.96,97,0.508,1.69,65.1
6/11/2024 2:00,3516,0,0,16.6,0.96,97,0.511,1.73,67.9
6/11/2024 2:15,3517,0,0,16.9,0.94,97,0.487,1.67,78.4
6/11/2024 2:30,3518,0,0,17.1,0.92,97,0.473,1.38,77.6
6/11/2024 2:45,3519,0,0,14.6,0.97,97,0.584,1.09,160.1
6/11/2024 3:00,3520,0,0,12.2,0.97,97,0.684,1.26,159.7
6/11/2024 3:15,3521,0,0,12,0.96,97,0.683,1.25,140.1
6/11/2024 3:30,3522,0,0,11.6,0.94,96.9,0.687,1.16,161
6/11/2024 3:45,3523,0,0,11.3,0.95,96.9,0.712,0.81,175.7
6/11/2024 4:00,3524,0,0,11.5,0.97,96.9,0.714,1.1,166.6
6/11/2024 4:15,3525,0,0,11.5,0.98,96.9,0.724,0.73,167.4
6/11/2024 4:30,3526,0,0,11.7,0.99,96.9,0.722,0.75,180
6/11/2024 4:45,3527,0,0,11.8,1.01,96.9,0.733,0.86,150.6
6/11/2024 5:00,3528,0,0,12.8,0.99,96.9,0.673,1.02,137
6/11/2024 5:15,3529,0,0,13.4,0.99,96.9,0.646,0.81,139.2
6/11/2024 5:30,3530,2,0,13,1.04,96.9,0.692,0.75,195.5
6/11/2024 5:45,3531,9,0,12.4,1.09,96.9,0.76,0.96,180.8
6/11/2024 6:00,3532,20,0,12.2,1.07,96.9,0.754,0.87,173.5
6/11/2024 6:15,3533,31,0,12.3,1.05,96.9,0.735,1.15,181.8
6/11/2024 6:30,3534,44,0,12.4,1.04,96.9,0.724,1.1,188.1
6/11/2024 6:45,3535,86,0,13.2,1.09,96.9,0.718,1.16,182.6
6/11/2024 7:00,3536,120,0,14.3,1.11,96.9,0.679,1.42,199
6/11/2024 7:15,3537,181,0,15.5,1.17,96.9,0.668,1.21,225.1
6/11/2024 7:30,3538,271,0,17,1.2,96.9,0.623,2.16,258.2
6/11/2024 7:45,3539,186,0,17.4,1.18,97,0.591,2.9,270.3
6/11/2024 8:00,3540,275,0,17.6,1.17,97,0.583,3.18,274.4
6/11/2024 8:15,3541,215,0,17.9,1.2,97,0.59,2.49,273.1
6/11/2024 8:30,3542,361,0,18.3,1.22,97,0.577,2.86,269.5
6/11/2024 8:45,3543,289,0,18.7,1.22,97,0.567,2.59,267.9
6/11/2024 9:00,3544,279,0,18.9,1.22,97,0.559,3.05,279.7
6/11/2024 9:15,3545,332,0,19.5,1.24,97,0.549,2.66,278.4
6/11/2024 9:30,3546,424,0,20.6,1.25,96.9,0.518,3.11,284
6/11/2024 9:45,3547,487,0,21.1,1.28,96.9,0.515,3.72,270.5
6/11/2024 10:00,3548,518,0,21.9,1.27,96.9,0.482,3.81,286.2
6/11/2024 10:15,3549,550,0,22.5,1.29,97,0.473,4.02,293.2
6/11/2024 10:30,3550,579,0,22.9,1.24,97,0.447,3.79,287.4
6/11/2024 10:45,3551,608,0,23.4,1.27,97,0.443,3.44,281
6/11/2024 11:00,3552,646,0,23.4,1.31,97,0.458,4.17,266.6
6/11/2024 11:15,3553,665,0,23.7,1.29,97,0.438,4.46,271.8
6/11/2024 11:30,3554,692,0,24.1,1.22,97,0.407,4.22,279.3
6/11/2024 11:45,3555,717,0,24.8,1.27,96.9,0.405,5.13,280.1
6/11/2024 12:00,3556,739,0,25.7,1.27,96.9,0.385,4.81,287.7
6/11/2024 12:15,3557,759,0,25.9,1.29,96.9,0.386,4.49,278.9
6/11/2024 12:30,3558,773,0,26.6,1.27,96.9,0.364,4.14,286.9
6/11/2024 12:45,3559,790,0,27.6,1.28,96.9,0.351,4.79,334.8
6/11/2024 13:00,3560,800,0,27.8,1.3,96.9,0.346,5.49,332.9
6/11/2024 13:15,3561,801,0,27.9,1.29,96.9,0.344,5.9,331.6
6/11/2024 13:30,3562,805,0,28.2,1.26,96.9,0.331,5.4,335.5
6/11/2024 13:45,3563,821,0,28.2,1.28,96.9,0.335,5.89,315.3
6/11/2024 14:00,3564,812,0,28.2,1.26,96.9,0.328,5.71,318
6/11/2024 14:15,3565,807,0,28.3,1.27,96.8,0.332,6.32,319.9
6/11/2024 14:30,3566,801,0,28.4,1.25,96.8,0.321,5.8,326.7
6/11/2024 14:45,3567,797,0,28.8,1.28,96.8,0.324,5.95,331.8
6/11/2024 15:00,3568,562,0,28.3,1.28,96.8,0.334,5.83,340.4
6/11/2024 15:15,3569,760,0,28.7,1.29,96.8,0.328,5.7,345
6/11/2024 15:30,3570,732,0,28.3,1.29,96.9,0.338,5.25,359.4
6/11/2024 15:45,3571,709,0,28,1.27,96.9,0.335,5.34,8.3
6/11/2024 16:00,3572,689,0,28,1.23,96.9,0.327,5.46,357.4
6/11/2024 16:15,3573,660,0,27.9,1.23,96.9,0.328,5.15,9
6/11/2024 16:30,3574,635,0,27.9,1.2,96.9,0.317,5.09,6
6/11/2024 16:45,3575,604,0,27.7,1.16,96.9,0.314,4.95,4.2
6/11/2024 17:00,3576,573,0,26.9,1.17,96.9,0.33,5.62,10.3
6/11/2024 17:15,3577,542,0,26.6,1.12,96.9,0.321,5.66,4.2
6/11/2024 17:30,3578,505,0,26.3,1.08,96.9,0.317,5.87,4.2
6/11/2024 17:45,3579,468,0,25.8,1.06,96.9,0.319,6.02,10.3
6/11/2024 18:00,3580,429,0,25.5,1,96.9,0.307,6.23,9.1
6/11/2024 18:15,3581,385,0,24.8,0.96,96.9,0.305,6,16.2
6/11/2024 18:30,3582,348,0,24.6,0.98,96.9,0.317,5.64,12.8
6/11/2024 18:45,3583,308,0,24.2,0.95,97,0.313,5.78,10.5
6/11/2024 19:00,3584,266,0,23.6,0.9,97,0.309,5.8,12.3
6/11/2024 19:15,3585,227,0,23.3,0.86,97,0.3,6.21,10.9
6/11/2024 19:30,3586,188,0,22.8,0.82,97,0.297,5.19,9.6
6/11/2024 19:45,3587,152,0,22.2,0.74,97,0.277,5.31,9
6/11/2024 20:00,3588,119,0,21.5,0.68,97,0.265,5.02,5.2
6/11/2024 20:15,3589,87,0,21,0.68,97.1,0.273,4.6,4.6
6/11/2024 20:30,3590,58,0,20.3,0.65,97.1,0.274,4.42,3
6/11/2024 20:45,3591,35,0,19.6,0.63,97.1,0.279,4.11,6.6
6/11/2024 21:00,3592,15,0,19,0.63,97.1,0.287,4.27,3.5
6/11/2024 21:15,3593,4,0,18.2,0.64,97.1,0.305,3.47,3.8
6/11/2024 21:30,3594,0,0,17.5,0.67,97.2,0.337,3.36,356.4
6/11/2024 21:45,3595,0,0,16.8,0.67,97.2,0.352,3.53,353.7
6/11/2024 22:00,3596,0,0,16,0.68,97.2,0.373,3.79,348.5
6/11/2024 22:15,3597,0,0,15.1,0.69,97.2,0.404,3.25,335.7
6/11/2024 22:30,3598,0,0,14.6,0.7,97.2,0.419,3.8,343.4
6/11/2024 22:45,3599,0,0,14.3,0.69,97.2,0.427,3.24,338.5
6/11/2024 23:00,3600,0,0,14,0.7,97.3,0.437,2.08,339.3
6/11/2024 23:15,3601,0,0,13.4,0.7,97.3,0.456,1.68,338.9
6/11/2024 23:30,3602,0,0,13.3,0.7,97.3,0.458,1.88,19.7
6/11/2024 23:45,3603,0,0,14,0.68,97.3,0.429,4.61,0.1
6/12/2024 0:00,3604,0,0,14,0.7,97.3,0.441,5.71,3.3
6/12/2024 0:15,3605,0,0,13.8,0.73,97.3,0.466,5.2,9.5
6/12/2024 0:30,3606,0,0,13.4,0.76,97.4,0.495,4.55,11.2
6/12/2024 0:45,3607,0,0,12.9,0.77,97.3,0.517,4.77,356.4
6/12/2024 1:00,3608,0,0,12.6,0.77,97.3,0.532,4.29,352
6/12/2024 1:15,3609,0,0,11.9,0.78,97.4,0.561,3.3,345.7
6/12/2024 1:30,3610,0,0,11.9,0.78,97.4,0.558,4.24,4.1
6/12/2024 1:45,3611,0,0,11.7,0.78,97.4,0.564,4.04,1.4
6/12/2024 2:00,3612,0,0,11.4,0.78,97.4,0.573,2.59,314.4
6/12/2024 2:15,3613,0,0,10.6,0.77,97.4,0.607,3.13,340.6
6/12/2024 2:30,3614,0,0,10.8,0.77,97.4,0.59,4.23,356.6
6/12/2024 2:45,3615,0,0,10,0.77,97.4,0.625,3.22,344.1
6/12/2024 3:00,3616,0,0,9.6,0.76,97.4,0.632,0.91,47
6/12/2024 3:15,3617,0,0,8.7,0.75,97.4,0.67,2.09,337.2
6/12/2024 3:30,3618,0,0,8.4,0.75,97.4,0.676,1.24,25.1
6/12/2024 3:45,3619,0,0,7.3,0.73,97.5,0.717,1.09,235.6
6/12/2024 4:00,3620,0,0,5.9,0.72,97.4,0.772,1.12,316.6
6/12/2024 4:15,3621,0,0,7,0.72,97.5,0.718,1.29,85.9
6/12/2024 4:30,3622,0,0,7,0.73,97.5,0.735,1.33,345.5
6/12/2024 4:45,3623,0,0,6,0.73,97.5,0.78,0.73,301.1
6/12/2024 5:00,3624,0,0,7.4,0.73,97.5,0.713,1.78,347.7
6/12/2024 5:15,3625,1,0,5.6,0.72,97.5,0.79,0.64,173.2
6/12/2024 5:30,3626,6,0,6.7,0.72,97.5,0.731,0.85,352.9
6/12/2024 5:45,3627,19,0,6.8,0.75,97.5,0.763,0.68,342.3
6/12/2024 6:00,3628,34,0,6.2,0.75,97.5,0.785,0.73,170.5
6/12/2024 6:15,3629,50,0,8.1,0.77,97.5,0.718,0.97,3.3
6/12/2024 6:30,3630,69,0,8.8,0.83,97.5,0.737,1.04,356.6
6/12/2024 6:45,3631,91,0,9.3,0.87,97.5,0.74,1.08,326.4
6/12/2024 7:00,3632,115,0,9.9,0.88,97.5,0.724,0.93,334.3
6/12/2024 7:15,3633,143,0,10.6,0.88,97.5,0.691,1.55,319.8
6/12/2024 7:30,3634,174,0,11.1,0.88,97.6,0.664,2.32,302.9
6/12/2024 7:45,3635,206,0,11.4,0.92,97.6,0.686,1.8,262.5
6/12/2024 8:00,3636,240,0,11.7,0.95,97.6,0.691,1.97,256.3
6/12/2024 8:15,3637,274,0,12.5,0.92,97.6,0.639,1.56,304.7
6/12/2024 8:30,3638,309,0,13.5,0.93,97.6,0.598,2.09,334.2
6/12/2024 8:45,3639,345,0,14,0.91,97.6,0.577,2.34,333.2
6/12/2024 9:00,3640,381,0,14.6,0.93,97.6,0.557,2.17,334.5
6/12/2024 9:15,3641,418,0,15.1,0.93,97.6,0.541,2.18,342
6/12/2024 9:30,3642,453,0,15.4,0.92,97.6,0.525,1.51,329.9
6/12/2024 9:45,3643,489,0,16.1,0.91,97.6,0.5,1.42,344.1
6/12/2024 10:00,3644,524,0,16.5,0.92,97.6,0.489,1.53,4.4
6/12/2024 10:15,3645,558,0,17,0.9,97.7,0.47,2.08,2.8
6/12/2024 10:30,3646,592,0,17.1,0.89,97.6,0.455,1.51,18.6
6/12/2024 10:45,3647,623,0,17.5,0.89,97.6,0.445,2,346.3
6/12/2024 11:00,3648,653,0,17.6,0.88,97.7,0.436,2.07,329.2
6/12/2024 11:15,3649,680,0,17.8,0.86,97.7,0.426,1.51,331.6
6/12/2024 11:30,3650,707,0,18,0.88,97.7,0.43,1.8,313.1
6/12/2024 11:45,3651,731,0,18.3,0.89,97.6,0.422,1.8,341.2
6/12/2024 12:00,3652,752,0,18.7,0.92,97.6,0.424,1.51,298.6
6/12/2024 12:15,3653,771,0,18.9,0.93,97.6,0.433,1.6,283.5
6/12/2024 12:30,3654,788,0,19.2,0.95,97.6,0.43,1.58,339.4
6/12/2024 12:45,3655,798,0,19.2,0.96,97.6,0.433,1.75,293.3
6/12/2024 13:00,3656,816,0,19.7,0.93,97.6,0.407,1.9,323.8
6/12/2024 13:15,3657,827,0,19.9,0.88,97.6,0.381,2.2,297.9
6/12/2024 13:30,3658,832,0,20.2,0.81,97.6,0.347,1.95,336.3
6/12/2024 13:45,3659,837,0,20.4,0.82,97.6,0.342,2.21,310.9
6/12/2024 14:00,3660,835,0,20.5,0.82,97.6,0.338,1.83,357.9
6/12/2024 14:15,3661,830,0,20.9,0.8,97.6,0.326,1.32,347.1
6/12/2024 14:30,3662,821,0,21.2,0.8,97.6,0.321,1.19,66.6
6/12/2024 14:45,3663,808,0,21.7,0.84,97.5,0.323,1.62,333.3
6/12/2024 15:00,3664,787,0,21.8,0.84,97.5,0.319,1.29,294.2
6/12/2024 15:15,3665,777,0,22.3,0.84,97.5,0.311,1.52,305.6
6/12/2024 15:30,3666,756,0,22.3,0.83,97.5,0.308,1.54,302.5
6/12/2024 15:45,3667,735,0,22.6,0.81,97.5,0.297,1.55,4.1
6/12/2024 16:00,3668,710,0,22.9,0.83,97.5,0.297,1.67,285.9
6/12/2024 16:15,3669,685,0,23.1,0.79,97.5,0.281,1.91,294.6
6/12/2024 16:30,3670,652,0,23.3,0.77,97.5,0.27,1.29,306
6/12/2024 16:45,3671,619,0,23.5,0.78,97.4,0.269,1.58,280.6
6/12/2024 17:00,3672,584,0,23.4,0.77,97.4,0.268,1.85,271.7
6/12/2024 17:15,3673,543,0,23.8,0.76,97.4,0.255,0.83,248.4
6/12/2024 17:30,3674,510,0,24,0.77,97.4,0.257,0.87,278.7
6/12/2024 17:45,3675,473,0,23.9,0.76,97.4,0.255,0.95,196.3
6/12/2024 18:00,3676,433,0,24,0.79,97.4,0.264,1.04,247.9
6/12/2024 18:15,3677,394,0,23.8,0.76,97.4,0.259,1.55,280.1
6/12/2024 18:30,3678,346,0,23.8,0.76,97.4,0.258,1.46,254.9
6/12/2024 18:45,3679,302,0,23.9,0.76,97.4,0.258,1.05,238.1
6/12/2024 19:00,3680,268,0,23.7,0.75,97.4,0.256,1.17,245.4
6/12/2024 19:15,3681,226,0,23.9,0.74,97.4,0.251,0.8,233.2
6/12/2024 19:30,3682,177,0,23.7,0.72,97.3,0.245,0.77,217.6
6/12/2024 19:45,3683,156,0,23.6,0.77,97.3,0.264,0.62,255.9
6/12/2024 20:00,3684,119,0,22.5,0.88,97.3,0.325,0.97,256.3
6/12/2024 20:15,3685,87,0,21.1,1,97.3,0.399,1.23,244.1
6/12/2024 20:30,3686,41,0,20.1,0.98,97.3,0.417,0.8,227.8
6/12/2024 20:45,3687,20,0,19,0.93,97.3,0.425,0.72,182.3
6/12/2024 21:00,3688,12,0,17.6,0.95,97.3,0.474,0.84,154.4
6/12/2024 21:15,3689,4,0,17,0.9,97.3,0.465,0.87,144.2
6/12/2024 21:30,3690,1,0,16.5,0.86,97.3,0.457,0.86,141
6/12/2024 21:45,3691,0,0,16.1,0.84,97.3,0.458,0.81,145.8
6/12/2024 22:00,3692,0,0,15.9,0.79,97.3,0.439,0.79,141.6
6/12/2024 22:15,3693,0,0,15.9,0.75,97.4,0.419,0.77,151
6/12/2024 22:30,3694,0,0,15.2,0.74,97.3,0.426,1.07,135
6/12/2024 22:45,3695,0,0,14.7,0.83,97.4,0.497,1.89,68.1
6/12/2024 23:00,3696,0,0,15,0.82,97.4,0.484,1.56,66.9
6/12/2024 23:15,3697,0,0,14.1,0.81,97.4,0.505,1.59,66.2
6/12/2024 23:30,3698,0,0,14,0.79,97.4,0.497,2.16,67.9
6/12/2024 23:45,3699,0,0,13.6,0.79,97.4,0.505,2.17,47.1
6/13/2024 0:00,3700,0,0,12.9,0.8,97.4,0.539,2.07,47.8
6/13/2024 0:15,3701,0,0,13,0.79,97.4,0.529,2.83,23.9
6/13/2024 0:30,3702,0,0,13.1,0.79,97.4,0.525,3.09,23.6
6/13/2024 0:45,3703,0,0,12.4,0.8,97.4,0.558,2.3,36.6
6/13/2024 1:00,3704,0,0,12.3,0.81,97.4,0.563,2.51,59.8
6/13/2024 1:15,3705,0,0,12.4,0.79,97.4,0.549,2.33,65
6/13/2024 1:30,3706,0,0,12.2,0.8,97.4,0.561,2.1,70.2
6/13/2024 1:45,3707,0,0,12.2,0.79,97.4,0.56,2.37,57.1
6/13/2024 2:00,3708,0,0,12,0.8,97.4,0.569,2.24,57.5
6/13/2024 2:15,3709,0,0,11.9,0.8,97.4,0.576,2.52,64.4
6/13/2024 2:30,3710,0,0,11.6,0.81,97.4,0.59,2.56,68.2
6/13/2024 2:45,3711,0,0,11.5,0.81,97.4,0.592,2.61,60.9
6/13/2024 3:00,3712,0,0,11.4,0.8,97.4,0.597,2.63,74.5
6/13/2024 3:15,3713,0,0,11,0.8,97.4,0.608,2.13,75.9
6/13/2024 3:30,3714,0,0,10.4,0.8,97.4,0.636,2.01,70.3
6/13/2024 3:45,3715,0,0,10.6,0.8,97.4,0.625,2.35,73.1
6/13/2024 4:00,3716,0,0,10.1,0.8,97.4,0.649,2.07,71.2
6/13/2024 4:15,3717,0,0,10.2,0.8,97.4,0.641,2.28,72.5
6/13/2024 4:30,3718,0,0,10.1,0.8,97.3,0.649,2.4,69.8
6/13/2024 4:45,3719,0,0,10.2,0.79,97.3,0.638,2.03,79.8
6/13/2024 5:00,3720,0,0,9.5,0.79,97.3,0.664,1.57,93.9
6/13/2024 5:15,3721,1,0,7.6,0.76,97.4,0.734,0.95,164.3
6/13/2024 5:30,3722,6,0,7.5,0.76,97.4,0.729,1.1,161.3
6/13/2024 5:45,3723,18,0,6.2,0.75,97.4,0.79,1.14,158.8
6/13/2024 6:00,3724,35,0,6,0.76,97.4,0.809,0.88,178.7
6/13/2024 6:15,3725,53,0,6.4,0.78,97.4,0.812,1.02,167.1
6/13/2024 6:30,3726,70,0,7.6,0.82,97.4,0.789,1.01,166.3
6/13/2024 6:45,3727,91,0,9.2,0.87,97.4,0.754,1,161.4
6/13/2024 7:00,3728,115,0,11.1,0.93,97.4,0.708,1.03,164.8
6/13/2024 7:15,3729,143,0,12.9,0.97,97.4,0.654,0.93,132.5
6/13/2024 7:30,3730,173,0,13.6,0.95,97.4,0.614,1.52,95.4
6/13/2024 7:45,3731,205,0,14,0.96,97.4,0.597,1.83,90.2
6/13/2024 8:00,3732,240,0,14.5,0.99,97.4,0.6,1.7,82.4
6/13/2024 8:15,3733,274,0,15.1,1,97.4,0.586,1.38,79
6/13/2024 8:30,3734,310,0,15.2,0.98,97.5,0.57,1.36,56.7
6/13/2024 8:45,3735,347,0,16,1.02,97.4,0.56,1.47,52.8
6/13/2024 9:00,3736,386,0,16.4,1.01,97.4,0.54,2.03,44
6/13/2024 9:15,3737,390,0,16.7,1.08,97.4,0.569,1.94,50.1
6/13/2024 9:30,3738,440,0,17.2,1.15,97.4,0.581,1.46,61.9
6/13/2024 9:45,3739,473,0,17.7,1.13,97.4,0.56,1.52,80
6/13/2024 10:00,3740,449,0,18.4,1.14,97.4,0.541,1.53,79.7
6/13/2024 10:15,3741,540,0,19,1.18,97.4,0.531,1.25,84.7
6/13/2024 10:30,3742,578,0,19.7,1.17,97.4,0.508,1.33,92.4
6/13/2024 10:45,3743,569,0,20.2,1.1,97.4,0.465,1.03,46.3
6/13/2024 11:00,3744,624,0,21.1,1.07,97.4,0.432,0.91,80.6
6/13/2024 11:15,3745,646,0,21.5,1.12,97.4,0.439,1.36,42.6
6/13/2024 11:30,3746,681,0,22.1,1.16,97.4,0.434,1.38,45.2
6/13/2024 11:45,3747,717,0,22.4,1.16,97.3,0.431,1.56,37.8
6/13/2024 12:00,3748,737,0,22.8,1.13,97.3,0.407,1.31,43.7
6/13/2024 12:15,3749,753,0,23.4,1.07,97.3,0.37,1.43,53.2
6/13/2024 12:30,3750,776,0,24,1.01,97.3,0.339,1.59,10.3
6/13/2024 12:45,3751,801,0,24.4,1.04,97.3,0.34,2.18,353.7
6/13/2024 13:00,3752,814,0,24.7,0.98,97.3,0.318,2.13,352.4
6/13/2024 13:15,3753,821,0,25.2,0.97,97.2,0.3,1.79,29.1
6/13/2024 13:30,3754,831,0,25.2,0.98,97.2,0.306,1.91,33.3
6/13/2024 13:45,3755,833,0,25.5,0.96,97.2,0.297,2.03,36.1
6/13/2024 14:00,3756,831,0,25.7,0.94,97.2,0.283,1.64,42.9
6/13/2024 14:15,3757,831,0,26.3,1.01,97.2,0.298,2.53,27.7
6/13/2024 14:30,3758,834,0,26.4,1,97.1,0.289,2.26,13.9
6/13/2024 14:45,3759,770,0,26.5,1.01,97.1,0.291,2.48,13.7
6/13/2024 15:00,3760,773,0,26.6,1,97.1,0.285,2.35,27.2
6/13/2024 15:15,3761,778,0,26.9,0.99,97.1,0.277,2.08,26.1
6/13/2024 15:30,3762,758,0,27,0.95,97,0.267,1.83,29.5
6/13/2024 15:45,3763,734,0,27.2,0.97,97,0.269,2.37,20.8
6/13/2024 16:00,3764,710,0,27.3,0.97,97,0.268,2.33,10.3
6/13/2024 16:15,3765,684,0,27.4,0.98,97,0.269,2.3,17.5
6/13/2024 16:30,3766,656,0,27.5,0.94,97,0.256,1.92,9.7
6/13/2024 16:45,3767,622,0,27.7,0.97,96.9,0.261,1.8,20.4
6/13/2024 17:00,3768,584,0,27.7,0.94,96.9,0.252,2.11,33.3
6/13/2024 17:15,3769,552,0,27.8,0.92,96.9,0.247,2.3,31.6
6/13/2024 17:30,3770,509,0,27.8,0.89,96.9,0.239,2.16,29.8
6/13/2024 17:45,3771,432,0,27.6,0.93,96.9,0.252,2.79,41.1
6/13/2024 18:00,3772,399,0,26.9,1.02,96.9,0.287,2.81,51.4
6/13/2024 18:15,3773,426,0,26.9,1.02,96.9,0.287,2.77,53.3
6/13/2024 18:30,3774,422,0,26.9,1,96.9,0.282,2.89,52.3
6/13/2024 18:45,3775,351,0,26.6,0.98,96.9,0.284,2.82,48.4
6/13/2024 19:00,3776,168,0,25.5,1.04,96.9,0.317,2.4,59
6/13/2024 19:15,3777,145,0,24.9,1.03,96.9,0.327,2.32,54.8
6/13/2024 19:30,3778,82,0,24,1.01,96.9,0.338,1.94,69.2
6/13/2024 19:45,3779,42,0,22.9,1,96.9,0.358,1.71,65
6/13/2024 20:00,3780,32,0,22.3,1,96.9,0.371,1.23,61.2
6/13/2024 20:15,3781,23,0,22,0.95,96.8,0.362,1.18,72.2
6/13/2024 20:30,3782,18,0,20.7,1.01,96.8,0.414,1.07,64
6/13/2024 20:45,3783,8,0,20.5,0.99,96.8,0.414,1.38,71.4
6/13/2024 21:00,3784,3,0,20.6,0.96,96.8,0.396,1.87,86.1
6/13/2024 21:15,3785,1,0,20.8,0.94,96.8,0.383,1.81,88.7
6/13/2024 21:30,3786,0,0,19.7,1,96.8,0.435,1.91,100.8
6/13/2024 21:45,3787,0,0,19.9,0.94,96.8,0.406,1.91,100.3
6/13/2024 22:00,3788,0,0,20,0.94,96.9,0.399,1.96,99.7
6/13/2024 22:15,3789,0,0,19.9,0.94,96.9,0.406,1.69,98.5
6/13/2024 22:30,3790,0,0,19.9,0.94,96.9,0.406,1.7,97.1
6/13/2024 22:45,3791,0,0,19.2,0.97,96.9,0.442,0.91,61.7
6/13/2024 23:00,3792,0,0,17.9,1.1,96.9,0.538,1,292.4
6/13/2024 23:15,3793,0,0,18.4,1.07,97,0.508,1.13,5.7
6/13/2024 23:30,3794,0,0,19.3,1.01,97,0.452,1.96,3.6
6/13/2024 23:45,3795,0,0,18.7,1.05,97,0.487,2.12,16.3
6/14/2024 0:00,3796,0,0,18.6,1.04,97,0.487,2.88,13.9
6/14/2024 0:15,3797,0,0,18.3,1.03,97,0.491,3.08,14.1
6/14/2024 0:30,3798,0,0,17.9,1.03,97,0.5,2.45,14.4
6/14/2024 0:45,3799,0,0,17.4,1.04,97,0.522,1.69,10.4
6/14/2024 1:00,3800,0,0,17.4,1.03,97,0.519,2.27,13.7
6/14/2024 1:15,3801,0,0,17.5,1,97,0.502,2.46,24.8
6/14/2024 1:30,3802,0,0,17.5,0.98,97,0.489,2.12,345.1
6/14/2024 1:45,3803,0,0,16.7,1,97,0.528,1.77,337
6/14/2024 2:00,3804,0,0,16.5,0.98,97,0.519,3.01,3
6/14/2024 2:15,3805,0,0,16.2,0.92,97,0.497,2.58,6.1
6/14/2024 2:30,3806,0,0,15.1,0.93,97,0.545,1.99,345.8
6/14/2024 2:45,3807,0,0,14.7,0.94,97,0.563,2.02,344.7
6/14/2024 3:00,3808,0,0,14.4,0.9,97,0.55,2.42,1.6
6/14/2024 3:15,3809,0,0,15,0.84,97,0.491,3.16,14
6/14/2024 3:30,3810,0,0,14.5,0.82,97,0.499,2.84,18.8
6/14/2024 3:45,3811,0,0,13.6,0.83,97,0.534,2.55,18.9
6/14/2024 4:00,3812,0,0,12.1,0.84,97,0.6,2.04,350.4
6/14/2024 4:15,3813,0,0,12,0.84,97.1,0.602,2.07,6.5
6/14/2024 4:30,3814,0,0,12.9,0.81,97.1,0.551,2.78,1.9
6/14/2024 4:45,3815,0,0,13.1,0.81,97.1,0.537,4.08,5.6
6/14/2024 5:00,3816,0,0,12.8,0.8,97.1,0.547,2.85,359.7
6/14/2024 5:15,3817,1,0,12.8,0.77,97.2,0.523,3.05,343.1
6/14/2024 5:30,3818,5,0,12.3,0.74,97.2,0.516,3,5
6/14/2024 5:45,3819,18,0,11.4,0.75,97.2,0.557,1.62,317.2
6/14/2024 6:00,3820,34,0,11.3,0.77,97.2,0.577,1.45,309.7
6/14/2024 6:15,3821,51,0,11.3,0.79,97.2,0.593,1.16,297.2
6/14/2024 6:30,3822,78,0,11.9,0.82,97.2,0.586,1.29,273.7
6/14/2024 6:45,3823,125,0,12.9,0.8,97.2,0.54,2.03,285.8
6/14/2024 7:00,3824,155,0,13.5,0.8,97.3,0.518,2.58,287.9
6/14/2024 7:15,3825,144,0,13.5,0.82,97.3,0.528,2.18,291
6/14/2024 7:30,3826,139,0,13.7,0.8,97.3,0.509,2.35,311.2
6/14/2024 7:45,3827,184,0,14,0.8,97.3,0.497,2.76,285.1
6/14/2024 8:00,3828,177,0,14.5,0.78,97.4,0.471,2.51,271.6
6/14/2024 8:15,3829,221,0,14.9,0.81,97.4,0.48,3.16,311
6/14/2024 8:30,3830,364,0,15.6,0.83,97.4,0.469,4.03,309.6
6/14/2024 8:45,3831,313,0,16,0.81,97.4,0.447,5.46,332.1
6/14/2024 9:00,3832,385,0,16.3,0.82,97.5,0.443,5.17,319.2
6/14/2024 9:15,3833,462,0,16.8,0.81,97.5,0.424,5.08,315.4
6/14/2024 9:30,3834,444,0,17.1,0.82,97.5,0.419,4.2,318.8
6/14/2024 9:45,3835,520,0,17.7,0.83,97.5,0.411,5.02,322.3
6/14/2024 10:00,3836,510,0,17.8,0.82,97.5,0.404,4.8,321.8
6/14/2024 10:15,3837,520,0,17.8,0.8,97.5,0.393,4.77,338.4
6/14/2024 10:30,3838,530,0,18.2,0.82,97.5,0.389,3.68,329
6/14/2024 10:45,3839,670,0,18.9,0.84,97.5,0.383,3.96,333.6
6/14/2024 11:00,3840,628,0,18.9,0.85,97.5,0.389,4.31,333.5
6/14/2024 11:15,3841,658,0,19.1,0.85,97.5,0.385,4.45,331.6
6/14/2024 11:30,3842,573,0,19,0.86,97.5,0.389,4.2,330.2
6/14/2024 11:45,3843,690,0,19.3,0.86,97.5,0.385,4.13,323.4
6/14/2024 12:00,3844,642,0,19.6,0.87,97.5,0.381,4.18,324.5
6/14/2024 12:15,3845,744,0,19.7,0.88,97.5,0.38,4.47,339.4
6/14/2024 12:30,3846,777,0,20.5,0.92,97.5,0.381,4.5,342.4
6/14/2024 12:45,3847,763,0,20.5,0.91,97.5,0.38,4.85,349.2
6/14/2024 13:00,3848,703,0,20.6,0.91,97.5,0.382,4.72,349.1
6/14/2024 13:15,3849,704,0,20.5,0.91,97.5,0.38,4.69,347.1
6/14/2024 13:30,3850,790,0,20.6,0.87,97.5,0.358,5.4,348.9
6/14/2024 13:45,3851,734,0,21.1,0.88,97.5,0.352,4.92,348.7
6/14/2024 14:00,3852,833,0,21,0.87,97.4,0.35,5.88,345.7
6/14/2024 14:15,3853,774,0,21.5,0.87,97.4,0.337,5.59,336.5
6/14/2024 14:30,3854,689,0,21.8,0.88,97.4,0.34,4.99,326.8
6/14/2024 14:45,3855,700,0,21.8,0.91,97.4,0.345,4.6,344.4
6/14/2024 15:00,3856,707,0,21.9,0.89,97.4,0.341,4.45,0.8
6/14/2024 15:15,3857,701,0,22.1,0.88,97.4,0.333,4.31,357.8
6/14/2024 15:30,3858,535,0,21.7,0.84,97.4,0.323,4.16,352.6
6/14/2024 15:45,3859,472,0,21.3,0.83,97.4,0.33,4.2,352.7
6/14/2024 16:00,3860,468,0,21.6,0.83,97.4,0.322,4.05,334.6
6/14/2024 16:15,3861,357,0,21.3,0.8,97.4,0.315,3.55,328.3
6/14/2024 16:30,3862,325,0,21,0.84,97.3,0.338,3.14,355.9
6/14/2024 16:45,3863,310,0,20.8,0.86,97.3,0.349,3.55,5.4
6/14/2024 17:00,3864,248,0,20.5,0.88,97.3,0.364,3.13,5.1
6/14/2024 17:15,3865,219,0,20.2,0.86,97.3,0.361,2.9,10.6
6/14/2024 17:30,3866,240,0,20.2,0.8,97.3,0.335,3.18,18
6/14/2024 17:45,3867,165,0,19.8,0.85,97.3,0.367,3.55,26
6/14/2024 18:00,3868,151,0,19.4,0.79,97.3,0.351,2.93,35.4
6/14/2024 18:15,3869,160,0,19.3,0.81,97.3,0.364,2.2,52
6/14/2024 18:30,3870,148,0,19.3,0.84,97.3,0.375,1.84,42
6/14/2024 18:45,3871,150,0,19.2,0.88,97.2,0.395,1.84,57.4
6/14/2024 19:00,3872,125,0,19.2,0.9,97.2,0.405,1.67,41.7
6/14/2024 19:15,3873,111,0,19.1,0.91,97.2,0.412,1.65,28.4
6/14/2024 19:30,3874,80,0,18.8,0.91,97.2,0.421,1.36,29.2
6/14/2024 19:45,3875,98,0,18.6,0.93,97.2,0.434,1.09,33.6
6/14/2024 20:00,3876,78,0,18.5,0.93,97.2,0.439,0.91,70.3
6/14/2024 20:15,3877,55,0,18.2,0.94,97.2,0.452,0.73,53.2
6/14/2024 20:30,3878,36,0,17.8,0.98,97.2,0.481,0.57,52.7
6/14/2024 20:45,3879,35,0,17.6,0.97,97.2,0.482,0.56,55.1
6/14/2024 21:00,3880,20,0,17.5,0.95,97.1,0.474,0.4,37.9
6/14/2024 21:15,3881,4,0,17.1,0.94,97.1,0.481,0.43,48.4
6/14/2024 21:30,3882,0,0,16.8,0.92,97.1,0.483,0.48,49.8
6/14/2024 21:45,3883,0,0,16.8,0.85,97.1,0.447,0.34,26.2
6/14/2024 22:00,3884,0,0,15.3,0.9,97.1,0.519,0.52,163.3
6/14/2024 22:15,3885,0,0,14.4,0.97,97.1,0.592,0.62,144.1
6/14/2024 22:30,3886,0,0,15.4,0.84,97.1,0.479,1.08,21.7
6/14/2024 22:45,3887,0,0,14.3,0.86,97.1,0.525,2.15,12
6/14/2024 23:00,3888,0,0,13.9,0.88,97.1,0.557,2.01,27.4
6/14/2024 23:15,3889,0,0,13.4,0.89,97,0.577,2.18,25.1
6/14/2024 23:30,3890,0,0,13.4,0.88,97,0.571,2.73,15.7
6/14/2024 23:45,3891,0,0,13.7,0.86,97,0.547,3.23,14.5
6/15/2024 0:00,3892,0,0,13.6,0.87,97,0.56,3.03,19.6
6/15/2024 0:15,3893,0,0,13.4,0.87,97,0.568,3.05,20.5
6/15/2024 0:30,3894,0,0,13.2,0.88,97,0.581,2.68,24.4
6/15/2024 0:45,3895,0,0,13,0.88,97,0.587,2.34,26.6
6/15/2024 1:00,3896,0,0,12.7,0.89,97,0.602,1.85,34.4
6/15/2024 1:15,3897,0,0,12.9,0.87,97,0.589,2.44,29.6
6/15/2024 1:30,3898,0,0,12.8,0.87,97,0.59,3.14,17.9
6/15/2024 1:45,3899,0,0,12.6,0.87,97,0.601,3.5,13.1
6/15/2024 2:00,3900,0,0,12.2,0.88,97,0.618,3.42,13.2
6/15/2024 2:15,3901,0,0,11.7,0.88,97,0.644,2.75,12.9
6/15/2024 2:30,3902,0,0,11.2,0.89,97,0.669,2.26,9.3
6/15/2024 2:45,3903,0,0,10.5,0.9,97,0.705,1.63,4.7
6/15/2024 3:00,3904,0,0,10.2,0.9,97,0.717,1.72,357.6
6/15/2024 3:15,3905,0,0,10.3,0.9,97,0.72,1.47,354.9
6/15/2024 3:30,3906,0,0,10,0.9,97,0.735,1.05,351.2
6/15/2024 3:45,3907,0,0,10,0.89,97,0.72,1.33,3.4
6/15/2024 4:00,3908,0,0,9.8,0.88,97,0.727,1.42,359.8
6/15/2024 4:15,3909,0,0,9.2,0.88,97,0.756,1,324.4
6/15/2024 4:30,3910,0,0,9.4,0.88,97,0.746,0.8,286.3
6/15/2024 4:45,3911,0,0,9.9,0.9,97,0.736,1.05,266
6/15/2024 5:00,3912,0,0,9.1,0.93,97,0.801,0.86,236.3
6/15/2024 5:15,3913,0,0,9.3,0.93,97,0.796,1.3,277.7
6/15/2024 5:30,3914,3,0,9.9,0.93,97,0.761,2.33,289.1
6/15/2024 5:45,3915,9,0,9.9,0.93,97,0.764,1.64,280.4
6/15/2024 6:00,3916,17,0,10,0.94,97,0.764,1.82,282.6
6/15/2024 6:15,3917,32,0,10.4,0.96,97,0.758,2.5,286.1
6/15/2024 6:30,3918,64,0,10.7,0.97,97,0.753,2.69,281.5
6/15/2024 6:45,3919,103,0,11.1,1,97,0.757,3.06,291.5
6/15/2024 7:00,3920,136,0,12,1,97,0.712,3.32,296.4
6/15/2024 7:15,3921,136,0,12.4,1.01,97,0.702,4,304.9
6/15/2024 7:30,3922,163,0,12.8,0.95,97,0.643,5,321.9
6/15/2024 7:45,3923,164,0,12.6,0.89,97,0.61,5.41,323.5
6/15/2024 8:00,3924,204,0,12.9,0.91,97,0.614,4.21,327.6
6/15/2024 8:15,3925,252,0,13.3,0.95,97,0.614,4.44,340.1
6/15/2024 8:30,3926,319,0,13.8,0.91,97,0.572,4.41,2.2
6/15/2024 8:45,3927,447,0,14.5,0.88,97,0.533,5.12,5.5
6/15/2024 9:00,3928,216,0,13,0.82,97.1,0.546,5.11,4.3
6/15/2024 9:15,3929,417,0,13.7,0.83,97.1,0.533,4.86,352
6/15/2024 9:30,3930,369,0,14.2,0.85,97.1,0.521,4.99,347.5
6/15/2024 9:45,3931,495,0,15,0.84,97.1,0.499,5.38,332.8
6/15/2024 10:00,3932,531,0,15.6,0.85,97.1,0.479,5.65,329.3
6/15/2024 10:15,3933,569,0,15.7,0.84,97.1,0.472,5.76,330.6
6/15/2024 10:30,3934,626,0,16.3,0.85,97.1,0.457,4.87,323.9
6/15/2024 10:45,3935,657,0,16.8,0.85,97.1,0.449,5.65,330.9
6/15/2024 11:00,3936,714,0,16.9,0.85,97.1,0.438,5.83,344.1
6/15/2024 11:15,3937,595,0,16.8,0.84,97.1,0.439,5.91,342.7
6/15/2024 11:30,3938,495,0,16.7,0.84,97.1,0.444,4.54,342.3
6/15/2024 11:45,3939,406,0,16.2,0.82,97.2,0.444,5.08,344.3
6/15/2024 12:00,3940,801,0,17.1,0.8,97.1,0.411,4.94,338
6/15/2024 12:15,3941,701,0,17.8,0.82,97.2,0.404,4.4,336.7
6/15/2024 12:30,3942,377,0,17.1,0.8,97.2,0.411,4.86,331.3
6/15/2024 12:45,3943,519,0,17,0.82,97.2,0.422,5.59,305.9
6/15/2024 13:00,3944,170,0,16,0.8,97.2,0.443,4.5,301.5
6/15/2024 13:15,3945,109,0.034,14.9,0.8,97.2,0.47,4.74,300.9
6/15/2024 13:30,3946,233,0,13.6,0.76,97.1,0.488,4.74,292
6/15/2024 13:45,3947,468,0,15.2,0.81,97.2,0.471,3.86,290
6/15/2024 14:00,3948,358,0,15.3,0.81,97.2,0.468,2.99,291.5
6/15/2024 14:15,3949,600,0,17.2,0.8,97.2,0.409,3.79,323.3
6/15/2024 14:30,3950,608,0,18.3,0.79,97.2,0.373,4.56,352.6
6/15/2024 14:45,3951,238,0,17.3,0.8,97.2,0.405,4.76,357.5
6/15/2024 15:00,3952,332,0,16.3,0.78,97.2,0.417,4.73,318.4
6/15/2024 15:15,3953,600,0,17.8,0.74,97.2,0.364,4.04,343.4
6/15/2024 15:30,3954,478,0,17.6,0.78,97.2,0.39,4.17,315.3
6/15/2024 15:45,3955,171,0,16.8,0.79,97.2,0.412,5.38,319.9
6/15/2024 16:00,3956,289,0,16.3,0.76,97.2,0.411,5.76,294.8
6/15/2024 16:15,3957,309,0,17.4,0.76,97.2,0.383,4.36,301.7
6/15/2024 16:30,3958,478,0,18.3,0.74,97.2,0.355,5.24,357.1
6/15/2024 16:45,3959,555,0,18.2,0.78,97.2,0.377,5.74,7.6
6/15/2024 17:00,3960,449,0,18.4,0.79,97.2,0.374,4.8,4.9
6/15/2024 17:15,3961,225,0,17.4,0.77,97.3,0.387,4.39,5
6/15/2024 17:30,3962,188,0,16.9,0.75,97.3,0.391,5.09,347.4
6/15/2024 17:45,3963,293,0.017,16.3,0.8,97.3,0.432,5.4,0.3
6/15/2024 18:00,3964,428,0,17.1,0.77,97.3,0.398,4.85,359.6
6/15/2024 18:15,3965,404,0,17.6,0.74,97.3,0.367,4.99,355.2
6/15/2024 18:30,3966,361,0,17.6,0.75,97.3,0.374,5.06,1.6
6/15/2024 18:45,3967,318,0,17.1,0.76,97.3,0.39,5.55,9.2
6/15/2024 19:00,3968,276,0,16.8,0.76,97.3,0.397,5.46,2.5
6/15/2024 19:15,3969,235,0,16.4,0.74,97.3,0.399,4.77,10.9
6/15/2024 19:30,3970,198,0,16,0.72,97.3,0.396,4.5,8.1
6/15/2024 19:45,3971,159,0,15.8,0.72,97.3,0.4,4.79,6.4
6/15/2024 20:00,3972,123,0,15.2,0.7,97.3,0.407,5.89,6.8
6/15/2024 20:15,3973,90,0,14.5,0.68,97.4,0.415,5.69,9.9
6/15/2024 20:30,3974,62,0,13.8,0.66,97.4,0.42,6.43,16.6
6/15/2024 20:45,3975,19,0,13.1,0.66,97.4,0.441,5.7,15.6
6/15/2024 21:00,3976,11,0,12.5,0.66,97.4,0.456,5.57,14.4
6/15/2024 21:15,3977,3,0,12,0.66,97.4,0.473,4.93,16.4
6/15/2024 21:30,3978,0,0,11.3,0.67,97.4,0.499,3.76,3.4
6/15/2024 21:45,3979,0,0,10.9,0.67,97.4,0.517,3.78,7.1
6/15/2024 22:00,3980,0,0,10.6,0.67,97.4,0.527,3.8,12.3
6/15/2024 22:15,3981,0,0,10.4,0.68,97.4,0.535,3.66,8.8
6/15/2024 22:30,3982,0,0,10.1,0.67,97.5,0.54,3.7,6.2
6/15/2024 22:45,3983,0,0,9.9,0.67,97.5,0.549,3.34,10.6
6/15/2024 23:00,3984,0,0,9.7,0.67,97.5,0.556,3.76,9.6
6/15/2024 23:15,3985,0,0,9.4,0.67,97.5,0.565,3.46,2.3
6/15/2024 23:30,3986,0,0,9,0.67,97.5,0.582,2.82,2.4
6/15/2024 23:45,3987,0,0,8.8,0.67,97.5,0.591,3.06,18.7
6/16/2024 0:00,3988,0,0,8.9,0.67,97.5,0.587,2.96,355.4
6/16/2024 0:15,3989,0,0,9,0.66,97.5,0.579,2.72,349.3
6/16/2024 0:30,3990,0,0,8.5,0.66,97.5,0.596,2.05,78.6
6/16/2024 0:45,3991,0,0,8.5,0.66,97.5,0.595,2.45,17.4
6/16/2024 1:00,3992,0,0,8.5,0.65,97.5,0.592,2.88,353.9
6/16/2024 1:15,3993,0,0,8.2,0.66,97.5,0.608,2.79,6.7
6/16/2024 1:30,3994,0,0,7.2,0.67,97.5,0.653,1.58,3.6
6/16/2024 1:45,3995,0,0,6.9,0.66,97.5,0.66,1.6,352.1
6/16/2024 2:00,3996,0,0,6.6,0.66,97.5,0.677,2.26,329.3
6/16/2024 2:15,3997,0,0,6.6,0.66,97.5,0.673,1.39,338.6
6/16/2024 2:30,3998,0,0,5.9,0.66,97.5,0.708,1.53,300.9
6/16/2024 2:45,3999,0,0,5.7,0.65,97.5,0.705,1.29,323.5
6/16/2024 3:00,4000,0,0,6.3,0.65,97.5,0.686,0.98,356.3
6/16/2024 3:15,4001,0,0,6.3,0.66,97.5,0.686,1.72,331.7
6/16/2024 3:30,4002,0,0,5.5,0.66,97.5,0.728,1.92,324.6
6/16/2024 3:45,4003,0,0,5.6,0.66,97.5,0.722,1.52,293.1
6/16/2024 4:00,4004,0,0,5.3,0.67,97.5,0.749,1.32,280.5
6/16/2024 4:15,4005,0,0,4.6,0.66,97.5,0.783,1.58,292.3
6/16/2024 4:30,4006,0,0,4.3,0.66,97.5,0.796,1.33,310
6/16/2024 4:45,4007,0,0,4,0.66,97.5,0.807,1.06,304.2
6/16/2024 5:00,4008,0,0,4.3,0.66,97.4,0.793,1.31,339.6
6/16/2024 5:15,4009,1,0,3.9,0.66,97.4,0.821,1,254.7
6/16/2024 5:30,4010,6,0,3.2,0.66,97.5,0.853,1.26,225
6/16/2024 5:45,4011,22,0,3.4,0.67,97.4,0.862,1.23,258
6/16/2024 6:00,4012,41,0,4,0.7,97.4,0.863,1.35,257.5
6/16/2024 6:15,4013,61,0,4.6,0.74,97.5,0.874,1.1,243.5
6/16/2024 6:30,4014,80,0,5.5,0.77,97.4,0.85,1.89,263.7
6/16/2024 6:45,4015,99,0,6.1,0.8,97.4,0.855,1.55,240.6
6/16/2024 7:00,4016,123,0,6.6,0.82,97.4,0.849,2.17,259.9
6/16/2024 7:15,4017,152,0,7.3,0.82,97.4,0.803,3.09,265.5
6/16/2024 7:30,4018,189,0,7.7,0.84,97.4,0.794,3.24,262.4
6/16/2024 7:45,4019,221,0,8.3,0.85,97.4,0.779,3.33,269.8
6/16/2024 8:00,4020,255,0,8.7,0.86,97.4,0.771,3.64,265.4
6/16/2024 8:15,4021,261,0,9,0.87,97.4,0.76,3.44,265.1
6/16/2024 8:30,4022,334,0,9.4,0.88,97.4,0.741,3.22,269.3
6/16/2024 8:45,4023,373,0,10.2,0.87,97.4,0.702,3.67,278.3
6/16/2024 9:00,4024,417,0,11,0.84,97.4,0.637,3.64,286.3
6/16/2024 9:15,4025,476,0,11.3,0.84,97.4,0.628,4.07,286.8
6/16/2024 9:30,4026,431,0,11.5,0.84,97.4,0.619,4.02,282.7
6/16/2024 9:45,4027,333,0,11.2,0.81,97.4,0.607,3.59,284.8
6/16/2024 10:00,4028,448,0,11.6,0.82,97.3,0.603,4.06,286.4
6/16/2024 10:15,4029,460,0,12.2,0.83,97.3,0.575,4.11,282
6/16/2024 10:30,4030,508,0,12.4,0.86,97.3,0.595,4.12,282.5
6/16/2024 10:45,4031,494,0,12.6,0.87,97.3,0.595,3.75,277.3
6/16/2024 11:00,4032,486,0,12.8,0.85,97.3,0.577,3.86,278.1
6/16/2024 11:15,4033,514,0,12.9,0.85,97.3,0.569,3.82,273.5
6/16/2024 11:30,4034,616,0,13.4,0.85,97.3,0.547,3.42,268.8
6/16/2024 11:45,4035,686,0,13.7,0.85,97.3,0.537,3.53,263.9
6/16/2024 12:00,4036,755,0,14.2,0.84,97.3,0.508,3.64,273.9
6/16/2024 12:15,4037,709,0,14.6,0.82,97.3,0.495,3.41,275.5
6/16/2024 12:30,4038,743,0,14.5,0.81,97.2,0.486,3.48,267.8
6/16/2024 12:45,4039,841,0,14.8,0.78,97.2,0.466,3.71,261.2
6/16/2024 13:00,4040,608,0,14.6,0.79,97.2,0.476,3.16,280.4
6/16/2024 13:15,4041,751,0,15,0.82,97.2,0.477,2.63,283.2
6/16/2024 13:30,4042,717,0,15.1,0.84,97.2,0.485,2.89,272.1
6/16/2024 13:45,4043,739,0,15.4,0.81,97.2,0.463,2.45,277.2
6/16/2024 14:00,4044,599,0,15.4,0.8,97.2,0.464,3,277
6/16/2024 14:15,4045,531,0,15.2,0.8,97.1,0.459,2.81,293.4
6/16/2024 14:30,4046,536,0,15.3,0.79,97.1,0.46,2.46,269.8
6/16/2024 14:45,4047,511,0,15.2,0.79,97.1,0.457,2.17,274.2
6/16/2024 15:00,4048,614,0,15.4,0.79,97.1,0.455,2.49,259.4
6/16/2024 15:15,4049,562,0,15.6,0.8,97.1,0.455,2.2,277.2
6/16/2024 15:30,4050,408,0,15.7,0.79,97.1,0.445,1.69,321.8
6/16/2024 15:45,4051,450,0,15.8,0.79,97,0.44,1.9,302
6/16/2024 16:00,4052,416,0,15.9,0.77,97,0.431,1.56,305.1
6/16/2024 16:15,4053,418,0,15.8,0.78,97,0.432,1.28,276
6/16/2024 16:30,4054,627,0,16.7,0.8,97,0.419,1.14,292.4
6/16/2024 16:45,4055,667,0,16.9,0.8,97,0.418,2.12,272.6
6/16/2024 17:00,4056,564,0,17.3,0.78,96.9,0.396,1.57,248.1
6/16/2024 17:15,4057,210,0,16.7,0.73,96.9,0.386,1.84,265.9
6/16/2024 17:30,4058,221,0,16.5,0.67,96.9,0.357,0.98,248.5
6/16/2024 17:45,4059,126,0,16.4,0.66,96.9,0.357,0.82,234.8
6/16/2024 18:00,4060,110,0,16,0.7,96.9,0.384,0.87,257.7
6/16/2024 18:15,4061,106,0,16,0.64,96.9,0.352,0.62,259.3
6/16/2024 18:30,4062,106,0,15.9,0.63,96.9,0.348,0.59,234.8
6/16/2024 18:45,4063,129,0,15.7,0.65,96.9,0.367,0.51,254.3
6/16/2024 19:00,4064,210,0,15.9,0.65,96.9,0.359,0.9,279.3
6/16/2024 19:15,4065,240,0,16.4,0.64,96.9,0.341,1.53,296.3
6/16/2024 19:30,4066,180,0,16.4,0.6,96.9,0.32,1.71,297.1
6/16/2024 19:45,4067,211,0,16.7,0.61,96.9,0.324,1.67,336.9
6/16/2024 20:00,4068,164,0,15.9,0.76,96.9,0.422,3.71,4.9
6/16/2024 20:15,4069,124,0,15.1,0.77,96.9,0.449,4.01,11.6
6/16/2024 20:30,4070,63,0,14.4,0.77,96.8,0.469,3.42,14.3
6/16/2024 20:45,4071,40,0,13.7,0.76,96.8,0.484,3.37,17.4
6/16/2024 21:00,4072,17,0,12.8,0.77,96.8,0.518,2.52,34.7
6/16/2024 21:15,4073,5,0,12.2,0.77,96.8,0.546,2.21,50.5
6/16/2024 21:30,4074,0,0,11.5,0.78,96.8,0.577,1.6,47.3
6/16/2024 21:45,4075,0,0,10.6,0.79,96.8,0.617,1.19,46.8
6/16/2024 22:00,4076,0,0,9.9,0.8,96.9,0.659,1.47,47.7
6/16/2024 22:15,4077,0,0,9.6,0.81,96.8,0.675,1.47,64.2
6/16/2024 22:30,4078,0,0,9.1,0.8,96.9,0.697,0.73,61.9
6/16/2024 22:45,4079,0,0,7.8,0.78,96.9,0.735,0.78,145.9
6/16/2024 23:00,4080,0,0,9,0.77,96.9,0.675,1.3,64
6/16/2024 23:15,4081,0,0,9,0.77,96.9,0.675,1.37,31.6
6/16/2024 23:30,4082,0,0,8.5,0.77,96.8,0.694,1.46,50.2
6/16/2024 23:45,4083,0,0,8.2,0.77,96.9,0.705,1.26,34.7
6/17/2024 0:00,4084,0,0,8.1,0.76,96.8,0.71,1.55,35.7
6/17/2024 0:15,4085,0,0,7.8,0.77,96.8,0.727,1.53,44.4
6/17/2024 0:30,4086,0,0,7.7,0.78,96.8,0.74,1.76,32.8
6/17/2024 0:45,4087,0,0,8,0.78,96.8,0.732,1.95,38.3
6/17/2024 1:00,4088,0,0,8,0.79,96.8,0.737,2.17,39.1
6/17/2024 1:15,4089,0,0,7.9,0.79,96.8,0.742,2.26,40.6
6/17/2024 1:30,4090,0,0,7.9,0.78,96.8,0.738,2.67,35.2
6/17/2024 1:45,4091,0,0,7.9,0.78,96.8,0.735,2.84,30.2
6/17/2024 2:00,4092,0,0,7.7,0.78,96.8,0.744,2.97,28.2
6/17/2024 2:15,4093,0,0,7.7,0.78,96.8,0.741,3.34,29.6
6/17/2024 2:30,4094,0,0,7.7,0.78,96.8,0.744,2.94,33.6
6/17/2024 2:45,4095,0,0,7.3,0.78,96.8,0.763,2.67,26.7
6/17/2024 3:00,4096,0,0,6.9,0.77,96.8,0.778,2.04,34
6/17/2024 3:15,4097,0,0,6.7,0.77,96.8,0.783,1.95,33.2
6/17/2024 3:30,4098,0,0,6.2,0.76,96.8,0.807,1.16,31.4
6/17/2024 3:45,4099,0,0,4.9,0.74,96.8,0.855,0.78,179.4
6/17/2024 4:00,4100,0,0,4.5,0.71,96.9,0.842,0.8,126.6
6/17/2024 4:15,4101,0,0,5,0.72,96.9,0.832,1.09,73.5
6/17/2024 4:30,4102,0,0,4.6,0.73,96.9,0.855,1.14,80.1
6/17/2024 4:45,4103,0,0,4.7,0.73,96.9,0.851,1.19,77.9
6/17/2024 5:00,4104,0,0,4.6,0.73,96.9,0.857,1.19,64.3
6/17/2024 5:15,4105,1,0,4.7,0.73,96.9,0.857,1.25,55.8
6/17/2024 5:30,4106,4,0,4.9,0.74,96.9,0.856,1.38,49.1
6/17/2024 5:45,4107,13,0,5.1,0.76,96.9,0.866,1.36,42.1
6/17/2024 6:00,4108,17,0,5.2,0.77,96.9,0.865,1.38,33.6
6/17/2024 6:15,4109,35,0,5.9,0.78,96.9,0.841,1.53,40.6
6/17/2024 6:30,4110,66,0,6.7,0.83,96.9,0.846,1.13,63
6/17/2024 6:45,4111,68,0,7.3,0.86,96.9,0.835,1.19,52
6/17/2024 7:00,4112,79,0,7.6,0.86,96.9,0.825,1.35,25.3
6/17/2024 7:15,4113,142,0,8.8,0.9,96.9,0.801,1.92,8.7
6/17/2024 7:30,4114,168,0,9.6,0.92,96.9,0.773,2.01,19.8
6/17/2024 7:45,4115,184,0,10.4,0.93,97,0.742,2.12,22
6/17/2024 8:00,4116,134,0,10.6,0.92,97,0.721,1.86,14.5
6/17/2024 8:15,4117,206,0,10.9,0.93,97,0.71,2.14,345.2
6/17/2024 8:30,4118,211,0,11.2,0.93,97,0.696,2.34,348
6/17/2024 8:45,4119,264,0,11.6,0.92,97,0.676,2.38,348.8
6/17/2024 9:00,4120,229,0,11.9,0.92,97,0.668,2.32,340.2
6/17/2024 9:15,4121,274,0,12.1,0.94,97,0.667,2.19,323.4
6/17/2024 9:30,4122,308,0,12.7,0.92,97,0.629,2.92,339.6
6/17/2024 9:45,4123,271,0,13.2,0.91,97,0.602,3.1,348.1
6/17/2024 10:00,4124,293,0,13.3,0.9,97,0.589,3.07,349.4
6/17/2024 10:15,4125,318,0,13.7,0.9,97,0.577,2.98,350.9
6/17/2024 10:30,4126,307,0,14,0.9,97,0.564,2.7,356.8
6/17/2024 10:45,4127,368,0,14.3,0.89,97,0.548,2.58,336.6
6/17/2024 11:00,4128,456,0,14.6,0.89,97,0.537,2.61,330.2
6/17/2024 11:15,4129,510,0,15.1,0.9,97,0.518,2.36,324.9
6/17/2024 11:30,4130,390,0,15.4,0.9,97,0.509,2.41,329.5
6/17/2024 11:45,4131,488,0,15.7,0.91,97,0.511,3.1,339.6
6/17/2024 12:00,4132,456,0,16,0.91,97,0.507,2.56,316.6
6/17/2024 12:15,4133,369,0,15.9,0.88,97,0.483,2.9,314.8
6/17/2024 12:30,4134,491,0,16.4,0.89,97,0.476,2.67,297.3
6/17/2024 12:45,4135,481,0,17,0.89,96.9,0.459,2.9,317.6
6/17/2024 13:00,4136,697,0,17.6,0.86,96.9,0.427,3.35,347.6
6/17/2024 13:15,4137,936,0,18.3,0.88,96.9,0.429,3.5,5.9
6/17/2024 13:30,4138,750,0,18.4,0.9,96.9,0.424,2.74,345.6
6/17/2024 13:45,4139,535,0,17.7,0.89,96.9,0.438,2.73,299.7
6/17/2024 14:00,4140,625,0,17.9,0.89,96.9,0.437,1.98,304.6
6/17/2024 14:15,4141,627,0,18.6,0.91,96.9,0.429,2.39,332.5
6/17/2024 14:30,4142,448,0,18.4,0.92,96.9,0.434,1.6,346.9
6/17/2024 14:45,4143,589,0,18.5,0.92,96.9,0.433,2.17,322.8
6/17/2024 15:00,4144,655,0,18.7,0.91,96.9,0.43,2.7,309.9
6/17/2024 15:15,4145,649,0,19,0.92,96.9,0.415,3.47,294.8
6/17/2024 15:30,4146,583,0,18.9,0.91,96.9,0.415,3.7,297.2
6/17/2024 15:45,4147,503,0,18.5,0.9,96.9,0.421,2.86,289.3
6/17/2024 16:00,4148,733,0,19.7,0.91,96.9,0.4,3.13,308.6
6/17/2024 16:15,4149,714,0,20,0.93,96.8,0.403,3.04,296.3
6/17/2024 16:30,4150,660,0,20.2,0.94,96.9,0.403,2.99,304.4
6/17/2024 16:45,4151,324,0,19.5,0.94,96.9,0.412,2.54,300
6/17/2024 17:00,4152,246,0,19.5,0.91,96.8,0.404,2.76,329.6
6/17/2024 17:15,4153,142,0,19.2,0.92,96.9,0.416,2.69,327.1
6/17/2024 17:30,4154,186,0,19.2,0.93,96.8,0.421,2.97,305.3
6/17/2024 17:45,4155,220,0,18.8,0.97,96.9,0.447,3.93,333.2
6/17/2024 18:00,4156,262,0,18,0.96,96.9,0.462,3.39,323.9
6/17/2024 18:15,4157,269,0,18,0.98,96.8,0.474,2.15,316.7
6/17/2024 18:30,4158,259,0,18,1,96.9,0.482,2.82,292.2
6/17/2024 18:45,4159,249,0,18.1,1.07,96.9,0.516,2.94,290.6
6/17/2024 19:00,4160,191,0,18.1,1.07,96.9,0.519,3.31,291.6
6/17/2024 19:15,4161,127,0,17.3,1.04,96.9,0.526,3.49,286.9
6/17/2024 19:30,4162,61,0,16.9,1.02,96.9,0.533,2.94,297.5
6/17/2024 19:45,4163,21,0,16.6,1.03,96.9,0.545,3.15,321.7
6/17/2024 20:00,4164,29,0,16.5,1.03,96.9,0.549,3.32,339.6
6/17/2024 20:15,4165,35,0,15.5,1.07,97,0.608,2.49,45.1
6/17/2024 20:30,4166,70,0,15.4,1.07,97,0.611,2.44,121.1
6/17/2024 20:45,4167,47,0,15,1.06,97,0.626,1.14,129.8
6/17/2024 21:00,4168,23,0,14.6,1.08,97,0.649,0.62,42
6/17/2024 21:15,4169,5,0,13.5,1.09,97,0.707,1.5,334.1
6/17/2024 21:30,4170,1,0,13.1,1.07,97,0.711,1.36,336.6
6/17/2024 21:45,4171,0,0,13.1,1.05,97,0.695,1.92,341.1
6/17/2024 22:00,4172,0,0,13.7,1,97.1,0.642,3.33,357.8
6/17/2024 22:15,4173,0,0,13.1,0.96,97.1,0.64,3.11,3.8
6/17/2024 22:30,4174,0,0,12.7,0.94,97.1,0.641,3.83,2.3
6/17/2024 22:45,4175,0,0,12.3,0.92,97.1,0.644,4.23,3.6
6/17/2024 23:00,4176,0,0,12.1,0.91,97.1,0.642,4.49,11.3
6/17/2024 23:15,4177,0,0,11.6,0.9,97.1,0.663,3.87,358.3
6/17/2024 23:30,4178,0,0,11.5,0.89,97.1,0.659,4.43,14.7
6/17/2024 23:45,4179,0,0,11.3,0.89,97.1,0.669,4.15,18.3
6/18/2024 0:00,4180,0,0,10.8,0.89,97.1,0.688,2.77,12.4
6/18/2024 0:15,4181,0,0,10.1,0.88,97.1,0.713,2.4,7.3
6/18/2024 0:30,4182,0,0,9.8,0.87,97.1,0.716,2.49,4.9
6/18/2024 0:45,4183,0,0,10,0.87,97.1,0.702,3.39,15.4
6/18/2024 1:00,4184,0,0,10,0.87,97.1,0.714,3.19,15.3
6/18/2024 1:15,4185,0,0,9.7,0.87,97.1,0.722,2.93,2
6/18/2024 1:30,4186,0,0,9.4,0.86,97.2,0.73,2.69,1.9
6/18/2024 1:45,4187,0,0,9.5,0.86,97.1,0.726,3,16.9
6/18/2024 2:00,4188,0,0,9.4,0.87,97.2,0.735,2.75,2.7
6/18/2024 2:15,4189,0,0,9.6,0.87,97.2,0.728,2.92,356.5
6/18/2024 2:30,4190,0,0,9.3,0.87,97.2,0.744,2.54,342
6/18/2024 2:45,4191,0,0,9.2,0.87,97.2,0.746,2.21,347.3
6/18/2024 3:00,4192,0,0,9.3,0.86,97.2,0.733,2.49,356.6
6/18/2024 3:15,4193,0,0,8.9,0.85,97.2,0.746,2.32,8.2
6/18/2024 3:30,4194,0,0,8.8,0.85,97.2,0.751,2.23,3
6/18/2024 3:45,4195,0,0,7.7,0.84,97.2,0.796,1.14,306.4
6/18/2024 4:00,4196,0,0,7.3,0.82,97.2,0.798,0.7,260.3
6/18/2024 4:15,4197,0,0,6.6,0.8,97.3,0.825,1.23,238.5
6/18/2024 4:30,4198,0,0,6.2,0.8,97.3,0.842,0.79,232.7
6/18/2024 4:45,4199,0,0,6.1,0.79,97.3,0.842,0.71,159.9
6/18/2024 5:00,4200,0,0,6,0.79,97.3,0.847,0.7,258.5
6/18/2024 5:15,4201,1,0,4.7,0.76,97.3,0.892,1.24,171.1
6/18/2024 5:30,4202,4,0,4.8,0.75,97.3,0.869,1,170.8
6/18/2024 5:45,4203,11,0,5.4,0.75,97.3,0.842,0.39,186.3
6/18/2024 6:00,4204,24,0,5.5,0.78,97.3,0.866,0.67,214.7
6/18/2024 6:15,4205,56,0,5.8,0.82,97.3,0.892,0.71,236.4
6/18/2024 6:30,4206,81,0,6.5,0.88,97.3,0.908,0.8,225
6/18/2024 6:45,4207,109,0,7.3,0.93,97.3,0.906,1.37,253.6
6/18/2024 7:00,4208,96,0,8,0.94,97.3,0.878,1.58,252.7
6/18/2024 7:15,4209,131,0,8.6,0.96,97.3,0.861,1.71,257
6/18/2024 7:30,4210,184,0,9,1,97.3,0.864,2.26,255.5
6/18/2024 7:45,4211,213,0,9.6,1.02,97.3,0.852,2.47,256.2
6/18/2024 8:00,4212,245,0,10.1,1.01,97.3,0.82,2.61,267.2
6/18/2024 8:15,4213,274,0,10.7,1.02,97.4,0.797,2.37,263.1
6/18/2024 8:30,4214,311,0,11.2,1.01,97.3,0.764,2.33,262.2
6/18/2024 8:45,4215,364,0,11.6,1.01,97.3,0.736,2.43,274.7
6/18/2024 9:00,4216,383,0,12.2,1.02,97.3,0.714,2.8,267.9
6/18/2024 9:15,4217,354,0,12.4,1.02,97.3,0.708,3.09,268.7
6/18/2024 9:30,4218,325,0,12.6,1.01,97.3,0.699,2.72,272.9
6/18/2024 9:45,4219,490,0,13.3,1.02,97.3,0.67,2.96,269.1
6/18/2024 10:00,4220,519,0,13.8,1.04,97.3,0.653,3.34,269.2
6/18/2024 10:15,4221,593,0,14.4,1.06,97.3,0.644,3.48,272.6
6/18/2024 10:30,4222,638,0,15.1,1.06,97.3,0.617,3.42,273.3
6/18/2024 10:45,4223,654,0,15.5,1.07,97.4,0.604,3.17,278.3
6/18/2024 11:00,4224,692,0,15.8,1.03,97.3,0.577,3.49,278.6
6/18/2024 11:15,4225,708,0,16.1,1.02,97.3,0.562,3.74,268.6
6/18/2024 11:30,4226,724,0,16.3,0.98,97.3,0.534,3.79,268.8
6/18/2024 11:45,4227,768,0,16.5,1,97.3,0.527,3.45,268.4
6/18/2024 12:00,4228,786,0,16.7,1.01,97.3,0.541,3.45,279.6
6/18/2024 12:15,4229,804,0,16.9,1,97.3,0.525,3.05,272.6
6/18/2024 12:30,4230,819,0,17.4,1.01,97.3,0.501,2.83,279.3
6/18/2024 12:45,4231,830,0,17.7,1.02,97.3,0.494,2.92,269.3
6/18/2024 13:00,4232,841,0,17.6,0.99,97.3,0.497,2.91,268.3
6/18/2024 13:15,4233,848,0,18.1,1.01,97.3,0.481,2.34,275.9
6/18/2024 13:30,4234,853,0,18.2,1,97.3,0.48,2.24,264.7
6/18/2024 13:45,4235,852,0,18.5,0.98,97.3,0.459,2.35,243.7
6/18/2024 14:00,4236,849,0,18.7,1,97.3,0.463,2.02,240.7
6/18/2024 14:15,4237,845,0,18.9,1,97.3,0.462,2.11,256.4
6/18/2024 14:30,4238,836,0,19,0.96,97.2,0.435,1.91,230
6/18/2024 14:45,4239,826,0,19.5,0.99,97.2,0.437,1.81,256.9
6/18/2024 15:00,4240,809,0,19.9,1.02,97.2,0.437,1.78,284.3
6/18/2024 15:15,4241,792,0,19.7,1.01,97.2,0.436,2,262.7
6/18/2024 15:30,4242,770,0,20.1,0.99,97.2,0.419,2.06,290.8
6/18/2024 15:45,4243,748,0,20.3,0.99,97.2,0.419,1.61,296.8
6/18/2024 16:00,4244,726,0,20.4,0.97,97.2,0.405,1.57,295.6
6/18/2024 16:15,4245,678,0,20.5,0.97,97.1,0.405,2.05,292.8
6/18/2024 16:30,4246,656,0,20.7,0.95,97.1,0.392,1.96,248.8
6/18/2024 16:45,4247,642,0,20.8,0.94,97.1,0.38,1.84,277.4
6/18/2024 17:00,4248,605,0,20.7,0.93,97.1,0.381,2.39,266.4
6/18/2024 17:15,4249,562,0,20.9,0.92,97.1,0.371,2.22,292
6/18/2024 17:30,4250,512,0,21,0.9,97.1,0.365,1.76,290.8
6/18/2024 17:45,4251,483,0,20.8,0.91,97.1,0.37,1.72,278.7
6/18/2024 18:00,4252,369,0,20.9,0.89,97.1,0.359,1.24,279.9
6/18/2024 18:15,4253,354,0,21.1,0.87,97.1,0.351,1.19,297.2
6/18/2024 18:30,4254,369,0,21.1,0.9,97.1,0.359,1.53,227.3
6/18/2024 18:45,4255,324,0,21,0.9,97.1,0.36,1.48,244.9
6/18/2024 19:00,4256,281,0,21.1,0.89,97.1,0.356,0.86,239.9
6/18/2024 19:15,4257,196,0,21.1,0.88,97.1,0.35,0.83,233.3
6/18/2024 19:30,4258,134,0,21.1,0.89,97.1,0.355,0.61,290.3
6/18/2024 19:45,4259,169,0,20.7,0.91,97.1,0.372,0.56,217.7
6/18/2024 20:00,4260,128,0,20.7,0.85,97.1,0.349,0.55,176.6
6/18/2024 20:15,4261,95,0,20.6,0.95,97.1,0.389,0.52,150.3
6/18/2024 20:30,4262,67,0,19.9,0.93,97.1,0.399,0.54,195.1
6/18/2024 20:45,4263,26,0,18.5,0.95,97.1,0.449,0.84,141.2
6/18/2024 21:00,4264,9,0,17.4,0.93,97.1,0.466,1.39,106.2
6/18/2024 21:15,4265,3,0,16.2,0.88,97.1,0.481,1.6,107.3
6/18/2024 21:30,4266,0,0,15.4,0.86,97.1,0.497,1.34,118.9
6/18/2024 21:45,4267,0,0,13.8,0.88,97.1,0.555,1.59,116.9
6/18/2024 22:00,4268,0,0,13.8,0.83,97.2,0.526,1.74,113.7
6/18/2024 22:15,4269,0,0,12,0.85,97.2,0.6,1.05,170.7
6/18/2024 22:30,4270,0,0,11.3,0.85,97.2,0.639,1.15,168.5
6/18/2024 22:45,4271,0,0,10.1,0.84,97.2,0.682,2.49,173.1
6/18/2024 23:00,4272,0,0,10.3,0.84,97.2,0.667,3,170.8
6/18/2024 23:15,4273,0,0,9.9,0.84,97.2,0.688,2.64,173.6
6/18/2024 23:30,4274,0,0,10.3,0.86,97.2,0.686,2.81,167.2
6/18/2024 23:45,4275,0,0,11.2,0.9,97.2,0.679,3.81,158.3
6/19/2024 0:00,4276,0,0,11.2,0.92,97.2,0.691,4.31,160.2
6/19/2024 0:15,4277,0,0,11.3,0.92,97.3,0.693,3.99,157.6
6/19/2024 0:30,4278,0,0,11.1,0.93,97.3,0.699,3.42,158.6
6/19/2024 0:45,4279,0,0,11.4,0.93,97.3,0.69,3.88,161.7
6/19/2024 1:00,4280,0,0,11.5,0.93,97.3,0.689,3.93,164.4
6/19/2024 1:15,4281,0,0,11.5,0.93,97.3,0.69,3.69,165.5
6/19/2024 1:30,4282,0,0,11.3,0.93,97.3,0.695,3.37,162.8
6/19/2024 1:45,4283,0,0,11,0.93,97.3,0.71,2.96,158.2
6/19/2024 2:00,4284,0,0,10.5,0.93,97.2,0.734,2.59,163.3
6/19/2024 2:15,4285,0,0,10.1,0.92,97.3,0.744,2.61,164.7
6/19/2024 2:30,4286,0,0,10,0.92,97.3,0.748,2.66,167.3
6/19/2024 2:45,4287,0,0,9.9,0.92,97.2,0.753,3.25,160.3
6/19/2024 3:00,4288,0,0,9.9,0.92,97.2,0.751,3.07,159.3
6/19/2024 3:15,4289,0,0,9.6,0.92,97.2,0.77,2.79,155.1
6/19/2024 3:30,4290,0,0,9,0.91,97.2,0.797,2.47,160.5
6/19/2024 3:45,4291,0,0,8.7,0.91,97.2,0.806,2.12,160.5
6/19/2024 4:00,4292,0,0,8.6,0.91,97.2,0.808,1.87,154.9
6/19/2024 4:15,4293,0,0,8.6,0.91,97.2,0.814,2.03,121.9
6/19/2024 4:30,4294,0,0,8.1,0.91,97.3,0.835,2.16,10.1
6/19/2024 4:45,4295,0,0,8.3,0.92,97.3,0.837,1.83,15.7
6/19/2024 5:00,4296,0,0,7.9,0.91,97.3,0.857,2.04,43.9
6/19/2024 5:15,4297,1,0,7.5,0.9,97.3,0.869,1.72,52.1
6/19/2024 5:30,4298,5,0,7.9,0.91,97.3,0.849,2.13,79.8
6/19/2024 5:45,4299,14,0,7.9,0.93,97.4,0.87,1.97,85
6/19/2024 6:00,4300,33,0,8.2,0.95,97.3,0.873,2.07,92.6
6/19/2024 6:15,4301,51,0,9,0.98,97.3,0.858,2.02,91.3
6/19/2024 6:30,4302,71,0,9.6,1,97.4,0.837,2.37,98.8
6/19/2024 6:45,4303,94,0,9.9,1.02,97.4,0.835,2.61,92.5
6/19/2024 7:00,4304,120,0,10.1,1.05,97.4,0.847,2.13,79
6/19/2024 7:15,4305,149,0,10.3,1.08,97.4,0.859,1.89,72.9
6/19/2024 7:30,4306,181,0,11.2,1.1,97.4,0.825,2.02,72.7
6/19/2024 7:45,4307,215,0,12,1.13,97.4,0.808,2.36,79.5
6/19/2024 8:00,4308,251,0,12.6,1.14,97.4,0.782,2.18,66.6
6/19/2024 8:15,4309,288,0,13,1.12,97.4,0.748,2.34,83.4
6/19/2024 8:30,4310,326,0,13.6,1.13,97.4,0.725,2.29,85.7
6/19/2024 8:45,4311,364,0,13.9,1.16,97.4,0.727,2.69,77
6/19/2024 9:00,4312,403,0,14.4,1.15,97.4,0.695,2.62,78.8
6/19/2024 9:15,4313,441,0,14.9,1.17,97.4,0.694,2.65,79.2
6/19/2024 9:30,4314,478,0,15.5,1.18,97.4,0.673,2.89,77.2
6/19/2024 9:45,4315,515,0,16,1.22,97.4,0.674,3.03,67.8
6/19/2024 10:00,4316,551,0,16.7,1.24,97.4,0.654,2.83,73.6
6/19/2024 10:15,4317,585,0,17.7,1.29,97.5,0.638,2.37,58.1
6/19/2024 10:30,4318,619,0,18.5,1.32,97.4,0.617,2.45,52.9
6/19/2024 10:45,4319,652,0,18.9,1.33,97.4,0.607,2.3,58
6/19/2024 11:00,4320,681,0,19.8,1.35,97.4,0.582,2.63,40.2
6/19/2024 11:15,4321,709,0,20.7,1.36,97.4,0.568,2.28,33.9
6/19/2024 11:30,4322,737,0,21,1.29,97.4,0.519,2.11,63.1
6/19/2024 11:45,4323,762,0,21.6,1.31,97.4,0.506,2.63,70.5
6/19/2024 12:00,4324,785,0,22.6,1.17,97.4,0.425,2.69,116.2
6/19/2024 12:15,4325,805,0,23.3,1.05,97.4,0.369,2.97,141.6
6/19/2024 12:30,4326,821,0,23.4,1.03,97.4,0.357,2.71,151.4
6/19/2024 12:45,4327,836,0,23.9,1.01,97.4,0.338,2.82,174.2
6/19/2024 13:00,4328,855,0,24.2,1.02,97.4,0.339,2.56,134.3
6/19/2024 13:15,4329,867,0,24.6,1,97.3,0.324,2.66,136.9
6/19/2024 13:30,4330,846,0,24.5,0.99,97.3,0.327,2.32,123
6/19/2024 13:45,4331,850,0,24.5,0.98,97.3,0.314,1.82,132.7
6/19/2024 14:00,4332,842,0,25,1.02,97.3,0.315,2.28,120.9
6/19/2024 14:15,4333,841,0,25,1.01,97.3,0.322,1.7,109.1
6/19/2024 14:30,4334,839,0,25.5,1,97.3,0.31,2.58,130.7
6/19/2024 14:45,4335,828,0,25.5,0.99,97.3,0.303,2.15,115.6
6/19/2024 15:00,4336,813,0,25.4,0.99,97.3,0.307,2.56,96.5
6/19/2024 15:15,4337,794,0,26,1,97.2,0.3,3.01,116.3
6/19/2024 15:30,4338,771,0,25.9,0.99,97.2,0.297,2.06,132.4
6/19/2024 15:45,4339,745,0,26.2,1,97.2,0.295,3.08,134.4
6/19/2024 16:00,4340,720,0,26.6,0.99,97.2,0.287,2.92,133.5
6/19/2024 16:15,4341,693,0,26.1,0.96,97.2,0.284,2.69,94.3
6/19/2024 16:30,4342,661,0,26.5,0.97,97.2,0.277,3.13,97.2
6/19/2024 16:45,4343,629,0,26.5,0.97,97.2,0.281,2.93,122
6/19/2024 17:00,4344,593,0,26.7,0.95,97.2,0.273,3.27,112.2
6/19/2024 17:15,4345,558,0,26.7,0.96,97.2,0.274,2.47,117.5
6/19/2024 17:30,4346,518,0,26.6,0.96,97.1,0.276,3.17,100.9
6/19/2024 17:45,4347,479,0,26.5,0.93,97.1,0.268,2.67,119.4
6/19/2024 18:00,4348,439,0,26.6,0.92,97.1,0.266,2.9,127.3
6/19/2024 18:15,4349,399,0,26.5,0.9,97.1,0.26,2.69,113.9
6/19/2024 18:30,4350,358,0,26.5,0.87,97.1,0.254,2.47,103
6/19/2024 18:45,4351,317,0,26.4,0.89,97.1,0.261,2.18,105
6/19/2024 19:00,4352,276,0,26.3,0.89,97.1,0.259,2.06,97.7
6/19/2024 19:15,4353,236,0,26,0.92,97.1,0.275,1.83,106.9
6/19/2024 19:30,4354,196,0,25.7,0.99,97.1,0.301,1.72,129.8
6/19/2024 19:45,4355,158,0,25,1.03,97.1,0.327,2.11,153.7
6/19/2024 20:00,4356,121,0,24.1,1.05,97.1,0.347,2.6,154.9
6/19/2024 20:15,4357,90,0,23.3,1.03,97.1,0.36,2.43,157.4
6/19/2024 20:30,4358,59,0,22.4,1.03,97.1,0.38,2.09,154.6
6/19/2024 20:45,4359,37,0,21.4,1.02,97.2,0.398,2.17,151.6
6/19/2024 21:00,4360,15,0,20.2,0.99,97.2,0.417,2.35,154.7
6/19/2024 21:15,4361,4,0,19.7,0.94,97.2,0.409,2.62,156.2
6/19/2024 21:30,4362,1,0,19.4,0.91,97.2,0.405,2.84,155.5
6/19/2024 21:45,4363,0,0,18.6,0.92,97.2,0.428,2.83,153.5
6/19/2024 22:00,4364,0,0,17.7,0.93,97.2,0.462,3.08,142.5
6/19/2024 22:15,4365,0,0,17.5,0.94,97.2,0.472,3.48,140.6
6/19/2024 22:30,4366,0,0,17.4,0.93,97.2,0.467,3.6,141.9
6/19/2024 22:45,4367,0,0,17.4,0.92,97.2,0.459,3.34,151.8
6/19/2024 23:00,4368,0,0,17.1,0.91,97.2,0.466,2.94,152.4
6/19/2024 23:15,4369,0,0,17.2,0.9,97.2,0.458,3.25,148.6
6/19/2024 23:30,4370,0,0,17,0.89,97.3,0.459,3.47,145.2
6/19/2024 23:45,4371,0,0,16.3,0.89,97.3,0.484,2.79,147.2
6/20/2024 0:00,4372,0,0,15.9,0.88,97.3,0.489,2.5,141.7
6/20/2024 0:15,4373,0,0,15.6,0.88,97.3,0.496,3.09,132.1
6/20/2024 0:30,4374,0,0,15.1,0.88,97.3,0.509,3.21,133.9
6/20/2024 0:45,4375,0,0,15.4,0.87,97.2,0.5,3.48,140.9
6/20/2024 1:00,4376,0,0,15.3,0.88,97.2,0.509,3.5,134
6/20/2024 1:15,4377,0,0,14.8,0.88,97.2,0.527,3.98,133.4
6/20/2024 1:30,4378,0,0,14.5,0.89,97.2,0.539,4.2,133.1
6/20/2024 1:45,4379,0,0,14.7,0.89,97.2,0.534,4.31,131.2
6/20/2024 2:00,4380,0,0,14.5,0.9,97.2,0.543,4.42,138.3
6/20/2024 2:15,4381,0,0,14.4,0.9,97.2,0.547,4.44,135
6/20/2024 2:30,4382,0,0,14.7,0.9,97.2,0.535,4.71,136.2
6/20/2024 2:45,4383,0,0,14.6,0.9,97.2,0.542,4.45,140.4
6/20/2024 3:00,4384,0,0,14.2,0.89,97.2,0.553,4.08,141.1
6/20/2024 3:15,4385,0,0,14.3,0.89,97.2,0.543,4.26,142.2
6/20/2024 3:30,4386,0,0,14.3,0.88,97.2,0.54,4.31,140.6
6/20/2024 3:45,4387,0,0,13.9,0.88,97.2,0.556,4.16,141.1
6/20/2024 4:00,4388,0,0,13.9,0.88,97.2,0.553,3.74,138.9
6/20/2024 4:15,4389,0,0,13.3,0.89,97.3,0.587,2.88,77.1
6/20/2024 4:30,4390,0,0,15.2,0.89,97.3,0.517,4.25,91.8
6/20/2024 4:45,4391,0,0,13.2,0.91,97.3,0.601,2.61,68.9
6/20/2024 5:00,4392,0,0,12.1,0.91,97.3,0.64,3.27,72.4
6/20/2024 5:15,4393,1,0,11.4,0.9,97.3,0.669,3.4,72.4
6/20/2024 5:30,4394,6,0,10.5,0.9,97.3,0.713,3.03,71.8
6/20/2024 5:45,4395,17,0,10.2,0.91,97.3,0.733,3.58,70.8
6/20/2024 6:00,4396,34,0,10.1,0.93,97.3,0.754,3.42,70.8
6/20/2024 6:15,4397,51,0,10.2,0.95,97.3,0.762,3.13,69.6
6/20/2024 6:30,4398,71,0,10.6,0.97,97.4,0.76,3.03,63.8
6/20/2024 6:45,4399,94,0,11.2,0.99,97.4,0.749,3.2,69.1
6/20/2024 7:00,4400,121,0,11.8,1.02,97.4,0.739,2.82,69.3
6/20/2024 7:15,4401,150,0,12.4,1.04,97.4,0.728,2.91,69.6
6/20/2024 7:30,4402,182,0,13,1.07,97.3,0.712,3.3,69.8
6/20/2024 7:45,4403,216,0,13.6,1.08,97.4,0.696,3.69,72.9
6/20/2024 8:00,4404,253,0,14.3,1.11,97.4,0.682,3.72,73.3
6/20/2024 8:15,4405,291,0,15.1,1.14,97.4,0.665,3.71,79.6
6/20/2024 8:30,4406,329,0,16,1.19,97.4,0.657,3.35,76.5
6/20/2024 8:45,4407,367,0,16.7,1.24,97.4,0.652,3.28,75.7
6/20/2024 9:00,4408,406,0,18.1,1.23,97.4,0.595,3.87,88
6/20/2024 9:15,4409,444,0,19.3,1.26,97.4,0.559,3.65,85.7
6/20/2024 9:30,4410,483,0,20.5,1.26,97.4,0.524,3.85,88.1
6/20/2024 9:45,4411,523,0,21.5,1.25,97.4,0.486,3.65,90.4
6/20/2024 10:00,4412,558,0,22.6,1.25,97.4,0.458,3.74,93.9
6/20/2024 10:15,4413,581,0,23,1.2,97.4,0.431,3.58,101.2
6/20/2024 10:30,4414,658,0,23.7,1.22,97.3,0.416,3.57,94.7
6/20/2024 10:45,4415,620,0,24.3,1.24,97.3,0.41,3.61,94.4
6/20/2024 11:00,4416,507,0,24.3,1.23,97.3,0.403,3.46,99.5
6/20/2024 11:15,4417,588,0,24.9,1.21,97.3,0.386,3.54,103
6/20/2024 11:30,4418,447,0,24.9,1.15,97.3,0.364,3.53,107.5
6/20/2024 11:45,4419,511,0,25.2,1.13,97.3,0.353,3.15,112
6/20/2024 12:00,4420,799,0,25.9,1.09,97.3,0.326,3.68,109.3
6/20/2024 12:15,4421,892,0,27,1.08,97.3,0.304,3.65,114.6
6/20/2024 12:30,4422,894,0,27.2,1.06,97.3,0.292,3.51,115
6/20/2024 12:45,4423,865,0,27.3,1.06,97.3,0.291,3.76,108
6/20/2024 13:00,4424,980,0,27.9,1,97.3,0.267,3.77,117.7
6/20/2024 13:15,4425,822,0,27.8,0.99,97.3,0.266,3.39,101.5
6/20/2024 13:30,4426,885,0,27.7,1,97.3,0.267,3.3,91.3
6/20/2024 13:45,4427,859,0,28.2,0.99,97.2,0.26,2.84,111.8
6/20/2024 14:00,4428,872,0,28.5,1,97.2,0.259,2.86,125.5
6/20/2024 14:15,4429,865,0,28.3,0.95,97.2,0.249,2.28,108
6/20/2024 14:30,4430,828,0,28.5,0.99,97.2,0.256,3.41,94.1
6/20/2024 14:45,4431,722,0,28.4,0.96,97.2,0.247,2.7,93
6/20/2024 15:00,4432,855,0,29,0.99,97.1,0.246,3.44,101
6/20/2024 15:15,4433,804,0,28.8,0.97,97.1,0.241,2.65,90
6/20/2024 15:30,4434,748,0,29.1,0.98,97.1,0.245,2.84,96.1
6/20/2024 15:45,4435,775,0,29.2,0.95,97.1,0.233,2.59,88.6
6/20/2024 16:00,4436,757,0,29.2,0.93,97.1,0.23,2.78,79.8
6/20/2024 16:15,4437,734,0,29.3,0.94,97.1,0.232,2.81,81
6/20/2024 16:30,4438,685,0,29.4,1,97.1,0.241,3.25,89
6/20/2024 16:45,4439,660,0,29.2,0.97,97.1,0.238,2.68,78.9
6/20/2024 17:00,4440,618,0,29.4,0.95,97.1,0.233,1.99,104.4
6/20/2024 17:15,4441,560,0,29.4,0.98,97.1,0.239,2.3,71.5
6/20/2024 17:30,4442,519,0,29.5,1.05,97.1,0.253,2.76,92.8
6/20/2024 17:45,4443,478,0,29.3,1.01,97,0.248,2.55,89.4
6/20/2024 18:00,4444,434,0,29.1,1.03,97,0.255,2.9,87.8
6/20/2024 18:15,4445,395,0,29,1.02,97,0.255,2.49,89.5
6/20/2024 18:30,4446,354,0,28.7,1.04,97,0.263,2.7,86.1
6/20/2024 18:45,4447,311,0,28.5,1.09,97,0.28,2.72,86.5
6/20/2024 19:00,4448,269,0,28.3,1.07,97,0.277,2.69,93.7
6/20/2024 19:15,4449,230,0,28,1.12,97,0.297,2.43,93.3
6/20/2024 19:30,4450,191,0,27.5,1.19,97,0.325,1.99,92.9
6/20/2024 19:45,4451,154,0,26.6,1.25,97,0.357,2.05,88.4
6/20/2024 20:00,4452,119,0,26.2,1.23,97,0.362,1.8,91.4
6/20/2024 20:15,4453,89,0,25.5,1.25,97,0.382,1.71,88.9
6/20/2024 20:30,4454,61,0,24.5,1.31,97,0.425,1.4,94.7
6/20/2024 20:45,4455,36,0,23.6,1.26,97,0.434,1.44,94.4
6/20/2024 21:00,4456,14,0,22.4,1.22,97,0.451,1.74,98.2
6/20/2024 21:15,4457,4,0,20.4,1.21,97,0.506,1.95,103.7
6/20/2024 21:30,4458,1,0,19.8,1.18,97.1,0.512,2.16,101.6
6/20/2024 21:45,4459,0,0,19.3,1.15,97.1,0.515,2.31,103.5
6/20/2024 22:00,4460,0,0,19.7,1.09,97.1,0.477,2.45,107.8
6/20/2024 22:15,4461,0,0,18.6,1.07,97.1,0.499,1.95,111.4
6/20/2024 22:30,4462,0,0,19,1,97.1,0.455,2.01,113.8
6/20/2024 22:45,4463,0,0,18,1.02,97.1,0.497,2.11,111.2
6/20/2024 23:00,4464,0,0,18.1,1,97.1,0.486,2.24,117.3
6/20/2024 23:15,4465,0,0,18.2,0.98,97.1,0.468,2.66,122.7
6/20/2024 23:30,4466,0,0,17.6,0.97,97.1,0.485,2.13,120.3
6/20/2024 23:45,4467,0,0,16.8,0.98,97.1,0.514,2.05,110.9
6/21/2024 0:00,4468,0,0,15.4,0.98,97.1,0.56,1.11,142.7
6/21/2024 0:15,4469,0,0,16.3,0.96,97.1,0.52,1.79,110.2
6/21/2024 0:30,4470,0,0,14.5,0.97,97.1,0.591,0.93,162.3
6/21/2024 0:45,4471,0,0,14.8,0.95,97.1,0.566,1.1,141.4
6/21/2024 1:00,4472,0,0,15.6,0.92,97.1,0.519,1.2,141.7
6/21/2024 1:15,4473,0,0,15.4,0.93,97.1,0.53,1.12,162.9
6/21/2024 1:30,4474,0,0,14.8,0.94,97.1,0.556,0.83,150.2
6/21/2024 1:45,4475,0,0,12.9,0.97,97.1,0.653,1.17,29.8
6/21/2024 2:00,4476,0,0,13,0.97,97.1,0.655,1.86,62.2
6/21/2024 2:15,4477,0,0,13.8,0.97,97,0.615,2.59,80
6/21/2024 2:30,4478,0,0,14,0.96,97,0.606,3.84,79.5
6/21/2024 2:45,4479,0,0,14.2,0.95,97.1,0.584,3.46,82.2
6/21/2024 3:00,4480,0,0,14.7,0.96,97.1,0.574,3.54,79.4
6/21/2024 3:15,4481,0,0,14.3,0.96,97.1,0.588,3.27,73.9
6/21/2024 3:30,4482,0,0,13.2,0.93,97.1,0.613,3.52,85
6/21/2024 3:45,4483,0,0,13.2,0.91,97.1,0.605,2.77,73.4
6/21/2024 4:00,4484,0,0,13.2,0.92,97.1,0.607,1.38,37.8
6/21/2024 4:15,4485,0,0,11.8,0.92,97.1,0.665,1.56,58
6/21/2024 4:30,4486,0,0,11.4,0.92,97.1,0.686,2.99,65.8
6/21/2024 4:45,4487,0,0,11.9,0.91,97.1,0.657,3.01,68
6/21/2024 5:00,4488,0,0,11.7,0.9,97.1,0.656,1.99,73.6
6/21/2024 5:15,4489,1,0,11.4,0.89,97.1,0.662,1.11,85.8
6/21/2024 5:30,4490,5,0,11,0.89,97.1,0.68,2.27,89.1
6/21/2024 5:45,4491,16,0,11.1,0.9,97.1,0.682,2.23,93.5
6/21/2024 6:00,4492,29,0,11.1,0.92,97.1,0.692,1.33,88.2
6/21/2024 6:15,4493,47,0,11.8,0.92,97.1,0.667,1.82,93.3
6/21/2024 6:30,4494,68,0,12.2,0.94,97.1,0.664,2,92.4
6/21/2024 6:45,4495,91,0,13.1,0.96,97.1,0.633,2.15,92.5
6/21/2024 7:00,4496,118,0,13.7,0.97,97.1,0.622,2.25,91.3
6/21/2024 7:15,4497,147,0,14.1,1,97.1,0.62,1.98,93.9
6/21/2024 7:30,4498,179,0,14.8,1.01,97.1,0.602,1.56,91.2
6/21/2024 7:45,4499,213,0,15.6,1.04,97.1,0.59,0.77,72.7
6/21/2024 8:00,4500,249,0,16.2,1.12,97.2,0.61,0.73,358.8
6/21/2024 8:15,4501,287,0,16.6,1.18,97.2,0.623,1.13,26.7
6/21/2024 8:30,4502,324,0,17.2,1.23,97.2,0.623,1.67,30.8
6/21/2024 8:45,4503,364,0,18.1,1.23,97.2,0.591,1.92,55.7
6/21/2024 9:00,4504,403,0,19.2,1.25,97.2,0.565,2.15,59.6
6/21/2024 9:15,4505,441,0,20.2,1.31,97.2,0.552,2.2,62.5
6/21/2024 9:30,4506,479,0,21.2,1.27,97.2,0.506,2.4,54.8
6/21/2024 9:45,4507,516,0,21.8,1.28,97.2,0.49,2.55,57.8
6/21/2024 10:00,4508,551,0,22.1,1.28,97.2,0.483,2.63,64
6/21/2024 10:15,4509,585,0,22.8,1.3,97.2,0.467,2.45,69.7
6/21/2024 10:30,4510,619,0,23.2,1.29,97.2,0.454,2.27,67.1
6/21/2024 10:45,4511,652,0,23.8,1.31,97.1,0.443,2.05,69.2
6/21/2024 11:00,4512,680,0,24.1,1.31,97.1,0.433,2.13,72.1
6/21/2024 11:15,4513,707,0,24.6,1.3,97.1,0.419,1.76,74.9
6/21/2024 11:30,4514,736,0,25.3,1.3,97.1,0.401,1.33,74
6/21/2024 11:45,4515,760,0,25.6,1.28,97.1,0.391,1.36,64.6
6/21/2024 12:00,4516,783,0,26.4,1.17,97.1,0.343,1.53,6.9
6/21/2024 12:15,4517,804,0,26.9,1.14,97.1,0.32,1.05,53
6/21/2024 12:30,4518,819,0,27,1.18,97.1,0.333,1.23,76.9
6/21/2024 12:45,4519,832,0,27.4,1.2,97.1,0.328,1.25,60.2
6/21/2024 13:00,4520,843,0,28.1,1.21,97.1,0.315,1.19,51.7
6/21/2024 13:15,4521,850,0,28.4,1.18,97.1,0.305,1.2,34.8
6/21/2024 13:30,4522,856,0,28.6,1.15,97.1,0.294,1.46,350.8
6/21/2024 13:45,4523,857,0,28.8,1.16,97.1,0.295,1.6,1.1
6/21/2024 14:00,4524,856,0,29.2,1.11,97.1,0.272,1.33,354.4
6/21/2024 14:15,4525,851,0,29.5,1.07,97,0.262,1.37,354.3
6/21/2024 14:30,4526,844,0,29.9,0.96,97,0.227,1.26,358.9
6/21/2024 14:45,4527,831,0,30.1,0.96,97,0.225,1.28,321.6
6/21/2024 15:00,4528,815,0,30.3,0.99,97,0.231,1.59,345.2
6/21/2024 15:15,4529,796,0,30.5,1.02,97,0.235,1.27,346.4
6/21/2024 15:30,4530,770,0,30.6,1.06,97,0.245,1.1,351.2
6/21/2024 15:45,4531,741,0,30.8,1.11,97,0.249,1.17,8.9
6/21/2024 16:00,4532,719,0,30.7,1.09,97,0.245,0.96,52.3
6/21/2024 16:15,4533,705,0,30.8,1.08,97,0.246,1.34,16.6
6/21/2024 16:30,4534,669,0,30.8,1.08,97,0.245,0.93,24.3
6/21/2024 16:45,4535,587,0,31,1.08,96.9,0.242,0.92,10.9
6/21/2024 17:00,4536,578,0,30.7,1.09,96.9,0.246,0.75,89
6/21/2024 17:15,4537,526,0,31.1,1.11,96.9,0.246,0.91,95.9
6/21/2024 17:30,4538,500,0,30.6,1.07,96.9,0.243,0.95,206
6/21/2024 17:45,4539,398,0,30.6,1.05,96.9,0.238,0.76,207.8
6/21/2024 18:00,4540,389,0,30.6,1.04,96.8,0.235,0.73,55.4
6/21/2024 18:15,4541,358,0,30.9,1.04,96.8,0.233,0.82,44.7
6/21/2024 18:30,4542,331,0,30.3,1.15,96.8,0.266,1.03,235.8
6/21/2024 18:45,4543,281,0,30.3,1.17,96.8,0.272,0.91,260.5
6/21/2024 19:00,4544,260,0,30.2,1.17,96.8,0.274,0.8,253.3
6/21/2024 19:15,4545,262,0,29.8,1.43,96.8,0.342,0.81,258.3
6/21/2024 19:30,4546,200,0,30,1.29,96.8,0.305,0.76,240.5
6/21/2024 19:45,4547,158,0,29.4,1.36,96.8,0.333,0.85,229.4
6/21/2024 20:00,4548,121,0,28.7,1.38,96.8,0.35,0.7,223.6
6/21/2024 20:15,4549,87,0,27.8,1.51,96.8,0.403,0.69,240.8
6/21/2024 20:30,4550,56,0,27.4,1.31,96.8,0.357,0.54,239.9
6/21/2024 20:45,4551,34,0,26.5,1.35,96.8,0.391,0.47,189.5
6/21/2024 21:00,4552,12,0,24.9,1.34,96.8,0.427,0.46,145.8
6/21/2024 21:15,4553,3,0,23.9,1.29,96.8,0.435,0.56,152.9
6/21/2024 21:30,4554,0,0,22.8,1.22,96.8,0.441,0.75,130.6
6/21/2024 21:45,4555,0,0,21.9,1.17,96.8,0.445,0.74,122.7
6/21/2024 22:00,4556,0,0,21.4,1.11,96.8,0.436,0.64,150.2
6/21/2024 22:15,4557,0,0,20.2,1.15,96.8,0.485,0.63,142.1
6/21/2024 22:30,4558,0,0,20,1.07,96.8,0.458,0.74,141.8
6/21/2024 22:45,4559,0,0,20.1,1.01,96.8,0.426,0.72,141.1
6/21/2024 23:00,4560,0,0,20.8,0.94,96.8,0.385,0.7,148.1
6/21/2024 23:15,4561,0,0,19.4,0.99,96.8,0.441,0.69,142.7
6/21/2024 23:30,4562,0,0,19.3,0.99,96.8,0.441,0.79,127.6
6/21/2024 23:45,4563,0,0,18.7,0.98,96.8,0.457,0.55,149.1
6/22/2024 0:00,4564,0,0,17.4,1.07,96.8,0.539,0.71,138.8
6/22/2024 0:15,4565,0,0,18,1.01,96.9,0.49,0.6,125
6/22/2024 0:30,4566,0,0,15.6,1.11,96.9,0.628,0.66,162.1
6/22/2024 0:45,4567,0,0,16.2,1.06,96.8,0.574,0.72,134.6
6/22/2024 1:00,4568,0,0,16.6,1.01,96.8,0.536,0.76,158
6/22/2024 1:15,4569,0,0,16.5,0.98,96.8,0.525,0.71,140.4
6/22/2024 1:30,4570,0,0,14.7,1.01,96.8,0.608,1.13,169.7
6/22/2024 1:45,4571,0,0,13.4,1.01,96.8,0.66,1.51,169
6/22/2024 2:00,4572,0,0,13.2,0.99,96.8,0.654,1.09,163.5
6/22/2024 2:15,4573,0,0,13.4,0.97,96.8,0.632,1.16,167.7
6/22/2024 2:30,4574,0,0,14,0.96,96.8,0.605,1.03,161.1
6/22/2024 2:45,4575,0,0,14.8,0.93,96.8,0.557,0.97,150.3
6/22/2024 3:00,4576,0,0,16.4,0.88,96.9,0.474,1.11,126.7
6/22/2024 3:15,4577,0,0,17.3,0.87,96.9,0.441,1.48,108
6/22/2024 3:30,4578,0,0,17.6,0.85,96.8,0.419,1.18,121.6
6/22/2024 3:45,4579,0,0,13.8,0.98,96.8,0.624,1.14,168.6
6/22/2024 4:00,4580,0,0,14.1,0.93,96.8,0.582,0.91,141.1
6/22/2024 4:15,4581,0,0,14,0.92,96.8,0.575,0.79,157.1
6/22/2024 4:30,4582,0,0,12.5,0.97,96.8,0.668,1,163.3
6/22/2024 4:45,4583,0,0,12.4,0.97,96.8,0.672,0.83,179.4
6/22/2024 5:00,4584,0,0,11.9,0.96,96.8,0.688,1.05,172
6/22/2024 5:15,4585,1,0,12,0.95,96.8,0.676,1.21,168.2
6/22/2024 5:30,4586,4,0,11.7,0.94,96.8,0.679,1.21,169.6
6/22/2024 5:45,4587,10,0,11.3,0.94,96.9,0.703,1.25,168.3
6/22/2024 6:00,4588,17,0,11.1,0.96,96.8,0.728,1.18,165.6
6/22/2024 6:15,4589,28,0,11.4,0.97,96.9,0.72,1.34,168.4
6/22/2024 6:30,4590,43,0,12.1,0.98,96.8,0.695,1.44,174.2
6/22/2024 6:45,4591,56,0,12.9,1.03,96.8,0.692,1.21,181.1
6/22/2024 7:00,4592,57,0,13.3,1.06,96.9,0.693,1.32,180.7
6/22/2024 7:15,4593,152,0,14.6,1.11,96.8,0.673,1.57,172.6
6/22/2024 7:30,4594,187,0,16.4,1.17,96.9,0.627,1.56,183.5
6/22/2024 7:45,4595,280,0,18,1.24,96.9,0.603,1.57,199.8
6/22/2024 8:00,4596,181,0,18.8,1.28,96.9,0.586,1.54,203
6/22/2024 8:15,4597,237,0,19.5,1.29,96.9,0.57,1.38,205.8
6/22/2024 8:30,4598,207,0,20.2,1.28,96.9,0.538,1.43,243.4
6/22/2024 8:45,4599,222,0,20.4,1.27,96.9,0.533,1.44,252.4
6/22/2024 9:00,4600,271,0,20.7,1.29,96.9,0.528,1.62,246.4
6/22/2024 9:15,4601,271,0,21,1.31,96.9,0.531,1.34,246.3
6/22/2024 9:30,4602,261,0,21.4,1.32,96.9,0.52,1.28,230
6/22/2024 9:45,4603,443,0,22.3,1.29,96.9,0.482,1.38,228.5
6/22/2024 10:00,4604,357,0,22.6,1.28,96.9,0.464,1.19,241.5
6/22/2024 10:15,4605,386,0,23.2,1.31,96.9,0.462,1.16,219.6
6/22/2024 10:30,4606,403,0,23.7,1.36,96.9,0.463,1.03,230.3
6/22/2024 10:45,4607,566,0,24.6,1.27,96.8,0.411,1.21,217.5
6/22/2024 11:00,4608,692,0,25.6,1.32,96.8,0.398,1.13,238
6/22/2024 11:15,4609,688,0,26.5,1.36,96.8,0.39,0.97,248
6/22/2024 11:30,4610,727,0,27,1.36,96.8,0.385,1.48,272.7
6/22/2024 11:45,4611,699,0,27,1.43,96.8,0.399,1.38,257.7
6/22/2024 12:00,4612,781,0,28,1.45,96.8,0.387,1.51,322.2
6/22/2024 12:15,4613,813,0,28.3,1.5,96.8,0.389,1.41,285.3
6/22/2024 12:30,4614,729,0,28.5,1.52,96.8,0.386,2.16,308.8
6/22/2024 12:45,4615,616,0,28.4,1.42,96.8,0.368,1.87,301.1
6/22/2024 13:00,4616,868,0,29.4,1.38,96.8,0.34,1.68,317.9
6/22/2024 13:15,4617,843,0,29.8,1.36,96.8,0.325,1.74,309.4
6/22/2024 13:30,4618,766,0,30.2,1.39,96.8,0.327,1.69,300.9
6/22/2024 13:45,4619,830,0,30.3,1.35,96.8,0.312,1.35,290.3
6/22/2024 14:00,4620,818,0,30.8,1.33,96.7,0.3,1.72,292.7
6/22/2024 14:15,4621,777,0,31.2,1.33,96.7,0.293,2.18,321
6/22/2024 14:30,4622,600,0,30.8,1.3,96.7,0.292,2.11,286.9
6/22/2024 14:45,4623,609,0,31.1,1.3,96.7,0.288,1.9,287.9
6/22/2024 15:00,4624,614,0,31.2,1.19,96.7,0.26,2.17,284.2
6/22/2024 15:15,4625,631,0,31.6,1.22,96.7,0.261,2.43,297.1
6/22/2024 15:30,4626,461,0,31.3,1.3,96.7,0.285,2.13,282.3
6/22/2024 15:45,4627,421,0,31.1,1.22,96.6,0.272,2.37,291.5
6/22/2024 16:00,4628,293,0,30.9,1.17,96.6,0.264,1.89,312.6
6/22/2024 16:15,4629,304,0,30.6,1.19,96.6,0.271,1.9,295.6
6/22/2024 16:30,4630,444,0,30.6,1.23,96.6,0.282,1.92,288.8
6/22/2024 16:45,4631,754,0,31.4,1.31,96.6,0.287,1.74,259.3
6/22/2024 17:00,4632,651,0,31.8,1.3,96.6,0.278,1.78,268.8
6/22/2024 17:15,4633,631,0,32,1.33,96.5,0.277,1.9,272.4
6/22/2024 17:30,4634,560,0,32,1.35,96.5,0.284,1.75,274.9
6/22/2024 17:45,4635,314,0,31.4,1.38,96.5,0.301,1.98,279.4
6/22/2024 18:00,4636,457,0,31.7,1.41,96.5,0.303,1.39,278.5
6/22/2024 18:15,4637,505,0,32,1.4,96.5,0.296,2.43,269.1
6/22/2024 18:30,4638,408,0,31.6,1.42,96.4,0.307,2.62,270.9
6/22/2024 18:45,4639,338,0,31.3,1.5,96.4,0.329,2.03,266.9
6/22/2024 19:00,4640,226,0,30.7,1.58,96.4,0.358,2.02,264.7
6/22/2024 19:15,4641,203,0,29.5,1.77,96.4,0.43,1.49,262.8
6/22/2024 19:30,4642,195,0,29.6,1.7,96.4,0.412,1.81,264.6
6/22/2024 19:45,4643,147,0,28.9,1.74,96.4,0.436,1.54,265.3
6/22/2024 20:00,4644,104,0,27.8,1.75,96.4,0.47,1.56,262
6/22/2024 20:15,4645,49,0,26.8,1.67,96.4,0.473,1.21,260
6/22/2024 20:30,4646,23,0,26.1,1.54,96.4,0.459,0.6,228.7
6/22/2024 20:45,4647,17,0,26.1,1.46,96.4,0.431,0.37,174.5
6/22/2024 21:00,4648,13,0,26.1,1.35,96.4,0.402,1.46,309.1
6/22/2024 21:15,4649,4,0,24.8,1.37,96.4,0.439,1.13,315.8
6/22/2024 21:30,4650,1,0,24.1,1.33,96.4,0.441,1.28,303.6
6/22/2024 21:45,4651,0,0,24.1,1.27,96.4,0.426,1.93,298.5
6/22/2024 22:00,4652,0,0,23.2,1.31,96.4,0.462,1.91,15.8
6/22/2024 22:15,4653,0,0,22.2,1.25,96.4,0.469,1.61,19.1
6/22/2024 22:30,4654,0,0,20.3,1.25,96.5,0.526,0.47,353.7
6/22/2024 22:45,4655,0,0,20.5,1.18,96.5,0.487,2.1,4.7
6/22/2024 23:00,4656,0,0,21.2,1.12,96.5,0.444,3.16,355.7
6/22/2024 23:15,4657,0,0,21.7,1.12,96.5,0.432,3.41,350.6
6/22/2024 23:30,4658,0,0,21,1.12,96.5,0.45,3,352.7
6/22/2024 23:45,4659,0,0,20.4,1.11,96.5,0.465,2.67,1.6
6/23/2024 0:00,4660,0,0,19.2,1.13,96.5,0.508,2.07,0.8
6/23/2024 0:15,4661,0,0,19.4,1.11,96.6,0.495,2.47,5.5
6/23/2024 0:30,4662,0,0,19.3,1.11,96.6,0.497,2.59,2
6/23/2024 0:45,4663,0,0,19.3,1.11,96.6,0.496,2.3,354.8
6/23/2024 1:00,4664,0,0,19.3,1.1,96.6,0.491,2.46,350.7
6/23/2024 1:15,4665,0,0,18.7,1.11,96.6,0.514,1.98,350.5
6/23/2024 1:30,4666,0,0,18.3,1.13,96.6,0.538,1.98,353.3
6/23/2024 1:45,4667,0,0,17.7,1.17,96.7,0.583,1.68,1.8
6/23/2024 2:00,4668,0,0,17.5,1.19,96.7,0.594,1.71,353.3
6/23/2024 2:15,4669,0,0,18.2,1.2,96.7,0.577,2.81,358.6
6/23/2024 2:30,4670,0,0,18.3,1.22,96.7,0.576,2.76,4.1
6/23/2024 2:45,4671,0,0,18,1.22,96.7,0.591,2.18,359.1
6/23/2024 3:00,4672,0,0,17.7,1.2,96.7,0.599,1.83,355.5
6/23/2024 3:15,4673,0,0,17.5,1.2,96.8,0.602,2.16,354.6
6/23/2024 3:30,4674,0,0,16.9,1.21,96.8,0.625,1.87,353.9
6/23/2024 3:45,4675,0,0,16.7,1.2,96.8,0.635,2.38,359.5
6/23/2024 4:00,4676,0,0,16,1.22,96.8,0.668,1.92,353.2
6/23/2024 4:15,4677,0,0,15.7,1.21,96.8,0.682,1.66,337.4
6/23/2024 4:30,4678,0,0,14.2,1.17,96.8,0.72,1.2,289
6/23/2024 4:45,4679,0,0,14.5,1.15,96.8,0.693,1.33,297.4
6/23/2024 5:00,4680,0,0,14.2,1.18,96.8,0.732,1.19,320.3
6/23/2024 5:15,4681,1,0,14.2,1.19,96.8,0.734,1.26,324.8
6/23/2024 5:30,4682,5,0,13.9,1.2,96.8,0.75,1.26,327.3
6/23/2024 5:45,4683,17,0,14.3,1.22,96.8,0.753,1.1,282.4
6/23/2024 6:00,4684,33,0,14.5,1.24,96.9,0.75,1.15,284.9
6/23/2024 6:15,4685,50,0,15.3,1.27,96.9,0.733,1.51,294.4
6/23/2024 6:30,4686,70,0,15.8,1.31,96.9,0.731,1.69,300.3
6/23/2024 6:45,4687,94,0,16.2,1.35,96.9,0.733,1.78,318.5
6/23/2024 7:00,4688,120,0,16.7,1.37,96.9,0.723,2.04,297.8
6/23/2024 7:15,4689,150,0,17.5,1.38,96.9,0.689,2.31,309.5
6/23/2024 7:30,4690,182,0,18.1,1.39,96.9,0.671,2.38,312.1
6/23/2024 7:45,4691,216,0,18.3,1.44,96.9,0.682,2.42,303.6
6/23/2024 8:00,4692,253,0,18.8,1.45,96.9,0.674,2.26,295.6
6/23/2024 8:15,4693,290,0,19.2,1.47,96.9,0.658,2.44,285.6
6/23/2024 8:30,4694,327,0,19.7,1.48,96.9,0.647,2.53,293.7
6/23/2024 8:45,4695,365,0,20.2,1.46,96.9,0.619,2.47,306.6
6/23/2024 9:00,4696,402,0,20.4,1.4,96.9,0.581,2.81,310
6/23/2024 9:15,4697,438,0,20.7,1.4,96.9,0.574,2.47,299.1
6/23/2024 9:30,4698,474,0,21.3,1.39,96.9,0.553,2.6,323.2
6/23/2024 9:45,4699,513,0,21.4,1.36,96.9,0.533,3,300.9
6/23/2024 10:00,4700,554,0,21.6,1.35,97,0.523,3.28,304
6/23/2024 10:15,4701,590,0,22,1.34,97,0.509,2.86,304.7
6/23/2024 10:30,4702,606,0,22.1,1.34,97,0.503,2.71,314.4
6/23/2024 10:45,4703,621,0,22.2,1.34,97,0.495,2.94,329.2
6/23/2024 11:00,4704,699,0,22.3,1.34,97,0.502,2.22,337.6
6/23/2024 11:15,4705,695,0,23,1.37,97,0.488,2.61,337.8
6/23/2024 11:30,4706,746,0,23.1,1.36,97,0.48,3.06,331.1
6/23/2024 11:45,4707,773,0,23.3,1.33,97,0.47,2.59,334.6
6/23/2024 12:00,4708,811,0,23.3,1.33,97,0.468,2.48,327.6
6/23/2024 12:15,4709,853,0,23.7,1.36,96.9,0.465,2.93,319.9
6/23/2024 12:30,4710,819,0,24,1.35,96.9,0.452,2.42,0.7
6/23/2024 12:45,4711,831,0,24.1,1.35,96.9,0.452,2.44,330.9
6/23/2024 13:00,4712,884,0,24.5,1.37,96.9,0.449,2.26,328.8
6/23/2024 13:15,4713,770,0,24.7,1.39,96.9,0.449,3.22,328.6
6/23/2024 13:30,4714,836,0,24.9,1.36,96.9,0.43,2.41,328.5
6/23/2024 13:45,4715,743,0,25.2,1.36,96.9,0.428,2.63,329
6/23/2024 14:00,4716,453,0,24.6,1.33,96.9,0.428,2.13,328.6
6/23/2024 14:15,4717,607,0,24.7,1.29,96.9,0.409,1.49,39.8
6/23/2024 14:30,4718,478,0,24.9,1.31,96.9,0.417,1.86,34.9
6/23/2024 14:45,4719,535,0,25,1.25,96.9,0.397,2.5,32.3
6/23/2024 15:00,4720,795,0,25.3,1.24,96.9,0.383,2.67,46
6/23/2024 15:15,4721,817,0,25.3,1.17,96.9,0.36,3.04,63.3
6/23/2024 15:30,4722,785,0,25.7,1.18,96.9,0.357,2.52,40.3
6/23/2024 15:45,4723,752,0,26,1.21,96.9,0.363,2.56,4
6/23/2024 16:00,4724,724,0,26.4,1.21,96.9,0.352,2.72,6.1
6/23/2024 16:15,4725,692,0,26.3,1.18,96.9,0.347,2.05,14.1
6/23/2024 16:30,4726,659,0,26.5,1.16,96.8,0.334,0.98,58.5
6/23/2024 16:45,4727,626,0,26.4,1.17,96.8,0.342,1.43,335.4
6/23/2024 17:00,4728,593,0,27.1,1.17,96.8,0.324,3.4,335.2
6/23/2024 17:15,4729,554,0,26.6,1.17,96.8,0.337,3.83,358.1
6/23/2024 17:30,4730,516,0,26.1,1.2,96.8,0.359,4.09,13.7
6/23/2024 17:45,4731,479,0,25.6,1.21,96.8,0.371,4.37,13.5
6/23/2024 18:00,4732,439,0,25.2,1.19,96.8,0.373,4.71,14.8
6/23/2024 18:15,4733,399,0,24.9,1.18,96.8,0.373,4.63,17.9
6/23/2024 18:30,4734,358,0,24.5,1.19,96.8,0.385,4.89,12.4
6/23/2024 18:45,4735,316,0,24.1,1.16,96.8,0.385,5.21,9.6
6/23/2024 19:00,4736,275,0,23.5,1.17,96.8,0.404,5.11,7.5
6/23/2024 19:15,4737,235,0,23,1.16,96.8,0.413,4.76,5.9
6/23/2024 19:30,4738,195,0,22.3,1.12,96.9,0.417,5,6.7
6/23/2024 19:45,4739,157,0,21.6,1.08,96.9,0.421,5.67,8.6
6/23/2024 20:00,4740,122,0,20.8,1.05,96.9,0.427,5.59,6.6
6/23/2024 20:15,4741,91,0,20.2,1.03,96.9,0.436,4.82,6.9
6/23/2024 20:30,4742,62,0,19.6,1.03,96.9,0.451,4.74,8.6
6/23/2024 20:45,4743,37,0,18.8,1.04,96.9,0.48,4.3,10.8
6/23/2024 21:00,4744,18,0,18.1,1.04,97,0.499,3.56,13.1
6/23/2024 21:15,4745,5,0,17.3,1.03,97,0.523,3.07,17.2
6/23/2024 21:30,4746,1,0,16.9,1.02,97,0.529,4.3,13.9
6/23/2024 21:45,4747,0,0,16.5,1,97,0.533,3.9,18.6
6/23/2024 22:00,4748,0,0,16.3,0.98,97.1,0.534,3.56,35.8
6/23/2024 22:15,4749,0,0,15.5,0.98,97.1,0.557,3,26.6
6/23/2024 22:30,4750,0,0,15.1,0.97,97.1,0.569,3.43,12.1
6/23/2024 22:45,4751,0,0,14.9,0.96,97.1,0.568,2.71,22.4
6/23/2024 23:00,4752,0,0,14.4,0.95,97.1,0.581,2.58,12.8
6/23/2024 23:15,4753,0,0,13.6,0.97,97.1,0.621,2.32,8.8
6/23/2024 23:30,4754,0,0,13.5,0.96,97.2,0.623,2.16,18.6
6/23/2024 23:45,4755,0,0,12.6,0.97,97.2,0.667,2.06,11.1
6/24/2024 0:00,4756,0,0,12,0.97,97.2,0.69,1.85,354.7
6/24/2024 0:15,4757,0,0,12.2,0.96,97.2,0.681,1.86,348
6/24/2024 0:30,4758,0,0,12.1,0.97,97.2,0.688,2.84,347.2
6/24/2024 0:45,4759,0,0,11.2,0.98,97.2,0.736,2.47,343.3
6/24/2024 1:00,4760,0,0,11,0.97,97.2,0.746,2.38,337.6
6/24/2024 1:15,4761,0,0,10.7,0.97,97.2,0.757,1.92,340.5
6/24/2024 1:30,4762,0,0,11.3,0.97,97.2,0.729,2.17,346.1
6/24/2024 1:45,4763,0,0,11.8,0.98,97.2,0.707,2.05,356.5
6/24/2024 2:00,4764,0,0,11.5,0.97,97.2,0.717,1.72,2
6/24/2024 2:15,4765,0,0,11,0.97,97.3,0.739,1.55,7.7
6/24/2024 2:30,4766,0,0,10.5,0.97,97.3,0.762,1.59,336.2
6/24/2024 2:45,4767,0,0,10.6,0.96,97.3,0.746,1.26,307.3
6/24/2024 3:00,4768,0,0,9.9,0.94,97.3,0.766,0.54,215.3
6/24/2024 3:15,4769,0,0,9.1,0.92,97.3,0.796,0.93,138.4
6/24/2024 3:30,4770,0,0,8.2,0.9,97.3,0.829,1.32,142.1
6/24/2024 3:45,4771,0,0,8.9,0.91,97.3,0.804,0.73,226
6/24/2024 4:00,4772,0,0,8.4,0.91,97.3,0.828,0.69,207.4
6/24/2024 4:15,4773,0,0,8.5,0.91,97.3,0.822,0.84,114.6
6/24/2024 4:30,4774,0,0,9,0.93,97.3,0.811,0.43,121.4
6/24/2024 4:45,4775,0,0,9.1,0.94,97.3,0.818,0.35,134.7
6/24/2024 5:00,4776,0,0,7.9,0.93,97.3,0.87,0.88,160
6/24/2024 5:15,4777,1,0,6.4,0.86,97.3,0.898,0.85,171.4
6/24/2024 5:30,4778,5,0,6.4,0.84,97.4,0.881,1.08,146.3
6/24/2024 5:45,4779,21,0,7,0.87,97.4,0.867,0.9,142.1
6/24/2024 6:00,4780,41,0,8.4,0.93,97.4,0.848,0.73,124.6
6/24/2024 6:15,4781,61,0,9.5,1,97.4,0.847,0.55,143.5
6/24/2024 6:30,4782,84,0,8.9,1.03,97.4,0.904,0.67,183.4
6/24/2024 6:45,4783,110,0,9.6,1.06,97.4,0.887,0.82,186.3
6/24/2024 7:00,4784,133,0,11.1,1.11,97.4,0.846,0.85,201.2
6/24/2024 7:15,4785,156,0,12,1.18,97.4,0.84,1.42,247.7
6/24/2024 7:30,4786,183,0,12.9,1.2,97.4,0.805,1.47,257.6
6/24/2024 7:45,4787,216,0,13.6,1.2,97.4,0.765,1.77,258.7
6/24/2024 8:00,4788,252,0,13.9,1.16,97.4,0.727,2.05,262.4
6/24/2024 8:15,4789,290,0,14.6,1.14,97.4,0.69,1.71,283.4
6/24/2024 8:30,4790,328,0,14.9,1.13,97.4,0.673,1.87,288.9
6/24/2024 8:45,4791,367,0,15.3,1.14,97.4,0.652,1.88,287
6/24/2024 9:00,4792,406,0,15.8,1.16,97.4,0.642,1.67,285.5
6/24/2024 9:15,4793,448,0,16.4,1.16,97.4,0.625,1.35,301.7
6/24/2024 9:30,4794,475,0,16.7,1.17,97.4,0.612,1.48,277.7
6/24/2024 9:45,4795,518,0,17.4,1.15,97.4,0.581,1.4,284.2
6/24/2024 10:00,4796,522,0,17.9,1.12,97.4,0.547,1.44,307.3
6/24/2024 10:15,4797,577,0,18.2,1.07,97.4,0.514,1.15,329.2
6/24/2024 10:30,4798,621,0,18.6,1.07,97.4,0.5,1.29,303.7
6/24/2024 10:45,4799,637,0,18.9,1.08,97.4,0.495,1.25,332.9
6/24/2024 11:00,4800,689,0,19,1.1,97.4,0.498,1.36,253.4
6/24/2024 11:15,4801,719,0,19.6,1.08,97.4,0.479,1.07,227.6
6/24/2024 11:30,4802,740,0,19.8,1.07,97.4,0.463,1.41,337.8
6/24/2024 11:45,4803,767,0,20,1.08,97.4,0.465,1.59,344
6/24/2024 12:00,4804,786,0,20.1,1.09,97.4,0.465,1.71,352.2
6/24/2024 12:15,4805,805,0,20.3,1.13,97.4,0.478,1.58,37.6
6/24/2024 12:30,4806,824,0,20.6,1.13,97.3,0.459,1.79,279.3
6/24/2024 12:45,4807,837,0,20.5,1.12,97.3,0.463,1.69,303.5
6/24/2024 13:00,4808,846,0,20.7,1.1,97.3,0.449,1.13,204.9
6/24/2024 13:15,4809,854,0,21.4,1.12,97.3,0.447,1.61,272.3
6/24/2024 13:30,4810,856,0,21.7,1.13,97.3,0.441,1.85,314.5
6/24/2024 13:45,4811,857,0,22.1,1.16,97.3,0.438,1.53,308.4
6/24/2024 14:00,4812,855,0,21.9,1.15,97.3,0.44,1.77,351.8
6/24/2024 14:15,4813,849,0,21.8,1.13,97.3,0.434,1.18,128
6/24/2024 14:30,4814,841,0,22.9,1.15,97.3,0.413,1.44,289.6
6/24/2024 14:45,4815,829,0,22.7,1.13,97.3,0.413,1.27,255.7
6/24/2024 15:00,4816,813,0,23.2,1.15,97.2,0.405,1.08,171.2
6/24/2024 15:15,4817,795,0,23.2,1.14,97.2,0.404,0.92,173.5
6/24/2024 15:30,4818,774,0,23.6,1.13,97.2,0.387,1.17,159.6
6/24/2024 15:45,4819,750,0,23.5,1.1,97.2,0.379,1.25,134.5
6/24/2024 16:00,4820,724,0,23.9,1.08,97.2,0.365,1.15,151.9
6/24/2024 16:15,4821,695,0,24.2,1.09,97.2,0.362,1.24,216.3
6/24/2024 16:30,4822,665,0,24.4,1.1,97.1,0.363,1.15,189.6
6/24/2024 16:45,4823,632,0,24.4,1.11,97.1,0.364,1.11,232.9
6/24/2024 17:00,4824,598,0,24.7,1.11,97.1,0.358,1.27,205.3
6/24/2024 17:15,4825,561,0,24.9,1.1,97.1,0.348,0.94,260.5
6/24/2024 17:30,4826,523,0,24.8,1.1,97.1,0.351,1.19,256.6
6/24/2024 17:45,4827,482,0,25.2,1.09,97.1,0.34,0.71,269.3
6/24/2024 18:00,4828,441,0,25.3,1.1,97.1,0.344,0.88,161.3
6/24/2024 18:15,4829,402,0,25.6,1.07,97,0.328,0.48,259.9
6/24/2024 18:30,4830,360,0,26.1,1.09,97,0.326,0.55,281.4
6/24/2024 18:45,4831,321,0,25.8,1.09,97,0.327,0.6,235.6
6/24/2024 19:00,4832,283,0,26.1,1.12,97,0.332,0.7,37.4
6/24/2024 19:15,4833,240,0,25.6,1.1,97,0.334,0.9,95.3
6/24/2024 19:30,4834,197,0,25.2,1.12,97,0.349,1,122.7
6/24/2024 19:45,4835,161,0,24.9,1.18,97,0.373,0.63,164.7
6/24/2024 20:00,4836,125,0,24.7,1.17,97,0.375,0.45,161.6
6/24/2024 20:15,4837,28,0,23.8,1.27,97,0.43,0.54,134.9
6/24/2024 20:30,4838,16,0,22.1,1.26,97,0.473,0.94,109.5
6/24/2024 20:45,4839,14,0,21.1,1.21,97,0.486,1.2,108.9
6/24/2024 21:00,4840,11,0,20.3,1.21,97,0.507,1.49,105.5
6/24/2024 21:15,4841,4,0,19.3,1.2,97,0.536,1.5,110.7
6/24/2024 21:30,4842,1,0,17.7,1.18,97,0.585,0.86,141
6/24/2024 21:45,4843,0,0,17.1,1.15,97,0.59,0.89,132.9
6/24/2024 22:00,4844,0,0,16.8,1.12,97,0.584,0.96,124.9
6/24/2024 22:15,4845,0,0,16.9,1.1,97,0.571,1.29,119
6/24/2024 22:30,4846,0,0,16,1.09,97,0.598,0.7,145.4
6/24/2024 22:45,4847,0,0,15.5,1.08,97,0.615,0.57,152.5
6/24/2024 23:00,4848,0,0,14,1.14,97,0.713,0.93,278.8
6/24/2024 23:15,4849,0,0,14.3,1.12,97,0.689,0.47,182.1
6/24/2024 23:30,4850,0,0,14.4,1.11,97.1,0.675,0.37,29.8
6/24/2024 23:45,4851,0,0,14,1.1,97.1,0.693,0.67,172.6
6/25/2024 0:00,4852,0,0,13.6,1.1,97,0.709,1,148.7
6/25/2024 0:15,4853,0,0,11.8,1.07,97.1,0.775,1.19,177.7
6/25/2024 0:30,4854,0,0,12.3,1.03,97.1,0.72,1.37,141.4
6/25/2024 0:45,4855,0,0,12.8,0.99,97.1,0.672,0.88,148.7
6/25/2024 1:00,4856,0,0,13.8,0.98,97.1,0.624,1.34,53.8
6/25/2024 1:15,4857,0,0,14.3,1.02,97.1,0.632,1.31,70.9
6/25/2024 1:30,4858,0,0,14.2,1.02,97.1,0.634,0.91,91.2
6/25/2024 1:45,4859,0,0,13.5,1.01,97.1,0.662,1.07,122
6/25/2024 2:00,4860,0,0,13.8,1,97.1,0.639,1.46,94.8
6/25/2024 2:15,4861,0,0,14.4,0.99,97.1,0.607,1.43,86.3
6/25/2024 2:30,4862,0,0,15.2,1.01,97.1,0.585,2.08,84.2
6/25/2024 2:45,4863,0,0,15.1,1.03,97.1,0.597,1.85,79.9
6/25/2024 3:00,4864,0,0,14.7,1.04,97.1,0.619,1.5,78.5
6/25/2024 3:15,4865,0,0,14.6,1.04,97.1,0.626,2.06,76.2
6/25/2024 3:30,4866,0,0,14.6,1.04,97.1,0.627,2.05,81.1
6/25/2024 3:45,4867,0,0,14.1,1.04,97.1,0.646,1.61,89.3
6/25/2024 4:00,4868,0,0,14,1.03,97.1,0.644,1.86,84.6
6/25/2024 4:15,4869,0,0,13.9,1.04,97.1,0.656,2.03,81.8
6/25/2024 4:30,4870,0,0,13.4,1.05,97.2,0.683,1.34,74
6/25/2024 4:45,4871,0,0,13.1,1.04,97.2,0.694,1.35,90.7
6/25/2024 5:00,4872,0,0,10.7,1.02,97.2,0.785,0.89,146.6
6/25/2024 5:15,4873,1,0,10.4,0.99,97.2,0.785,1.36,115.8
6/25/2024 5:30,4874,5,0,10,0.98,97.2,0.8,1.32,108.1
6/25/2024 5:45,4875,16,0,11.1,1.01,97.2,0.765,1.54,99.8
6/25/2024 6:00,4876,31,0,12.6,1.03,97.2,0.706,1.55,103.7
6/25/2024 6:15,4877,49,0,13.3,1.07,97.2,0.7,1.55,96.7
6/25/2024 6:30,4878,68,0,13.4,1.12,97.2,0.726,1.66,100
6/25/2024 6:45,4879,91,0,13.6,1.14,97.2,0.73,2.36,83.5
6/25/2024 7:00,4880,117,0,14.4,1.22,97.2,0.744,2.15,85.1
6/25/2024 7:15,4881,146,0,15,1.3,97.2,0.765,2.18,78.5
6/25/2024 7:30,4882,177,0,15.7,1.36,97.3,0.765,2.41,72.1
6/25/2024 7:45,4883,211,0,15.9,1.39,97.3,0.769,2.46,71.4
6/25/2024 8:00,4884,247,0,16.6,1.38,97.3,0.734,1.93,57.5
6/25/2024 8:15,4885,284,0,16.7,1.33,97.3,0.697,2.31,38.7
6/25/2024 8:30,4886,322,0,17,1.32,97.3,0.688,2.6,55.9
6/25/2024 8:45,4887,360,0,17.3,1.32,97.3,0.669,2.84,56.9
6/25/2024 9:00,4888,398,0,17.6,1.31,97.3,0.652,2.91,70.2
6/25/2024 9:15,4889,435,0,18.4,1.33,97.3,0.628,2.45,60.2
6/25/2024 9:30,4890,474,0,19,1.36,97.3,0.616,2.43,66.6
6/25/2024 9:45,4891,510,0,19.7,1.33,97.3,0.584,2.48,72
6/25/2024 10:00,4892,546,0,20.4,1.33,97.3,0.561,2.31,62.9
6/25/2024 10:15,4893,580,0,21.3,1.38,97.3,0.541,2.12,34.3
6/25/2024 10:30,4894,613,0,21.8,1.38,97.3,0.531,2.09,41.1
6/25/2024 10:45,4895,646,0,22.3,1.42,97.3,0.531,2.11,51.2
6/25/2024 11:00,4896,676,0,22.9,1.41,97.3,0.5,2.44,30.4
6/25/2024 11:15,4897,705,0,23.6,1.42,97.3,0.487,2.37,46.5
6/25/2024 11:30,4898,731,0,24.3,1.43,97.3,0.474,2.14,46.6
6/25/2024 11:45,4899,755,0,24.8,1.44,97.3,0.462,2.03,57.5
6/25/2024 12:00,4900,776,0,25.3,1.43,97.3,0.44,1.97,35.5
6/25/2024 12:15,4901,795,0,25.8,1.43,97.3,0.426,1.98,18.4
6/25/2024 12:30,4902,812,0,26.4,1.43,97.3,0.415,1.7,30.7
6/25/2024 12:45,4903,825,0,26.9,1.43,97.3,0.406,1.79,9.6
6/25/2024 13:00,4904,834,0,27.5,1.45,97.3,0.396,2.01,353.1
6/25/2024 13:15,4905,840,0,27.7,1.44,97.2,0.39,1.53,11.1
6/25/2024 13:30,4906,844,0,28.2,1.4,97.2,0.365,1.75,357.3
6/25/2024 13:45,4907,844,0,28.3,1.43,97.2,0.375,1.78,22.1
6/25/2024 14:00,4908,842,0,28.8,1.48,97.2,0.371,2.09,25.8
6/25/2024 14:15,4909,839,0,28.9,1.44,97.1,0.361,2.31,13.4
6/25/2024 14:30,4910,829,0,29.3,1.44,97.1,0.354,2.41,2.1
6/25/2024 14:45,4911,818,0,29.6,1.43,97.1,0.342,2.42,359
6/25/2024 15:00,4912,800,0,29.9,1.46,97.1,0.341,2.21,12.8
6/25/2024 15:15,4913,784,0,30,1.47,97.1,0.346,2.23,9.3
6/25/2024 15:30,4914,765,0,30.2,1.49,97.1,0.351,2.41,20
6/25/2024 15:45,4915,740,0,30.4,1.45,97.1,0.334,2.12,2.8
6/25/2024 16:00,4916,714,0,30.4,1.49,97.1,0.345,2.37,357.5
6/25/2024 16:15,4917,688,0,30.6,1.48,97,0.34,2.06,36.6
6/25/2024 16:30,4918,657,0,30.6,1.43,97,0.327,2.14,55.6
6/25/2024 16:45,4919,624,0,30.9,1.44,97,0.322,2.08,45.2
6/25/2024 17:00,4920,588,0,30.8,1.47,97,0.333,2.28,50.1
6/25/2024 17:15,4921,551,0,30.7,1.45,97,0.328,2.26,55.9
6/25/2024 17:30,4922,515,0,30.8,1.44,97,0.325,2.22,56.7
6/25/2024 17:45,4923,475,0,30.7,1.52,96.9,0.343,2.57,58.7
6/25/2024 18:00,4924,433,0,30.5,1.52,96.9,0.348,2.55,59.2
6/25/2024 18:15,4925,393,0,30.4,1.58,96.9,0.364,2.59,65.1
6/25/2024 18:30,4926,355,0,30.2,1.63,96.8,0.38,2.42,59.9
6/25/2024 18:45,4927,313,0,30,1.63,96.8,0.385,2.49,59.3
6/25/2024 19:00,4928,273,0,30,1.6,96.8,0.378,2.08,56.3
6/25/2024 19:15,4929,233,0,29.5,1.65,96.8,0.398,2.16,62.4
6/25/2024 19:30,4930,193,0,29.1,1.68,96.8,0.415,2.02,66.3
6/25/2024 19:45,4931,155,0,28.6,1.7,96.8,0.435,1.81,57.6
6/25/2024 20:00,4932,120,0,27.8,1.69,96.8,0.453,1.89,60.4
6/25/2024 20:15,4933,88,0,27.1,1.68,96.8,0.467,2.11,64.1
6/25/2024 20:30,4934,61,0,26.4,1.68,96.8,0.489,1.58,64.4
6/25/2024 20:45,4935,38,0,25.6,1.68,96.8,0.51,1.59,70.1
6/25/2024 21:00,4936,19,0,24.7,1.65,96.8,0.529,1.82,83.9
6/25/2024 21:15,4937,5,0,23,1.65,96.8,0.587,1.65,101.1
6/25/2024 21:30,4938,0,0,22.3,1.55,96.8,0.573,1.65,100.2
6/25/2024 21:45,4939,0,0,22.5,1.45,96.8,0.533,1.88,90.4
6/25/2024 22:00,4940,0,0,22.3,1.38,96.8,0.512,1.54,97.9
6/25/2024 22:15,4941,0,0,22.1,1.35,96.8,0.508,1.86,75.6
6/25/2024 22:30,4942,0,0,22,1.27,96.8,0.482,1.3,101
6/25/2024 22:45,4943,0,0,20.9,1.27,96.8,0.509,1.33,66.7
6/25/2024 23:00,4944,0,0,20.9,1.22,96.8,0.493,1.38,81
6/25/2024 23:15,4945,0,0,19.8,1.21,96.8,0.527,1.24,88
6/25/2024 23:30,4946,0,0,19.6,1.2,96.8,0.527,1.05,80.6
6/25/2024 23:45,4947,0,0,18.4,1.23,96.8,0.58,1.46,63.3
6/26/2024 0:00,4948,0,0,19,1.19,96.8,0.541,1.86,69.8
6/26/2024 0:15,4949,0,0,19.8,1.18,96.8,0.514,2.07,76.2
6/26/2024 0:30,4950,0,0,19.7,1.18,96.8,0.513,2.64,83.7
6/26/2024 0:45,4951,0,0,19.2,1.17,96.8,0.53,2.4,90.1
6/26/2024 1:00,4952,0,0,18.9,1.17,96.8,0.538,2.37,88.3
6/26/2024 1:15,4953,0,0,19.1,1.15,96.7,0.523,2.56,87.7
6/26/2024 1:30,4954,0,0,18.5,1.15,96.7,0.539,1.98,97.3
6/26/2024 1:45,4955,0,0,18.2,1.14,96.7,0.546,2.05,92
6/26/2024 2:00,4956,0,0,18.6,1.11,96.7,0.516,1.99,90.1
6/26/2024 2:15,4957,0,0,19,1.1,96.7,0.504,1.74,88.3
6/26/2024 2:30,4958,0,0,18.1,1.12,96.7,0.535,0.88,103.4
6/26/2024 2:45,4959,0,0,17.8,1.12,96.7,0.552,0.93,87.6
6/26/2024 3:00,4960,0,0,16.9,1.16,96.7,0.599,1.22,77.2
6/26/2024 3:15,4961,0,0,16.8,1.16,96.7,0.607,2.5,75.9
6/26/2024 3:30,4962,0,0,17.5,1.16,96.6,0.579,3.01,79.8
6/26/2024 3:45,4963,0,0,17.3,1.18,96.6,0.597,3.06,72
6/26/2024 4:00,4964,0,0,16.6,1.2,96.6,0.636,2.86,67.6
6/26/2024 4:15,4965,0,0,16.4,1.2,96.6,0.642,2.82,69
6/26/2024 4:30,4966,0,0,16.7,1.18,96.6,0.62,3.1,82.3
6/26/2024 4:45,4967,0,0,16.8,1.17,96.6,0.611,2.46,82.3
6/26/2024 5:00,4968,0,0,16.4,1.19,96.6,0.637,1.49,80.5
6/26/2024 5:15,4969,1,0,15.4,1.22,96.6,0.694,1.61,61.1
6/26/2024 5:30,4970,3,0,15.6,1.19,96.6,0.674,2.12,64.1
6/26/2024 5:45,4971,10,0,16,1.16,96.6,0.639,2.1,70.8
6/26/2024 6:00,4972,22,0,15.7,1.17,96.6,0.659,2.32,70.8
6/26/2024 6:15,4973,37,0,15.6,1.19,96.6,0.673,2.36,75.8
6/26/2024 6:30,4974,47,0,15.5,1.22,96.6,0.69,2.34,80
6/26/2024 6:45,4975,51,0,15.6,1.23,96.6,0.695,2.59,74.6
6/26/2024 7:00,4976,128,0,16.3,1.26,96.6,0.679,2.96,84
6/26/2024 7:15,4977,138,0,17.2,1.31,96.6,0.669,2.24,72.9
6/26/2024 7:30,4978,209,0,17.7,1.34,96.5,0.663,2.67,78.7
6/26/2024 7:45,4979,167,0,18.2,1.34,96.5,0.64,2.27,80.2
6/26/2024 8:00,4980,263,0,18.8,1.42,96.5,0.651,2.25,63.1
6/26/2024 8:15,4981,290,0,19.2,1.48,96.5,0.661,2.57,79
6/26/2024 8:30,4982,365,0,20.2,1.49,96.5,0.632,1.97,54.8
6/26/2024 8:45,4983,235,0,20.5,1.48,96.6,0.614,2.14,48.2
6/26/2024 9:00,4984,167,0,20.7,1.46,96.6,0.6,1.68,47.1
6/26/2024 9:15,4985,186,0,20.8,1.46,96.6,0.594,1.08,68.9
6/26/2024 9:30,4986,212,0,21.2,1.46,96.5,0.58,1.44,37.6
6/26/2024 9:45,4987,266,0,21.4,1.5,96.5,0.59,1.86,43
6/26/2024 10:00,4988,531,0,22.6,1.49,96.5,0.547,2.04,6
6/26/2024 10:15,4989,489,0,23.8,1.45,96.5,0.488,2.52,1.2
6/26/2024 10:30,4990,323,0,23.2,1.46,96.5,0.513,2.23,27.6
6/26/2024 10:45,4991,289,0,22.8,1.46,96.5,0.525,1.67,45.3
6/26/2024 11:00,4992,291,0,22.9,1.52,96.5,0.543,1.97,27.3
6/26/2024 11:15,4993,394,0,23.4,1.52,96.6,0.532,1.91,10.3
6/26/2024 11:30,4994,675,0,25.1,1.45,96.6,0.462,3.02,8.8
6/26/2024 11:45,4995,584,0,25.6,1.45,96.6,0.441,3.44,10.9
6/26/2024 12:00,4996,688,0,26.4,1.44,96.6,0.416,3.04,10
6/26/2024 12:15,4997,599,0,26.7,1.4,96.6,0.403,3.27,8.8
6/26/2024 12:30,4998,845,0,27.5,1.48,96.6,0.402,2.62,22.6
6/26/2024 12:45,4999,788,0,27.7,1.52,96.6,0.408,2.72,34
6/26/2024 13:00,5000,790,0,27.9,1.53,96.6,0.407,2.73,42.3
6/26/2024 13:15,5001,833,0,28.2,1.53,96.6,0.398,2.88,35.3
6/26/2024 13:30,5002,837,0,28.5,1.52,96.6,0.39,2.69,25.2
6/26/2024 13:45,5003,781,0,28.5,1.43,96.6,0.366,2.15,38.8
6/26/2024 14:00,5004,789,0,28.6,1.38,96.6,0.352,1.93,68.2
6/26/2024 14:15,5005,732,0,29.2,1.37,96.6,0.339,1.81,11.6
6/26/2024 14:30,5006,779,0,29.3,1.39,96.6,0.345,1.34,14.9
6/26/2024 14:45,5007,452,0,29.6,1.4,96.6,0.341,1.29,351.6
6/26/2024 15:00,5008,401,0,29.2,1.44,96.6,0.355,1.04,10.6
6/26/2024 15:15,5009,350,0,29.3,1.43,96.6,0.353,1.81,332
6/26/2024 15:30,5010,577,0,29.4,1.43,96.6,0.347,2.36,320.8
6/26/2024 15:45,5011,631,0,29.9,1.41,96.6,0.335,1.81,346.1
6/26/2024 16:00,5012,518,0,30.1,1.49,96.6,0.351,3.5,347.4
6/26/2024 16:15,5013,423,0,29.2,1.27,96.6,0.314,5.14,353.3
6/26/2024 16:30,5014,334,0,28,1.23,96.6,0.326,5.57,343.6
6/26/2024 16:45,5015,399,0,27.6,1.28,96.6,0.344,4.51,328.4
6/26/2024 17:00,5016,309,0,27.1,1.33,96.6,0.369,3.81,318
6/26/2024 17:15,5017,380,0,27.2,1.34,96.6,0.374,3.89,312.7
6/26/2024 17:30,5018,245,0,26.6,1.4,96.6,0.402,3.37,313.1
6/26/2024 17:45,5019,214,0,26,1.43,96.6,0.425,3.29,320.6
6/26/2024 18:00,5020,158,0,25.5,1.48,96.6,0.453,2.79,333.8
6/26/2024 18:15,5021,126,0,24.8,1.5,96.6,0.479,2.83,343.9
6/26/2024 18:30,5022,122,0,24.1,1.58,96.6,0.524,1.53,344.9
6/26/2024 18:45,5023,114,0,23.9,1.58,96.6,0.533,1.79,317.4
6/26/2024 19:00,5024,112,0,23.8,1.59,96.6,0.54,1.57,326.5
6/26/2024 19:15,5025,152,0,23.7,1.56,96.6,0.534,1.77,346.4
6/26/2024 19:30,5026,165,0,24,1.46,96.6,0.489,2.59,354.7
6/26/2024 19:45,5027,104,0,23,1.32,96.7,0.47,4.32,4
6/26/2024 20:00,5028,69,0,21.9,1.25,96.7,0.474,4.29,3.9
6/26/2024 20:15,5029,66,0,21.4,1.19,96.7,0.467,4.82,2.7
6/26/2024 20:30,5030,56,0,21.3,1.15,96.7,0.454,5.6,358.8
6/26/2024 20:45,5031,25,0,20.7,1.11,96.7,0.454,5.25,357
6/26/2024 21:00,5032,18,0,20,1.08,96.7,0.46,5.04,359.8
6/26/2024 21:15,5033,8,0,19.9,1.05,96.7,0.453,4.76,355.9
6/26/2024 21:30,5034,0,0,19.4,1.04,96.8,0.462,4.2,357.6
6/26/2024 21:45,5035,0,0,18.7,1.04,96.8,0.482,4.53,2.3
6/26/2024 22:00,5036,0,0,18.2,1.04,96.8,0.496,5.1,1.9
6/26/2024 22:15,5037,0,0,18.1,1.04,96.8,0.498,5.1,5.4
6/26/2024 22:30,5038,0,0,17.9,1.05,96.8,0.514,3.9,5.8
6/26/2024 22:45,5039,0,0,17.6,1.05,96.8,0.523,3.64,1.2
6/26/2024 23:00,5040,0,0,17.5,1.05,96.9,0.526,4.47,359.7
6/26/2024 23:15,5041,0,0,17.3,1.06,96.9,0.538,4.59,1.9
6/26/2024 23:30,5042,0,0,17.1,1.07,96.9,0.549,4.72,358.5
6/26/2024 23:45,5043,0,0,16.8,1.06,96.9,0.556,5.06,7.4
6/27/2024 0:00,5044,0,0,16.3,1.06,96.9,0.573,3.86,359.3
6/27/2024 0:15,5045,0,0,16.3,1.06,96.9,0.571,3.71,351.4
6/27/2024 0:30,5046,0,0,15.6,1.07,96.9,0.603,2.16,356.7
6/27/2024 0:45,5047,0,0,15.1,1.06,96.9,0.618,1.19,352.9
6/27/2024 1:00,5048,0,0,14.5,1.07,96.9,0.65,1.39,295
6/27/2024 1:15,5049,0,0,14.5,1.05,96.9,0.639,0.79,297.5
6/27/2024 1:30,5050,0,0,14.3,1.05,96.9,0.65,1.3,283.4
6/27/2024 1:45,5051,0,0,13.9,1.05,96.9,0.666,0.9,323.6
6/27/2024 2:00,5052,0,0,13.4,1.06,96.9,0.688,2.1,308.1
6/27/2024 2:15,5053,0,0,13.3,1.05,96.9,0.692,2.23,313.9
6/27/2024 2:30,5054,0,0,13,1.05,96.9,0.701,2.27,318.1
6/27/2024 2:45,5055,0,0,12.4,1.04,96.9,0.722,1.42,328.5
6/27/2024 3:00,5056,0,0,12.4,1.04,96.9,0.722,2.72,309.2
6/27/2024 3:15,5057,0,0,12.4,1.05,96.9,0.726,2.71,308.7
6/27/2024 3:30,5058,0,0,12.1,1.05,96.9,0.746,2.08,321.6
6/27/2024 3:45,5059,0,0,11.8,1.05,96.9,0.759,2.36,311.9
6/27/2024 4:00,5060,0,0,11.7,1.05,96.9,0.762,2.14,321.6
6/27/2024 4:15,5061,0,0,12.2,1.05,96.9,0.74,2.3,330.1
6/27/2024 4:30,5062,0,0,11.7,1.04,96.9,0.759,1.92,318.7
6/27/2024 4:45,5063,0,0,11.7,1.04,96.9,0.761,2.67,298.8
6/27/2024 5:00,5064,0,0,12.2,1.04,96.9,0.736,2.55,308.2
6/27/2024 5:15,5065,0,0,12.6,1.05,96.9,0.719,2.71,299.3
6/27/2024 5:30,5066,3,0,12,1.04,97,0.744,2.43,305
6/27/2024 5:45,5067,10,0,11.7,1.04,96.9,0.759,3.12,309.5
6/27/2024 6:00,5068,12,0,11.9,1.03,97,0.738,3.18,314.4
6/27/2024 6:15,5069,17,0,11.9,1.03,97,0.737,2.69,288.1
6/27/2024 6:30,5070,50,0,12,1.06,97,0.753,2.86,287.5
6/27/2024 6:45,5071,116,0,13.4,1.1,97,0.718,3.22,296.8
6/27/2024 7:00,5072,158,0,14.6,1.15,97,0.696,3.45,301.5
6/27/2024 7:15,5073,108,0,14.7,1.15,97,0.686,3.16,297.5
6/27/2024 7:30,5074,107,0,14.6,1.12,97,0.68,3.2,297.9
6/27/2024 7:45,5075,94,0,14.5,1.11,97,0.672,3.1,297.7
6/27/2024 8:00,5076,250,0,15.2,1.14,97,0.659,2.8,302
6/27/2024 8:15,5077,280,0,16,1.18,97,0.649,2.63,310
6/27/2024 8:30,5078,325,0,16.7,1.19,97,0.624,3.49,337.6
6/27/2024 8:45,5079,250,0,16.9,1.17,97,0.606,3.38,326.7
6/27/2024 9:00,5080,347,0,17.5,1.17,97,0.587,3.76,326.9
6/27/2024 9:15,5081,420,0,17.9,1.15,97,0.565,4.3,330.3
6/27/2024 9:30,5082,473,0,18.6,1.13,97,0.528,5.01,329.9
6/27/2024 9:45,5083,512,0,18.5,1.14,97,0.532,5.26,310.3
6/27/2024 10:00,5084,494,0,18.8,1.13,97,0.519,5.04,314.3
6/27/2024 10:15,5085,597,0,19,1.11,97,0.505,5.05,316.1
6/27/2024 10:30,5086,595,0,19.5,1.12,97,0.487,4.88,321.6
6/27/2024 10:45,5087,636,0,19.7,1.12,97.1,0.493,4.65,313.4
6/27/2024 11:00,5088,593,0,19.7,1.09,97.1,0.476,4.86,328.3
6/27/2024 11:15,5089,643,0,20.3,1.09,97.1,0.459,4.64,340.1
6/27/2024 11:30,5090,740,0,20.9,1.1,97,0.45,4.66,334.7
6/27/2024 11:45,5091,755,0,21.3,1.1,97,0.435,4.62,325.1
6/27/2024 12:00,5092,863,0,22,1.14,97.1,0.429,4.56,309.7
6/27/2024 12:15,5093,792,0,21.7,1.12,97.1,0.427,4.2,340.8
6/27/2024 12:30,5094,844,0,22.1,1.11,97,0.416,4.13,327.8
6/27/2024 12:45,5095,781,0,22.1,1.09,97,0.409,3.87,329.2
6/27/2024 13:00,5096,729,0,22.2,1.1,97,0.407,4.68,323.9
6/27/2024 13:15,5097,801,0,23.1,1.12,97,0.401,4.66,333.7
6/27/2024 13:30,5098,535,0,22.1,1.11,97,0.414,3.54,357.5
6/27/2024 13:45,5099,288,0,21.6,1.1,97,0.425,3.52,5.2
6/27/2024 14:00,5100,284,0,21.3,1.07,97,0.423,3.51,347.8
6/27/2024 14:15,5101,421,0,21.8,1.07,97,0.408,3.73,336.7
6/27/2024 14:30,5102,923,0,22.4,1.15,97,0.422,3.68,293.2
6/27/2024 14:45,5103,315,0,22,1.16,97,0.437,3.44,287.1
6/27/2024 15:00,5104,172,0,21.4,1.13,97,0.444,3.61,292
6/27/2024 15:15,5105,158,0,20.8,1.1,97,0.445,3.8,272.3
6/27/2024 15:30,5106,365,0,21.5,1.09,97,0.425,4.09,277.6
6/27/2024 15:45,5107,248,0,21.9,1.12,97,0.425,3.63,299.7
6/27/2024 16:00,5108,141,0,21.6,1.11,97,0.432,3.3,312.9
6/27/2024 16:15,5109,152,0,21.2,1.14,97,0.453,2.71,314.4
6/27/2024 16:30,5110,187,0,21.5,1.13,97,0.44,3.2,313.2
6/27/2024 16:45,5111,155,0,21.4,1.13,97,0.444,3.38,330.7
6/27/2024 17:00,5112,184,0,21.2,1.15,97,0.458,2.94,339.2
6/27/2024 17:15,5113,238,0,21.3,1.17,97,0.464,3.16,345.1
6/27/2024 17:30,5114,223,0,21.5,1.17,97,0.457,3.03,348.6
6/27/2024 17:45,5115,382,0,22,1.17,97,0.442,3.64,0.6
6/27/2024 18:00,5116,175,0,21.7,1.15,97,0.443,3.15,2.2
6/27/2024 18:15,5117,181,0,21.3,1.14,97,0.451,3.67,4.1
6/27/2024 18:30,5118,239,0,21.3,1.11,96.9,0.439,4.35,9.6
6/27/2024 18:45,5119,389,0,21.6,1.1,96.9,0.426,5.72,10.2
6/27/2024 19:00,5120,267,0,21.2,1.08,96.9,0.428,5.11,6.3
6/27/2024 19:15,5121,200,0,20.7,1.06,96.9,0.437,5.03,4.9
6/27/2024 19:30,5122,232,0,20.7,1.07,96.9,0.44,5.01,3.5
6/27/2024 19:45,5123,166,0,20.4,1.08,96.9,0.451,5.37,9.9
6/27/2024 20:00,5124,133,0,19.9,1.06,96.9,0.458,5.07,8.8
6/27/2024 20:15,5125,97,0,19.6,1.07,96.9,0.47,4.46,6.4
6/27/2024 20:30,5126,64,0,19,1.07,96.9,0.49,4.02,5.7
6/27/2024 20:45,5127,36,0,18.2,1.07,96.9,0.513,4.23,4.8
6/27/2024 21:00,5128,15,0,17.2,1.05,97,0.535,4.42,8.1
6/27/2024 21:15,5129,5,0,16.7,1.04,97,0.548,4.32,7.3
6/27/2024 21:30,5130,1,0,16.3,1.04,97,0.56,4.15,7.4
6/27/2024 21:45,5131,0,0,16,1.04,97,0.57,3.7,5.8
6/27/2024 22:00,5132,0,0,15.6,1.04,97,0.592,3.23,4.9
6/27/2024 22:15,5133,0,0,15.3,1.05,97,0.606,3.1,8.3
6/27/2024 22:30,5134,0,0,15.2,1.05,97,0.61,3.55,14.5
6/27/2024 22:45,5135,0,0,14.8,1.06,97,0.63,2.81,12.3
6/27/2024 23:00,5136,0,0,14.3,1.07,97,0.656,2.58,6.1
6/27/2024 23:15,5137,0,0,13.9,1.07,97.1,0.674,2.51,1.5
6/27/2024 23:30,5138,0,0,13.8,1.07,97,0.682,3,4.5
6/27/2024 23:45,5139,0,0,14,1.07,97,0.673,3.2,18.4
6/28/2024 0:00,5140,0,0,13.9,1.07,97,0.68,3.2,28.7
6/28/2024 0:15,5141,0,0,13.6,1.07,97,0.687,2.91,21.5
6/28/2024 0:30,5142,0,0,13.3,1.07,97.1,0.702,2.39,19.4
6/28/2024 0:45,5143,0,0,12.9,1.07,97,0.72,2.45,20.3
6/28/2024 1:00,5144,0,0,12.3,1.07,97.1,0.75,1.87,358.8
6/28/2024 1:15,5145,0,0,11.8,1.07,97.1,0.772,1.54,344.1
6/28/2024 1:30,5146,0,0,12.1,1.07,97.1,0.756,2.21,344.7
6/28/2024 1:45,5147,0,0,12.1,1.07,97.1,0.753,2.33,10.6
6/28/2024 2:00,5148,0,0,12.2,1.07,97.1,0.756,2.15,13.1
6/28/2024 2:15,5149,0,0,10.8,1.06,97.1,0.82,1.59,330.7
6/28/2024 2:30,5150,0,0,10.7,1.04,97.1,0.808,1.54,333.8
6/28/2024 2:45,5151,0,0,10.6,1.04,97.1,0.818,1.26,321.2
6/28/2024 3:00,5152,0,0,10.2,1.04,97.1,0.831,1.22,346.6
6/28/2024 3:15,5153,0,0,9,1.01,97.1,0.875,0.79,182.2
6/28/2024 3:30,5154,0,0,9.6,0.99,97.1,0.83,0.48,168.5
6/28/2024 3:45,5155,0,0,9.1,1,97.1,0.863,0.49,190.3
6/28/2024 4:00,5156,0,0,9.3,0.99,97.1,0.848,0.61,203.1
6/28/2024 4:15,5157,0,0,9.5,1,97.1,0.842,0.53,112.1
6/28/2024 4:30,5158,0,0,9.8,1.02,97.2,0.842,0.47,323.8
6/28/2024 4:45,5159,0,0,10,1.03,97.2,0.836,0.53,49.4
6/28/2024 5:00,5160,0,0,8.5,0.99,97.2,0.89,0.86,186
6/28/2024 5:15,5161,1,0,7.9,0.95,97.2,0.89,0.77,177.6
6/28/2024 5:30,5162,4,0,8,0.94,97.2,0.876,0.97,148.6
6/28/2024 5:45,5163,18,0,8.2,0.97,97.2,0.891,0.83,178.2
6/28/2024 6:00,5164,38,0,8.3,0.99,97.2,0.898,0.93,167.1
6/28/2024 6:15,5165,58,0,9,1.03,97.2,0.895,0.82,149.3
6/28/2024 6:30,5166,81,0,9.6,1.08,97.2,0.902,0.76,157.8
6/28/2024 6:45,5167,106,0,10.6,1.14,97.2,0.893,0.86,164.6
6/28/2024 7:00,5168,129,0,11.9,1.2,97.2,0.868,0.77,205.9
6/28/2024 7:15,5169,151,0,12.9,1.24,97.2,0.834,0.93,231.2
6/28/2024 7:30,5170,176,0,13.7,1.28,97.3,0.814,1.12,254.2
6/28/2024 7:45,5171,208,0,14.4,1.29,97.3,0.789,1.04,263.5
6/28/2024 8:00,5172,244,0,14.8,1.31,97.3,0.774,1.25,245.4
6/28/2024 8:15,5173,281,0,15.2,1.31,97.3,0.762,1.51,254.6
6/28/2024 8:30,5174,318,0,15.4,1.3,97.3,0.74,1.69,259.5
6/28/2024 8:45,5175,356,0,15.9,1.28,97.3,0.706,1.57,265.6
6/28/2024 9:00,5176,394,0,16.6,1.25,97.3,0.661,1.4,295.5
6/28/2024 9:15,5177,432,0,17.1,1.25,97.3,0.648,1.41,302.3
6/28/2024 9:30,5178,470,0,17.4,1.26,97.3,0.636,1.26,312.5
6/28/2024 9:45,5179,507,0,17.7,1.25,97.4,0.614,1.16,306.7
6/28/2024 10:00,5180,543,0,18.2,1.25,97.4,0.596,1.11,298.7
6/28/2024 10:15,5181,578,0,18.5,1.24,97.4,0.582,0.8,322.2
6/28/2024 10:30,5182,612,0,18.9,1.23,97.4,0.571,1.43,288.6
6/28/2024 10:45,5183,645,0,19.1,1.2,97.4,0.547,1.25,309.9
6/28/2024 11:00,5184,678,0,19.4,1.19,97.4,0.535,1.04,247.6
6/28/2024 11:15,5185,706,0,20.1,1.2,97.3,0.506,1.1,255.1
6/28/2024 11:30,5186,731,0,20.4,1.22,97.3,0.506,1.11,249.4
6/28/2024 11:45,5187,766,0,20.9,1.2,97.3,0.484,1.74,236.1
6/28/2024 12:00,5188,722,0,20.9,1.18,97.3,0.486,1.37,207.6
6/28/2024 12:15,5189,795,0,21.3,1.15,97.3,0.461,1.15,306.7
6/28/2024 12:30,5190,766,0,21.5,1.15,97.3,0.452,1.31,304.4
6/28/2024 12:45,5191,720,0,21.4,1.15,97.3,0.453,1.35,241.1
6/28/2024 13:00,5192,809,0,21.9,1.18,97.3,0.445,1.76,283.4
6/28/2024 13:15,5193,847,0,22,1.18,97.3,0.45,1.22,272.2
6/28/2024 13:30,5194,844,0,22.9,1.23,97.3,0.436,1.22,10.4
6/28/2024 13:45,5195,844,0,23,1.26,97.3,0.454,1.53,282.9
6/28/2024 14:00,5196,846,0,23,1.25,97.3,0.449,1.12,131.9
6/28/2024 14:15,5197,837,0,23.6,1.28,97.3,0.446,1.2,305.3
6/28/2024 14:30,5198,828,0,23.7,1.29,97.3,0.443,1.07,188
6/28/2024 14:45,5199,819,0,23.5,1.3,97.3,0.443,1.49,330.3
6/28/2024 15:00,5200,798,0,23.9,1.32,97.3,0.444,1.73,37.4
6/28/2024 15:15,5201,777,0,23.7,1.3,97.3,0.447,1.8,34.6
6/28/2024 15:30,5202,764,0,23.6,1.3,97.3,0.445,1.42,80.3
6/28/2024 15:45,5203,733,0,23.9,1.32,97.3,0.446,1.42,74.4
6/28/2024 16:00,5204,707,0,24.2,1.33,97.2,0.44,1.19,42.7
6/28/2024 16:15,5205,679,0,24.5,1.33,97.2,0.437,1.55,10
6/28/2024 16:30,5206,640,0,24.5,1.34,97.2,0.438,1.21,28.7
6/28/2024 16:45,5207,620,0,24.7,1.34,97.2,0.432,1.54,10.2
6/28/2024 17:00,5208,580,0,24.8,1.35,97.2,0.428,1.47,351
6/28/2024 17:15,5209,543,0,24.8,1.33,97.2,0.426,1.67,329
6/28/2024 17:30,5210,513,0,25,1.32,97.2,0.418,1.56,310.7
6/28/2024 17:45,5211,462,0,24.8,1.35,97.2,0.429,2.01,322
6/28/2024 18:00,5212,262,0,24.7,1.35,97.2,0.434,1.94,312.7
6/28/2024 18:15,5213,297,0,24.5,1.37,97.2,0.449,1.46,358.9
6/28/2024 18:30,5214,405,0,24.9,1.36,97.1,0.433,1.9,29.5
6/28/2024 18:45,5215,265,0,24.8,1.33,97.1,0.426,1.91,25.8
6/28/2024 19:00,5216,165,0,24.2,1.34,97.1,0.443,1.61,46.7
6/28/2024 19:15,5217,231,0,24.4,1.36,97.1,0.446,1.49,36.4
6/28/2024 19:30,5218,247,0,24.6,1.36,97.1,0.438,1.58,40.1
6/28/2024 19:45,5219,169,0,24.4,1.37,97.1,0.448,1.71,35.5
6/28/2024 20:00,5220,151,0,24.2,1.41,97.1,0.466,1.34,28.3
6/28/2024 20:15,5221,85,0,23.7,1.41,97.1,0.484,1.37,52.2
6/28/2024 20:30,5222,31,0,22.3,1.42,97.1,0.528,1.28,60.1
6/28/2024 20:45,5223,14,0,21.5,1.37,97.1,0.536,1.19,68.1
6/28/2024 21:00,5224,8,0,20.9,1.33,97.1,0.541,1.35,77.1
6/28/2024 21:15,5225,2,0,20,1.34,97.1,0.574,1.44,79
6/28/2024 21:30,5226,0,0,19.3,1.33,97.1,0.593,1.51,86
6/28/2024 21:45,5227,0,0,18.6,1.3,97.1,0.608,1.68,94.5
6/28/2024 22:00,5228,0,0,17.9,1.26,97.1,0.616,1.69,98
6/28/2024 22:15,5229,0,0,17.7,1.23,97.1,0.609,1.94,95
6/28/2024 22:30,5230,0,0,17.5,1.21,97.1,0.607,2.03,98.2
6/28/2024 22:45,5231,0,0,17.7,1.19,97.1,0.588,1.94,94.5
6/28/2024 23:00,5232,0,0,17.5,1.17,97.1,0.591,1.94,94.5
6/28/2024 23:15,5233,0,0,17.2,1.16,97.1,0.594,1.9,92.8
6/28/2024 23:30,5234,0,0,17.2,1.16,97.1,0.589,1.94,91.5
6/28/2024 23:45,5235,0,0,16.6,1.15,97.1,0.608,1.96,94.3
6/29/2024 0:00,5236,0,0,16.6,1.15,97.1,0.608,1.79,96.1
6/29/2024 0:15,5237,0,0,16.2,1.16,97.1,0.631,1.63,99.4
6/29/2024 0:30,5238,0,0,15.7,1.17,97.1,0.657,1.7,102.4
6/29/2024 0:45,5239,0,0,15.6,1.16,97.1,0.658,1.72,93.6
6/29/2024 1:00,5240,0,0,15.6,1.16,97.1,0.649,0.99,83.3
6/29/2024 1:15,5241,0,0,14.7,1.17,97.1,0.701,0.84,86.4
6/29/2024 1:30,5242,0,0,13.5,1.16,97.1,0.753,0.64,147.2
6/29/2024 1:45,5243,0,0,12.9,1.14,97.1,0.764,0.44,177.1
6/29/2024 2:00,5244,0,0,12.4,1.13,97.1,0.784,0.5,172.7
6/29/2024 2:15,5245,0,0,12,1.12,97.1,0.797,0.91,175.8
6/29/2024 2:30,5246,0,0,11.8,1.12,97.1,0.808,1.05,160.7
6/29/2024 2:45,5247,0,0,11.8,1.11,97.1,0.81,1,164
6/29/2024 3:00,5248,0,0,12.8,1.13,97.1,0.766,1.23,129.3
6/29/2024 3:15,5249,0,0,12,1.14,97.1,0.811,0.91,171.8
6/29/2024 3:30,5250,0,0,11.9,1.14,97.1,0.819,0.87,170.6
6/29/2024 3:45,5251,0,0,12.1,1.14,97.1,0.808,1.03,162.6
6/29/2024 4:00,5252,0,0,12.7,1.13,97.1,0.776,0.68,139.1
6/29/2024 4:15,5253,0,0,12.2,1.13,97.1,0.801,0.73,325.2
6/29/2024 4:30,5254,0,0,11.6,1.14,97.1,0.834,1.03,86.7
6/29/2024 4:45,5255,0,0,11.3,1.12,97.1,0.837,0.67,340.9
6/29/2024 5:00,5256,0,0,11.8,1.12,97.2,0.809,0.91,45.5
6/29/2024 5:15,5257,0,0,14.2,1.13,97.2,0.696,1.1,84.6
6/29/2024 5:30,5258,2,0,13.4,1.14,97.2,0.744,1.15,114
6/29/2024 5:45,5259,6,0,11.5,1.12,97.2,0.828,0.78,155.8
6/29/2024 6:00,5260,14,0,11.8,1.12,97.2,0.805,1.02,133.4
6/29/2024 6:15,5261,26,0,12.3,1.14,97.2,0.795,1.06,125.9
6/29/2024 6:30,5262,39,0,12.9,1.16,97.2,0.784,1.06,120
6/29/2024 6:45,5263,54,0,13.3,1.2,97.2,0.787,1.28,111.8
6/29/2024 7:00,5264,66,0,13.8,1.25,97.2,0.789,0.75,88.4
6/29/2024 7:15,5265,89,0,14.1,1.3,97.2,0.81,0.78,86.3
6/29/2024 7:30,5266,106,0,14.6,1.32,97.2,0.793,0.91,114.1
6/29/2024 7:45,5267,102,0,15.1,1.37,97.2,0.799,0.78,155.4
6/29/2024 8:00,5268,128,0,15.6,1.41,97.2,0.797,0.83,169.7
6/29/2024 8:15,5269,190,0,16.5,1.44,97.2,0.771,0.74,152.9
6/29/2024 8:30,5270,171,0,17.4,1.39,97.2,0.702,0.71,113.4
6/29/2024 8:45,5271,178,0,17.8,1.36,97.2,0.669,0.63,189.4
6/29/2024 9:00,5272,230,0,18,1.39,97.3,0.678,0.66,285.1
6/29/2024 9:15,5273,326,0,18.5,1.41,97.2,0.663,0.42,339.9
6/29/2024 9:30,5274,360,0,19.2,1.45,97.2,0.651,0.6,25.8
6/29/2024 9:45,5275,425,0,19.9,1.54,97.2,0.667,0.69,43.2
6/29/2024 10:00,5276,510,0,20.9,1.45,97.2,0.582,1.24,35.2
6/29/2024 10:15,5277,512,0,21.1,1.47,97.2,0.591,1.18,11.4
6/29/2024 10:30,5278,515,0,21.5,1.48,97.2,0.575,1.06,11.5
6/29/2024 10:45,5279,462,0,21.5,1.45,97.2,0.571,1.39,15
6/29/2024 11:00,5280,584,0,22.4,1.46,97.2,0.536,1.21,47
6/29/2024 11:15,5281,666,0,22.9,1.51,97.2,0.542,1.19,51.5
6/29/2024 11:30,5282,678,0,23.8,1.56,97.2,0.531,1.46,27.2
6/29/2024 11:45,5283,748,0,24.3,1.56,97.2,0.514,1.46,30.6
6/29/2024 12:00,5284,783,0,24.8,1.52,97.2,0.487,1.22,12.8
6/29/2024 12:15,5285,812,0,25.4,1.47,97.2,0.455,1.11,47.5
6/29/2024 12:30,5286,803,0,26,1.5,97.2,0.444,1.29,339.4
6/29/2024 12:45,5287,852,0,26.6,1.47,97.2,0.423,1.05,332.7
6/29/2024 13:00,5288,760,0,26.7,1.38,97.2,0.39,1.15,345.7
6/29/2024 13:15,5289,754,0,27.1,1.41,97.2,0.389,1.27,353.2
6/29/2024 13:30,5290,597,0,26.6,1.44,97.2,0.415,1.12,32.4
6/29/2024 13:45,5291,814,0,27,1.44,97.1,0.404,1.12,41.3
6/29/2024 14:00,5292,533,0,27.1,1.44,97.1,0.402,1.17,21.1
6/29/2024 14:15,5293,556,0,27,1.47,97.1,0.41,1.43,320.9
6/29/2024 14:30,5294,501,0,27.2,1.52,97.1,0.422,1.83,310.3
6/29/2024 14:45,5295,606,0,27.3,1.44,97.1,0.398,1.74,324.2
6/29/2024 15:00,5296,426,0,26.9,1.39,97.1,0.392,1.54,341.1
6/29/2024 15:15,5297,373,0,26.9,1.4,97.1,0.396,1.51,345.9
6/29/2024 15:30,5298,362,0,26.9,1.37,97.1,0.386,1.06,356
6/29/2024 15:45,5299,391,0,27.1,1.36,97.1,0.38,1.33,349.3
6/29/2024 16:00,5300,301,0,27,1.36,97.1,0.382,1.13,324.4
6/29/2024 16:15,5301,268,0,26.9,1.37,97.1,0.387,1.02,326.4
6/29/2024 16:30,5302,225,0,26.9,1.34,97.1,0.377,0.79,306
6/29/2024 16:45,5303,200,0,26.9,1.35,97.1,0.38,0.76,334.8
6/29/2024 17:00,5304,176,0,26.9,1.38,97.1,0.391,1.05,349.1
6/29/2024 17:15,5305,157,0,26.7,1.4,97.1,0.399,1.22,342.7
6/29/2024 17:30,5306,143,0,26.4,1.47,97,0.427,1.12,15.5
6/29/2024 17:45,5307,104,0,26.1,1.55,97.1,0.459,1.2,4.3
6/29/2024 18:00,5308,76,0,25.5,1.62,97.1,0.498,1.45,11.7
6/29/2024 18:15,5309,77,0,24.5,1.7,97.1,0.553,1.63,3.9
6/29/2024 18:30,5310,76,0,24.1,1.72,97.1,0.571,1.31,3.5
6/29/2024 18:45,5311,66,0,24.1,1.67,97.1,0.556,0.71,40.4
6/29/2024 19:00,5312,62,0,24.2,1.66,97.1,0.552,0.65,62.5
6/29/2024 19:15,5313,56,0,24.3,1.63,97.1,0.535,0.58,52.3
6/29/2024 19:30,5314,57,0,24.4,1.62,97.1,0.529,0.39,108
6/29/2024 19:45,5315,47,0,24.4,1.59,97.1,0.522,0.55,357.5
6/29/2024 20:00,5316,38,0,24.3,1.61,97.1,0.531,0.78,57.9
6/29/2024 20:15,5317,23,0,23.8,1.64,97.1,0.557,0.84,337.9
6/29/2024 20:30,5318,16,0,23,1.74,97.1,0.617,0.9,291.5
6/29/2024 20:45,5319,14,0,22.7,1.67,97.1,0.608,0.78,290.3
6/29/2024 21:00,5320,5,0,22.1,1.69,97.1,0.636,0.96,337.2
6/29/2024 21:15,5321,1,0,21.5,1.72,97.1,0.672,0.98,339.9
6/29/2024 21:30,5322,0,0,21.3,1.58,97.2,0.626,2.22,2.1
6/29/2024 21:45,5323,0,0,20.7,1.53,97.2,0.628,2.26,337.4
6/29/2024 22:00,5324,0,0,20.3,1.51,97.2,0.634,2.67,9.3
6/29/2024 22:15,5325,0,0,19.8,1.5,97.2,0.652,3.26,14.7
6/29/2024 22:30,5326,0,0,19.1,1.51,97.2,0.679,2.83,11.6
6/29/2024 22:45,5327,0,0,18.8,1.53,97.2,0.702,2.69,11.1
6/29/2024 23:00,5328,0,0,18.9,1.56,97.2,0.716,2.73,17.4
6/29/2024 23:15,5329,0,0,18.6,1.56,97.2,0.729,2.35,23.5
6/29/2024 23:30,5330,0,0,18.4,1.54,97.2,0.729,2.5,19
6/29/2024 23:45,5331,0,0,18.3,1.53,97.2,0.729,2.52,23.3
6/30/2024 0:00,5332,0,0,18.2,1.52,97.2,0.73,2.35,25
6/30/2024 0:15,5333,0,0,18.1,1.52,97.2,0.73,2.62,27.1
6/30/2024 0:30,5334,0,0,18,1.51,97.2,0.732,2.34,27
6/30/2024 0:45,5335,0,0,17.8,1.5,97.2,0.737,1.65,43.3
6/30/2024 1:00,5336,0,0,17.3,1.48,97.3,0.745,1.69,23.2
6/30/2024 1:15,5337,0,0,17.1,1.46,97.3,0.749,1.3,40.4
6/30/2024 1:30,5338,0,0,17,1.45,97.2,0.751,1.11,45
6/30/2024 1:45,5339,0,0,17,1.45,97.2,0.747,1.1,53.6
6/30/2024 2:00,5340,0,0,16.9,1.45,97.3,0.754,0.74,2.3
6/30/2024 2:15,5341,0,0,16.8,1.45,97.3,0.756,0.37,354.8
6/30/2024 2:30,5342,0,0,16.8,1.44,97.3,0.75,1.11,8.3
6/30/2024 2:45,5343,0,0,16.9,1.42,97.3,0.737,1.68,10.4
6/30/2024 3:00,5344,0,0,16.7,1.42,97.2,0.745,2.01,352.1
6/30/2024 3:15,5345,0,0,16.5,1.44,97.2,0.768,1.38,358.3
6/30/2024 3:30,5346,0,0,16.2,1.42,97.2,0.776,1.14,1.2
6/30/2024 3:45,5347,0,0,16.2,1.45,97.3,0.786,0.99,359
6/30/2024 4:00,5348,0,0,16.1,1.46,97.3,0.802,0.97,2.4
6/30/2024 4:15,5349,0,0,15.8,1.45,97.3,0.808,0.99,356.9
6/30/2024 4:30,5350,0,0,15.9,1.41,97.3,0.783,1.42,354.4
6/30/2024 4:45,5351,0,0,15.7,1.39,97.3,0.783,1.38,2.3
6/30/2024 5:00,5352,0,0,15.5,1.38,97.3,0.782,1.12,349.8
6/30/2024 5:15,5353,0,0,14.8,1.37,97.3,0.814,0.64,285.3
6/30/2024 5:30,5354,2,0,14.9,1.38,97.3,0.819,0.54,308.7
6/30/2024 5:45,5355,6,0,14.3,1.39,97.3,0.853,0.62,228.2
6/30/2024 6:00,5356,12,0,13.8,1.35,97.3,0.853,0.46,247
6/30/2024 6:15,5357,25,0,14.3,1.36,97.3,0.835,0.5,316.4
6/30/2024 6:30,5358,38,0,13.5,1.37,97.3,0.881,0.66,195.3
6/30/2024 6:45,5359,34,0,14,1.37,97.3,0.856,0.31,211.3
6/30/2024 7:00,5360,63,0,14.4,1.4,97.3,0.855,0.66,251.3
6/30/2024 7:15,5361,204,0,15.7,1.54,97.3,0.861,0.7,227.9
6/30/2024 7:30,5362,103,0,16.9,1.59,97.3,0.828,1.05,285.3
6/30/2024 7:45,5363,142,0,17.1,1.55,97.3,0.793,1.06,291.5
6/30/2024 8:00,5364,258,0,18.3,1.59,97.3,0.764,1.51,299.2
6/30/2024 8:15,5365,338,0,18.9,1.6,97.3,0.732,1.83,291.2
6/30/2024 8:30,5366,192,0,19.3,1.58,97.4,0.712,1.69,306.6
6/30/2024 8:45,5367,201,0,19.3,1.54,97.4,0.686,1.9,313.9
6/30/2024 9:00,5368,374,0,20.1,1.54,97.4,0.656,1.98,295.6
6/30/2024 9:15,5369,444,0,21.2,1.6,97.4,0.629,2.56,298.2
6/30/2024 9:30,5370,473,0,21.8,1.6,97.4,0.616,2.95,310.1
6/30/2024 9:45,5371,508,0,22.1,1.59,97.4,0.594,2.88,310.6
6/30/2024 10:00,5372,541,0,22.5,1.56,97.4,0.571,2.58,322.6
6/30/2024 10:15,5373,576,0,22.6,1.53,97.4,0.558,3.13,337.3
6/30/2024 10:30,5374,611,0,23.1,1.53,97.4,0.539,2.32,344.4
6/30/2024 10:45,5375,642,0,23.6,1.51,97.4,0.516,2.48,348.4
6/30/2024 11:00,5376,671,0,23.8,1.52,97.4,0.515,1.9,334.2
6/30/2024 11:15,5377,710,0,24.1,1.54,97.4,0.514,2.76,307.2
6/30/2024 11:30,5378,737,0,24,1.52,97.4,0.514,2.64,297.7
6/30/2024 11:45,5379,755,0,24.4,1.52,97.4,0.503,2.16,308.8
6/30/2024 12:00,5380,780,0,24.7,1.56,97.4,0.497,2.62,324.5
6/30/2024 12:15,5381,797,0,25,1.53,97.4,0.485,1.88,317.9
6/30/2024 12:30,5382,678,0,25.2,1.49,97.4,0.464,2.12,339.3
6/30/2024 12:45,5383,870,0,25.6,1.52,97.4,0.464,2.61,306.9
6/30/2024 13:00,5384,850,0,26,1.5,97.4,0.453,2.33,340.9
6/30/2024 13:15,5385,859,0,25.9,1.48,97.4,0.444,1.57,310.3
6/30/2024 13:30,5386,864,0,26.4,1.5,97.4,0.443,2.22,329.3
6/30/2024 13:45,5387,857,0,26.8,1.5,97.4,0.425,2.14,352.6
6/30/2024 14:00,5388,850,0,26.8,1.53,97.3,0.434,2.66,324.7
6/30/2024 14:15,5389,845,0,26.8,1.46,97.3,0.414,1.53,327.5
6/30/2024 14:30,5390,845,0,27.1,1.48,97.3,0.418,2.04,13.5
6/30/2024 14:45,5391,836,0,27.4,1.5,97.3,0.415,1.76,357.8
6/30/2024 15:00,5392,815,0,27.4,1.48,97.3,0.408,1.51,348.9
6/30/2024 15:15,5393,795,0,27.9,1.51,97.3,0.398,2.16,338.3
6/30/2024 15:30,5394,779,0,28.1,1.52,97.3,0.397,2.06,317.2
6/30/2024 15:45,5395,751,0,28.2,1.53,97.3,0.399,2.35,315.9
6/30/2024 16:00,5396,731,0,28.4,1.54,97.3,0.404,2.33,320.7
6/30/2024 16:15,5397,601,0,28.5,1.58,97.3,0.409,2.37,309.3
6/30/2024 16:30,5398,510,0,27.8,1.53,97.2,0.409,2.13,297.9
6/30/2024 16:45,5399,588,0,28.2,1.54,97.2,0.404,2.98,306.5
6/30/2024 17:00,5400,529,0,28.2,1.56,97.2,0.407,2.99,302
6/30/2024 17:15,5401,608,0,28.4,1.57,97.2,0.405,3.2,302.3
6/30/2024 17:30,5402,474,0,28.1,1.57,97.2,0.416,3.03,299.4
6/30/2024 17:45,5403,542,0,28.4,1.56,97.2,0.407,2.9,304.4
6/30/2024 18:00,5404,499,0,28.2,1.56,97.2,0.406,2.96,291.7
6/30/2024 18:15,5405,514,0,28.5,1.63,97.2,0.419,3.06,300.4
6/30/2024 18:30,5406,422,0,28.1,1.59,97.2,0.421,2.73,285.2
6/30/2024 18:45,5407,372,0,27.9,1.56,97.2,0.415,2.28,279.9
6/30/2024 19:00,5408,334,0,28,1.6,97.2,0.425,2.74,320.2
6/30/2024 19:15,5409,245,0,27.3,1.55,97.2,0.424,3.45,344.8
6/30/2024 19:30,5410,198,0,26.3,1.44,97.2,0.422,3.89,3.3
6/30/2024 19:45,5411,157,0,25.5,1.33,97.2,0.41,4.08,4.6
6/30/2024 20:00,5412,119,0,24.7,1.29,97.2,0.415,4.26,9.9
6/30/2024 20:15,5413,87,0,23.9,1.25,97.2,0.421,4.76,8.9
6/30/2024 20:30,5414,59,0,23.1,1.24,97.2,0.439,4.93,8
6/30/2024 20:45,5415,36,0,22.3,1.23,97.2,0.455,4.49,12.1
6/30/2024 21:00,5416,16,0,21.7,1.21,97.2,0.467,4.42,12.1
6/30/2024 21:15,5417,4,0,21.1,1.2,97.2,0.479,4.49,11.9
6/30/2024 21:30,5418,1,0,20.7,1.19,97.2,0.487,4.77,12.2
6/30/2024 21:45,5419,0,0,20.4,1.18,97.3,0.492,4.56,13.5
6/30/2024 22:00,5420,0,0,20.1,1.17,97.3,0.501,4.3,14.4
6/30/2024 22:15,5421,0,0,19.7,1.17,97.3,0.512,4.29,17
6/30/2024 22:30,5422,0,0,19.3,1.17,97.3,0.521,3.77,16.6
6/30/2024 22:45,5423,0,0,18.9,1.17,97.3,0.536,3.12,18.3
6/30/2024 23:00,5424,0,0,18.5,1.17,97.3,0.55,2.93,18.8
6/30/2024 23:15,5425,0,0,18,1.17,97.3,0.571,2.58,29.3
6/30/2024 23:30,5426,0,0,17.6,1.17,97.3,0.585,1.92,50.2
6/30/2024 23:45,5427,0,0,17.1,1.17,97.3,0.597,1.89,35.9
7/1/2024 0:00,5428,0,0,17.2,1.15,97.3,0.589,2.31,19.5
7/1/2024 0:15,5429,0,0,16.6,1.17,97.3,0.621,2.36,14.2
7/1/2024 0:30,5430,0,0,16.6,1.17,97.3,0.62,2.41,15.6
7/1/2024 0:45,5431,0,0,16.5,1.18,97.3,0.632,2.04,15
7/1/2024 1:00,5432,0,0,15.6,1.2,97.3,0.675,1.32,356
7/1/2024 1:15,5433,0,0,15,1.2,97.3,0.702,1.54,356.8
7/1/2024 1:30,5434,0,0,14.7,1.21,97.3,0.719,1.43,355
7/1/2024 1:45,5435,0,0,14.5,1.21,97.3,0.733,1.52,352.1
7/1/2024 2:00,5436,0,0,13.8,1.21,97.3,0.767,1.11,331.9
7/1/2024 2:15,5437,0,0,13.8,1.21,97.4,0.767,1.37,340
7/1/2024 2:30,5438,0,0,13.9,1.21,97.4,0.763,1.36,340
7/1/2024 2:45,5439,0,0,13.3,1.21,97.4,0.788,0.81,299.3
7/1/2024 3:00,5440,0,0,12.9,1.18,97.4,0.793,0.51,303.6
7/1/2024 3:15,5441,0,0,13.5,1.2,97.4,0.776,0.98,339.4
7/1/2024 3:30,5442,0,0,13.7,1.22,97.4,0.781,1.39,342.4
7/1/2024 3:45,5443,0,0,13.1,1.21,97.4,0.803,1.29,331.6
7/1/2024 4:00,5444,0,0,13.2,1.21,97.4,0.8,1.32,338.8
7/1/2024 4:15,5445,0,0,13.8,1.23,97.4,0.779,1.47,346.9
7/1/2024 4:30,5446,0,0,13.7,1.24,97.4,0.791,1.23,340.9
7/1/2024 4:45,5447,0,0,13.3,1.25,97.4,0.817,0.9,328.9
7/1/2024 5:00,5448,0,0,13.4,1.24,97.4,0.807,1.03,334.7
7/1/2024 5:15,5449,1,0,13.3,1.25,97.4,0.82,1.02,321.4
7/1/2024 5:30,5450,5,0,11.4,1.17,97.5,0.87,0.81,187.4
7/1/2024 5:45,5451,15,0,11.8,1.15,97.5,0.828,0.65,158.1
7/1/2024 6:00,5452,31,0,12,1.19,97.5,0.845,0.78,184.3
7/1/2024 6:15,5453,24,0,11.7,1.19,97.5,0.861,0.86,152.1
7/1/2024 6:30,5454,25,0,12,1.2,97.5,0.854,0.9,148.1
7/1/2024 6:45,5455,37,0,11.9,1.21,97.5,0.868,0.69,163.6
7/1/2024 7:00,5456,44,0,12.1,1.22,97.5,0.861,0.84,163
7/1/2024 7:15,5457,86,0,12.5,1.24,97.5,0.86,0.69,169.9
7/1/2024 7:30,5458,159,0,13.5,1.31,97.5,0.847,0.66,214.6
7/1/2024 7:45,5459,170,0,14.7,1.4,97.5,0.836,0.89,270.2
7/1/2024 8:00,5460,168,0,15.9,1.44,97.5,0.798,0.75,282.9
7/1/2024 8:15,5461,183,0,16.8,1.45,97.5,0.758,1.24,291.2
7/1/2024 8:30,5462,214,0,17.1,1.45,97.5,0.741,1.42,294.1
7/1/2024 8:45,5463,256,0,17.4,1.45,97.5,0.729,1.52,292
7/1/2024 9:00,5464,250,0,18,1.47,97.5,0.716,1.52,306.8
7/1/2024 9:15,5465,275,0,18.4,1.5,97.5,0.714,1.54,307.6
7/1/2024 9:30,5466,317,0,18.9,1.49,97.5,0.686,1.56,323.5
7/1/2024 9:45,5467,442,0,19.6,1.49,97.5,0.656,1.92,335.9
7/1/2024 10:00,5468,467,0,20.3,1.5,97.5,0.637,1.84,344.9
7/1/2024 10:15,5469,502,0,21,1.54,97.5,0.618,1.56,320.8
7/1/2024 10:30,5470,584,0,22.1,1.51,97.5,0.571,2.77,348.7
7/1/2024 10:45,5471,673,0,23,1.36,97.5,0.483,2.79,12.2
7/1/2024 11:00,5472,634,0,23.4,1.36,97.5,0.474,2.44,39
7/1/2024 11:15,5473,711,0,23.9,1.34,97.5,0.451,2.51,17.3
7/1/2024 11:30,5474,735,0,23.9,1.33,97.5,0.448,2.03,16.4
7/1/2024 11:45,5475,741,0,24.2,1.34,97.5,0.44,1.87,15.8
7/1/2024 12:00,5476,745,0,24.6,1.33,97.5,0.427,2.26,11.5
7/1/2024 12:15,5477,799,0,25.1,1.35,97.4,0.424,2.97,13.1
7/1/2024 12:30,5478,817,0,25.3,1.34,97.4,0.412,2.41,27.2
7/1/2024 12:45,5479,842,0,25.4,1.37,97.4,0.418,2.72,352.6
7/1/2024 13:00,5480,693,0,25.1,1.37,97.4,0.435,2.58,320.2
7/1/2024 13:15,5481,858,0,25.3,1.36,97.4,0.418,1.96,310.4
7/1/2024 13:30,5482,852,0,25.9,1.43,97.4,0.428,2.04,306.9
7/1/2024 13:45,5483,864,0,25.9,1.41,97.4,0.42,1.87,325.4
7/1/2024 14:00,5484,856,0,26.3,1.4,97.4,0.413,2.12,305.2
7/1/2024 14:15,5485,838,0,27,1.45,97.4,0.408,3.41,320.6
7/1/2024 14:30,5486,842,0,26.5,1.47,97.4,0.43,3.68,288.1
7/1/2024 14:45,5487,828,0,26.1,1.47,97.3,0.439,3.49,271.9
7/1/2024 15:00,5488,679,0,26.2,1.46,97.3,0.432,3.52,279.1
7/1/2024 15:15,5489,779,0,26.8,1.48,97.3,0.418,2.97,295.5
7/1/2024 15:30,5490,762,0,26.9,1.5,97.3,0.42,2.95,284.1
7/1/2024 15:45,5491,738,0,26.9,1.49,97.3,0.422,3,285.4
7/1/2024 16:00,5492,710,0,27.2,1.46,97.3,0.407,2.91,286.5
7/1/2024 16:15,5493,691,0,27.2,1.5,97.3,0.412,2.63,274.4
7/1/2024 16:30,5494,666,0,27.4,1.52,97.3,0.416,3.09,293.2
7/1/2024 16:45,5495,626,0,27.5,1.49,97.3,0.407,2.9,289.2
7/1/2024 17:00,5496,553,0,27.4,1.49,97.3,0.408,2.34,276.9
7/1/2024 17:15,5497,562,0,27.8,1.5,97.2,0.404,2.03,295.6
7/1/2024 17:30,5498,529,0,27.9,1.52,97.2,0.405,2.8,320.2
7/1/2024 17:45,5499,487,0,28.3,1.54,97.2,0.399,2.71,349.9
7/1/2024 18:00,5500,434,0,28,1.56,97.2,0.413,3.12,352.4
7/1/2024 18:15,5501,394,0,27.5,1.56,97.2,0.427,3.83,5.6
7/1/2024 18:30,5502,351,0,26.9,1.54,97.2,0.432,4.42,3.9
7/1/2024 18:45,5503,310,0,26.3,1.5,97.2,0.437,4.83,2.9
7/1/2024 19:00,5504,270,0,25.9,1.46,97.2,0.439,5.64,8.1
7/1/2024 19:15,5505,233,0,25.4,1.46,97.2,0.449,5.1,11.4
7/1/2024 19:30,5506,193,0,25,1.44,97.2,0.452,4.93,8.4
7/1/2024 19:45,5507,157,0,24.7,1.43,97.2,0.46,4.43,16
7/1/2024 20:00,5508,122,0,24.4,1.4,97.2,0.458,3.67,17.2
7/1/2024 20:15,5509,90,0,23.8,1.33,97.2,0.454,3.23,26.4
7/1/2024 20:30,5510,64,0,22.9,1.36,97.3,0.487,2.87,14.7
7/1/2024 20:45,5511,40,0,22.4,1.36,97.3,0.504,3.62,13
7/1/2024 21:00,5512,20,0,21.6,1.35,97.3,0.524,3.16,12.5
7/1/2024 21:15,5513,5,0,20.7,1.34,97.3,0.548,2.85,12.7
7/1/2024 21:30,5514,1,0,20,1.31,97.3,0.564,2.57,12.3
7/1/2024 21:45,5515,0,0,19.7,1.29,97.3,0.56,2.87,14.3
7/1/2024 22:00,5516,0,0,19.4,1.27,97.3,0.567,2.95,15.9
7/1/2024 22:15,5517,0,0,19,1.25,97.3,0.569,3.07,17.9
7/1/2024 22:30,5518,0,0,19.1,1.22,97.3,0.551,3.29,18.1
7/1/2024 22:45,5519,0,0,19,1.21,97.3,0.551,3.55,16
7/1/2024 23:00,5520,0,0,18.3,1.22,97.4,0.583,3.1,14.3
7/1/2024 23:15,5521,0,0,17.6,1.23,97.4,0.61,2.62,10.5
7/1/2024 23:30,5522,0,0,17.2,1.23,97.4,0.63,2.41,12.7
7/1/2024 23:45,5523,0,0,17,1.23,97.4,0.633,2.65,15.5
7/2/2024 0:00,5524,0,0,16.6,1.22,97.4,0.648,2.19,15
7/2/2024 0:15,5525,0,0,16.3,1.22,97.4,0.66,2.1,13.1
7/2/2024 0:30,5526,0,0,15.8,1.21,97.4,0.674,1.86,16.2
7/2/2024 0:45,5527,0,0,15.3,1.22,97.4,0.701,1.6,6.4
7/2/2024 1:00,5528,0,0,14.6,1.22,97.4,0.732,1.38,351
7/2/2024 1:15,5529,0,0,14.6,1.21,97.4,0.725,1.63,3.7
7/2/2024 1:30,5530,0,0,15.3,1.2,97.4,0.69,2.11,18.1
7/2/2024 1:45,5531,0,0,14.9,1.18,97.4,0.693,1.81,25.5
7/2/2024 2:00,5532,0,0,15.2,1.16,97.4,0.672,2.3,28.6
7/2/2024 2:15,5533,0,0,14.7,1.16,97.4,0.695,1.89,7.2
7/2/2024 2:30,5534,0,0,14.6,1.13,97.4,0.676,2.12,18.6
7/2/2024 2:45,5535,0,0,15.4,1.09,97.4,0.624,3.03,31.1
7/2/2024 3:00,5536,0,0,15,1.12,97.4,0.662,2.63,19.1
7/2/2024 3:15,5537,0,0,13.7,1.16,97.5,0.736,1.66,3.8
7/2/2024 3:30,5538,0,0,13.5,1.14,97.5,0.739,1.69,5.9
7/2/2024 3:45,5539,0,0,13.6,1.16,97.5,0.746,1.95,9.4
7/2/2024 4:00,5540,0,0,13.1,1.16,97.5,0.772,1.86,357.3
7/2/2024 4:15,5541,0,0,13.1,1.16,97.5,0.771,1.81,357.2
7/2/2024 4:30,5542,0,0,12.7,1.15,97.5,0.786,1.7,2.5
7/2/2024 4:45,5543,0,0,12.3,1.15,97.5,0.803,1.3,355.2
7/2/2024 5:00,5544,0,0,12,1.14,97.5,0.811,1.3,339.9
7/2/2024 5:15,5545,1,0,11.9,1.13,97.5,0.813,1.37,339.5
7/2/2024 5:30,5546,4,0,12.1,1.14,97.5,0.803,1.57,341.8
7/2/2024 5:45,5547,12,0,11.4,1.13,97.6,0.839,0.92,326.4
7/2/2024 6:00,5548,33,0,11.7,1.14,97.6,0.83,0.53,311.8
7/2/2024 6:15,5549,48,0,11.9,1.17,97.6,0.836,0.69,271.3
7/2/2024 6:30,5550,67,0,12.5,1.18,97.6,0.815,0.53,308.2
7/2/2024 6:45,5551,89,0,13.4,1.22,97.6,0.793,1.32,343.2
7/2/2024 7:00,5552,111,0,14.2,1.24,97.6,0.765,1.64,349.1
7/2/2024 7:15,5553,111,0,15.2,1.23,97.6,0.716,2.22,357.4
7/2/2024 7:30,5554,176,0,15.8,1.24,97.6,0.689,2.1,355.1
7/2/2024 7:45,5555,211,0,16.5,1.24,97.6,0.659,2.23,356.8
7/2/2024 8:00,5556,247,0,17.1,1.23,97.6,0.634,2.82,0.2
7/2/2024 8:15,5557,285,0,17.7,1.24,97.6,0.61,2.48,352.6
7/2/2024 8:30,5558,323,0,18.4,1.27,97.6,0.596,2.42,347.3
7/2/2024 8:45,5559,362,0,19.1,1.24,97.6,0.558,2.49,354.2
7/2/2024 9:00,5560,401,0,19.6,1.2,97.6,0.525,3.28,358.1
7/2/2024 9:15,5561,440,0,20.1,1.2,97.6,0.509,3.03,350.2
7/2/2024 9:30,5562,478,0,20.6,1.19,97.6,0.491,2.89,352.8
7/2/2024 9:45,5563,516,0,21.2,1.17,97.6,0.47,2.79,355
7/2/2024 10:00,5564,552,0,21.6,1.18,97.6,0.452,2.25,348.3
7/2/2024 10:15,5565,588,0,22.1,1.19,97.6,0.447,2.53,347.7
7/2/2024 10:30,5566,622,0,22.4,1.17,97.6,0.433,2.23,352.5
7/2/2024 10:45,5567,656,0,22.9,1.17,97.6,0.416,2.66,324.3
7/2/2024 11:00,5568,686,0,23.1,1.16,97.6,0.407,2.12,316.9
7/2/2024 11:15,5569,714,0,22.9,1.13,97.6,0.406,1.97,283.2
7/2/2024 11:30,5570,741,0,23.4,1.16,97.6,0.407,2.06,320.7
7/2/2024 11:45,5571,766,0,23.4,1.16,97.6,0.406,2.16,306.6
7/2/2024 12:00,5572,787,0,23.8,1.17,97.6,0.397,2.43,357.1
7/2/2024 12:15,5573,806,0,23.9,1.18,97.6,0.398,1.77,54.1
7/2/2024 12:30,5574,824,0,24.7,1.17,97.6,0.382,2.71,336.8
7/2/2024 12:45,5575,839,0,25.2,1.13,97.6,0.359,3.64,345.4
7/2/2024 13:00,5576,848,0,25.4,1.17,97.5,0.358,3.74,331
7/2/2024 13:15,5577,856,0,24.9,1.19,97.5,0.376,3.67,288.6
7/2/2024 13:30,5578,859,0,25.2,1.17,97.5,0.365,2.64,297.4
7/2/2024 13:45,5579,861,0,25.6,1.2,97.5,0.366,2.93,298.7
7/2/2024 14:00,5580,857,0,26,1.21,97.5,0.362,3.24,302.6
7/2/2024 14:15,5581,850,0,26.3,1.19,97.5,0.348,2.69,319.9
7/2/2024 14:30,5582,842,0,26.5,1.23,97.5,0.358,2.84,308.8
7/2/2024 14:45,5583,829,0,26.7,1.22,97.4,0.35,2.55,304.8
7/2/2024 15:00,5584,817,0,27.3,1.2,97.4,0.336,2.98,330.5
7/2/2024 15:15,5585,800,0,27.4,1.14,97.4,0.318,3.79,336.7
7/2/2024 15:30,5586,779,0,27.9,1.17,97.4,0.311,4.05,327.8
7/2/2024 15:45,5587,754,0,27.7,1.14,97.4,0.308,3.23,309.6
7/2/2024 16:00,5588,727,0,27.7,1.12,97.4,0.3,2.5,310
7/2/2024 16:15,5589,693,0,28,1.14,97.3,0.302,1.92,324.4
7/2/2024 16:30,5590,661,0,28.2,1.15,97.3,0.299,2.02,328.9
7/2/2024 16:45,5591,628,0,28.4,1.16,97.3,0.302,2.01,308.9
7/2/2024 17:00,5592,595,0,28.8,1.15,97.3,0.294,1.62,345.2
7/2/2024 17:15,5593,558,0,28.9,1.16,97.3,0.29,1.46,342
7/2/2024 17:30,5594,521,0,28.9,1.22,97.3,0.305,2.46,3.2
7/2/2024 17:45,5595,482,0,28.7,1.2,97.2,0.304,2.98,348.9
7/2/2024 18:00,5596,441,0,28.6,1.22,97.2,0.311,3.45,2.6
7/2/2024 18:15,5597,401,0,28.1,1.23,97.2,0.326,3.86,3.2
7/2/2024 18:30,5598,363,0,27.7,1.21,97.2,0.325,3.78,4.6
7/2/2024 18:45,5599,321,0,27.1,1.23,97.2,0.347,4.08,359.1
7/2/2024 19:00,5600,281,0,26.5,1.29,97.2,0.372,3.95,359
7/2/2024 19:15,5601,239,0,26,1.28,97.2,0.381,3.77,359.1
7/2/2024 19:30,5602,199,0,25.3,1.27,97.2,0.394,3.93,356.9
7/2/2024 19:45,5603,162,0,24.5,1.26,97.2,0.412,3.49,357.5
7/2/2024 20:00,5604,125,0,23.5,1.25,97.2,0.431,3.83,3.3
7/2/2024 20:15,5605,91,0,23,1.21,97.2,0.432,4.32,5.1
7/2/2024 20:30,5606,62,0,22.4,1.16,97.2,0.43,4.41,3.2
7/2/2024 20:45,5607,37,0,21.6,1.14,97.2,0.443,4.01,4.6
7/2/2024 21:00,5608,17,0,21,1.13,97.2,0.455,4.45,9.4
7/2/2024 21:15,5609,4,0,20.3,1.12,97.2,0.469,4.14,11.2
7/2/2024 21:30,5610,1,0,19.8,1.11,97.2,0.48,4.63,15
7/2/2024 21:45,5611,0,0,19.3,1.1,97.3,0.492,4.39,12.5
7/2/2024 22:00,5612,0,0,18.9,1.1,97.3,0.502,4.38,13.5
7/2/2024 22:15,5613,0,0,18.5,1.09,97.3,0.512,4.23,14.4
7/2/2024 22:30,5614,0,0,18.1,1.08,97.3,0.523,4.03,20.4
7/2/2024 22:45,5615,0,0,17.7,1.08,97.3,0.536,4.02,16.4
7/2/2024 23:00,5616,0,0,17.3,1.08,97.3,0.544,4.07,16.9
7/2/2024 23:15,5617,0,0,16.9,1.08,97.3,0.56,3.88,18.2
7/2/2024 23:30,5618,0,0,16.3,1.08,97.3,0.582,2.68,6.4
7/2/2024 23:45,5619,0,0,15.4,1.08,97.4,0.617,2.24,330.3
7/3/2024 0:00,5620,0,0,14.3,1.08,97.4,0.665,1.74,305.5
7/3/2024 0:15,5621,0,0,14.2,1.07,97.4,0.665,2.22,309
7/3/2024 0:30,5622,0,0,14.2,1.07,97.4,0.663,2.27,330
7/3/2024 0:45,5623,0,0,13.4,1.07,97.4,0.697,2.06,341.9
7/3/2024 1:00,5624,0,0,13.7,1.06,97.4,0.679,2.72,344.1
7/3/2024 1:15,5625,0,0,14,1.05,97.4,0.656,3.15,349
7/3/2024 1:30,5626,0,0,14.5,1.04,97.4,0.627,3.34,350
7/3/2024 1:45,5627,0,0,14.8,1.03,97.4,0.615,3.63,350
7/3/2024 2:00,5628,0,0,15,1.01,97.5,0.595,3.49,350.8
7/3/2024 2:15,5629,0,0,15.1,0.98,97.5,0.574,3.01,358.1
7/3/2024 2:30,5630,0,0,15.1,0.97,97.5,0.568,3.09,0.6
7/3/2024 2:45,5631,0,0,14.9,0.97,97.5,0.573,3.3,6.3
7/3/2024 3:00,5632,0,0,14.5,0.98,97.5,0.595,3.02,10.4
7/3/2024 3:15,5633,0,0,14.2,0.98,97.5,0.606,2.56,6.8
7/3/2024 3:30,5634,0,0,14.2,0.98,97.5,0.605,3.01,19.1
7/3/2024 3:45,5635,0,0,14.2,0.98,97.5,0.603,3.5,19.8
7/3/2024 4:00,5636,0,0,14,0.98,97.6,0.611,3.4,23.5
7/3/2024 4:15,5637,0,0,14,0.98,97.6,0.614,3.37,29.8
7/3/2024 4:30,5638,0,0,13.9,0.97,97.6,0.612,2.94,25.1
7/3/2024 4:45,5639,0,0,13.7,0.97,97.6,0.623,2.56,24
7/3/2024 5:00,5640,0,0,13,0.98,97.6,0.658,1.79,32.8
7/3/2024 5:15,5641,0,0,12.5,0.98,97.6,0.678,1.76,27.1
7/3/2024 5:30,5642,3,0,12.1,0.98,97.7,0.697,1.5,30.1
7/3/2024 5:45,5643,9,0,11.9,0.99,97.7,0.71,1.41,27.7
7/3/2024 6:00,5644,23,0,11.7,1.01,97.7,0.737,1.14,32.4
7/3/2024 6:15,5645,41,0,12,1.05,97.7,0.747,1.07,31.3
7/3/2024 6:30,5646,61,0,12.6,1.08,97.7,0.737,1.12,37.6
7/3/2024 6:45,5647,84,0,13.2,1.1,97.7,0.729,1.45,14.8
7/3/2024 7:00,5648,111,0,13.9,1.14,97.7,0.717,1.46,32.2
7/3/2024 7:15,5649,140,0,15,1.18,97.7,0.692,1.74,21.9
7/3/2024 7:30,5650,172,0,15.6,1.2,97.7,0.68,1.54,4
7/3/2024 7:45,5651,206,0,16.4,1.21,97.8,0.653,2.26,19
7/3/2024 8:00,5652,242,0,17,1.21,97.8,0.628,2.6,24.1
7/3/2024 8:15,5653,279,0,17.8,1.23,97.8,0.607,1.98,20.2
7/3/2024 8:30,5654,318,0,18.6,1.24,97.8,0.582,2.11,21.7
7/3/2024 8:45,5655,356,0,19.2,1.24,97.8,0.551,2.36,31.8
7/3/2024 9:00,5656,394,0,19.8,1.24,97.8,0.533,2.55,30.4
7/3/2024 9:15,5657,432,0,20.4,1.24,97.9,0.523,2.39,28.3
7/3/2024 9:30,5658,470,0,20.9,1.27,97.9,0.517,2.42,44.9
7/3/2024 9:45,5659,508,0,21.4,1.28,97.8,0.504,2.64,47.6
7/3/2024 10:00,5660,544,0,21.9,1.28,97.9,0.49,2.31,20.2
7/3/2024 10:15,5661,579,0,22.4,1.29,97.9,0.474,1.97,44.7
7/3/2024 10:30,5662,613,0,23,1.32,97.9,0.471,2.09,35.8
7/3/2024 10:45,5663,646,0,23.5,1.32,97.9,0.455,1.9,29.6
7/3/2024 11:00,5664,676,0,23.7,1.31,97.9,0.449,1.82,31.1
7/3/2024 11:15,5665,705,0,24.1,1.32,97.9,0.435,1.87,53.6
7/3/2024 11:30,5666,732,0,24.3,1.3,97.9,0.425,1.85,59.3
7/3/2024 11:45,5667,758,0,24.4,1.3,97.9,0.425,1.93,63.6
7/3/2024 12:00,5668,779,0,24.7,1.3,97.9,0.417,1.85,69.3
7/3/2024 12:15,5669,797,0,25.1,1.3,97.9,0.406,1.37,37.8
7/3/2024 12:30,5670,815,0,25.6,1.29,97.9,0.391,1.69,33.1
7/3/2024 12:45,5671,831,0,25.8,1.22,97.9,0.371,1.41,46.8
7/3/2024 13:00,5672,839,0,25.9,1.24,97.9,0.37,1.52,5.1
7/3/2024 13:15,5673,849,0,26.2,1.18,97.9,0.348,1.37,349.5
7/3/2024 13:30,5674,849,0,26.5,1.25,97.9,0.357,2.15,342.9
7/3/2024 13:45,5675,849,0,26.5,1.28,97.9,0.367,2.29,307.4
7/3/2024 14:00,5676,850,0,26.6,1.3,97.8,0.375,2.09,304.8
7/3/2024 14:15,5677,846,0,26.5,1.3,97.8,0.379,1.84,285.8
7/3/2024 14:30,5678,836,0,26.6,1.29,97.8,0.367,1.56,273.3
7/3/2024 14:45,5679,824,0,26.9,1.26,97.8,0.354,2.13,304.1
7/3/2024 15:00,5680,807,0,26.7,1.25,97.8,0.36,1.98,282.8
7/3/2024 15:15,5681,789,0,27.1,1.28,97.8,0.359,2.57,292.4
7/3/2024 15:30,5682,768,0,27,1.28,97.8,0.363,2.51,310.6
7/3/2024 15:45,5683,747,0,27.4,1.29,97.8,0.355,2.48,313
7/3/2024 16:00,5684,720,0,27.2,1.31,97.8,0.361,1.96,294.3
7/3/2024 16:15,5685,690,0,27.5,1.34,97.8,0.365,2.41,298.2
7/3/2024 16:30,5686,658,0,27.5,1.35,97.8,0.368,2.87,295.9
7/3/2024 16:45,5687,627,0,27.1,1.34,97.7,0.372,3.26,283.4
7/3/2024 17:00,5688,592,0,26.8,1.33,97.7,0.378,3.3,268.3
7/3/2024 17:15,5689,558,0,26.8,1.32,97.7,0.375,2.92,270.3
7/3/2024 17:30,5690,520,0,27.3,1.33,97.7,0.371,3.15,284.9
7/3/2024 17:45,5691,479,0,26.9,1.34,97.7,0.375,3.49,284.2
7/3/2024 18:00,5692,437,0,27,1.34,97.7,0.377,2.7,278.3
7/3/2024 18:15,5693,396,0,26.8,1.35,97.7,0.384,2.87,276.2
7/3/2024 18:30,5694,353,0,26.6,1.39,97.6,0.402,2.65,267.2
7/3/2024 18:45,5695,313,0,26.6,1.37,97.6,0.391,2.79,276.6
7/3/2024 19:00,5696,273,0,26.4,1.38,97.6,0.402,2.58,268.4
7/3/2024 19:15,5697,230,0,26.3,1.42,97.6,0.417,2.59,280.3
7/3/2024 19:30,5698,194,0,25.9,1.41,97.6,0.421,2.62,280
7/3/2024 19:45,5699,157,0,25.7,1.43,97.6,0.432,2.05,283.9
7/3/2024 20:00,5700,122,0,24.9,1.48,97.6,0.472,1.72,271.4
7/3/2024 20:15,5701,90,0,23.9,1.53,97.6,0.515,1.32,264.8
7/3/2024 20:30,5702,60,0,23.3,1.5,97.6,0.525,1.44,268.1
7/3/2024 20:45,5703,37,0,22.6,1.45,97.6,0.529,1.54,267.2
7/3/2024 21:00,5704,18,0,21.7,1.42,97.6,0.548,1.46,267.3
7/3/2024 21:15,5705,5,0,20.8,1.38,97.6,0.561,1.44,259.4
7/3/2024 21:30,5706,1,0,19.8,1.36,97.6,0.59,1.29,254.3
7/3/2024 21:45,5707,0,0,19.3,1.32,97.7,0.592,1.16,255
7/3/2024 22:00,5708,0,0,19.2,1.28,97.7,0.578,1.25,255.5
7/3/2024 22:15,5709,0,0,18.8,1.25,97.7,0.575,1.6,255.2
7/3/2024 22:30,5710,0,0,18.2,1.23,97.7,0.591,1.33,250.5
7/3/2024 22:45,5711,0,0,17.8,1.22,97.7,0.6,1.08,270.6
7/3/2024 23:00,5712,0,0,18,1.22,97.7,0.592,1.32,269.9
7/3/2024 23:15,5713,0,0,17.1,1.23,97.7,0.635,0.81,217.9
7/3/2024 23:30,5714,0,0,15.5,1.2,97.7,0.68,1.01,147.3
7/3/2024 23:45,5715,0,0,15.2,1.16,97.7,0.669,1.02,150.3
7/4/2024 0:00,5716,0,0,15.1,1.15,97.7,0.667,1.05,134.8
7/4/2024 0:15,5717,0,0,16.1,1.13,97.7,0.624,0.82,119.2
7/4/2024 0:30,5718,0,0,16.2,1.12,97.7,0.615,0.73,333.8
7/4/2024 0:45,5719,0,0,15.3,1.11,97.7,0.634,0.62,358.5
7/4/2024 1:00,5720,0,0,14.6,1.08,97.7,0.648,0.83,196.1
7/4/2024 1:15,5721,0,0,13.2,1.07,97.8,0.702,0.74,211.6
7/4/2024 1:30,5722,0,0,14.6,1.06,97.8,0.646,0.69,295.1
7/4/2024 1:45,5723,0,0,15.3,1.07,97.8,0.618,1.42,347.8
7/4/2024 2:00,5724,0,0,14.8,1.08,97.8,0.638,1.3,5.9
7/4/2024 2:15,5725,0,0,13.7,1.06,97.8,0.677,0.52,115.5
7/4/2024 2:30,5726,0,0,14.9,1.06,97.8,0.63,1.71,13.7
7/4/2024 2:45,5727,0,0,14.8,1.09,97.8,0.645,1.53,7.1
7/4/2024 3:00,5728,0,0,15,1.08,97.8,0.634,1.67,6.3
7/4/2024 3:15,5729,0,0,14.7,1.08,97.8,0.648,1.67,1.6
7/4/2024 3:30,5730,0,0,13.8,1.08,97.8,0.685,1.27,355.8
7/4/2024 3:45,5731,0,0,13.4,1.07,97.8,0.698,0.81,354.9
7/4/2024 4:00,5732,0,0,13.1,1.06,97.8,0.702,0.69,82
7/4/2024 4:15,5733,0,0,13.2,1.05,97.8,0.693,1.18,34
7/4/2024 4:30,5734,0,0,13.1,1.06,97.8,0.703,1.44,36
7/4/2024 4:45,5735,0,0,13.4,1.06,97.8,0.689,1.87,61.7
7/4/2024 5:00,5736,0,0,13.6,1.07,97.8,0.688,1.69,50.2
7/4/2024 5:15,5737,0,0,13.2,1.07,97.9,0.701,1.41,64.5
7/4/2024 5:30,5738,3,0,12.2,1.06,97.9,0.748,0.64,177.2
7/4/2024 5:45,5739,10,0,11.9,1.03,97.9,0.744,0.64,115.1
7/4/2024 6:00,5740,27,0,11.4,1.05,97.9,0.778,0.77,176.8
7/4/2024 6:15,5741,45,0,10.8,1.05,97.9,0.808,0.84,165.6
7/4/2024 6:30,5742,64,0,12.2,1.11,97.9,0.786,0.61,142
7/4/2024 6:45,5743,87,0,11.7,1.17,97.9,0.849,1.18,207.7
7/4/2024 7:00,5744,113,0,12.4,1.18,97.9,0.822,1.12,182.4
7/4/2024 7:15,5745,142,0,13.6,1.23,98,0.793,0.97,177.5
7/4/2024 7:30,5746,174,0,14.9,1.3,98,0.765,0.76,186.9
7/4/2024 7:45,5747,208,0,16.5,1.32,98,0.707,0.72,225
7/4/2024 8:00,5748,244,0,17.2,1.31,98,0.666,0.77,258.4
7/4/2024 8:15,5749,282,0,17.8,1.28,98,0.632,0.75,278.6
7/4/2024 8:30,5750,320,0,18.5,1.29,98,0.61,0.6,320.9
7/4/2024 8:45,5751,358,0,18.9,1.33,98,0.613,0.91,324.7
7/4/2024 9:00,5752,397,0,19.3,1.32,98.1,0.592,1.23,342.3
7/4/2024 9:15,5753,437,0,20.2,1.29,98.1,0.546,1.53,328.4
7/4/2024 9:30,5754,474,0,20.6,1.27,98,0.524,1.41,316.5
7/4/2024 9:45,5755,511,0,20.9,1.33,98,0.538,1.13,287.8
7/4/2024 10:00,5756,547,0,21.2,1.34,98,0.53,1.52,305.8
7/4/2024 10:15,5757,582,0,21.6,1.36,98,0.531,1.27,302.4
7/4/2024 10:30,5758,616,0,21.9,1.37,98.1,0.517,1.01,339.2
7/4/2024 10:45,5759,649,0,22.7,1.39,98.1,0.504,0.91,345.1
7/4/2024 11:00,5760,681,0,23.1,1.37,98.1,0.485,0.77,290.1
7/4/2024 11:15,5761,711,0,23.7,1.33,98,0.455,1.21,317.2
7/4/2024 11:30,5762,739,0,24.2,1.32,98,0.436,1.41,311.2
7/4/2024 11:45,5763,764,0,24.7,1.34,98,0.433,1.23,296.3
7/4/2024 12:00,5764,786,0,24.9,1.36,98,0.433,1.24,328.7
7/4/2024 12:15,5765,804,0,25.3,1.37,98,0.422,1.22,342.6
7/4/2024 12:30,5766,821,0,25.8,1.33,98,0.397,1.32,304.9
7/4/2024 12:45,5767,834,0,26.3,1.34,98,0.39,1.29,299.3
7/4/2024 13:00,5768,845,0,26.8,1.37,98,0.393,1.26,312.9
7/4/2024 13:15,5769,853,0,27.1,1.34,98,0.374,1.9,309.2
7/4/2024 13:30,5770,858,0,27.3,1.27,98,0.35,1.51,314.1
7/4/2024 13:45,5771,859,0,27.7,1.25,98,0.338,1.33,327.1
7/4/2024 14:00,5772,858,0,27.9,1.23,98,0.327,1.31,328.6
7/4/2024 14:15,5773,855,0,28.6,1.27,98,0.332,1.94,313.8
7/4/2024 14:30,5774,846,0,28.5,1.28,97.9,0.328,1.57,298.9
7/4/2024 14:45,5775,834,0,28.5,1.3,97.9,0.333,1.21,280.2
7/4/2024 15:00,5776,819,0,29.2,1.33,97.9,0.328,1.49,337.8
7/4/2024 15:15,5777,802,0,29.4,1.28,97.9,0.311,1.9,335.1
7/4/2024 15:30,5778,782,0,29.7,1.3,97.9,0.309,1.89,328.3
7/4/2024 15:45,5779,757,0,29.5,1.3,97.9,0.316,1.88,322
7/4/2024 16:00,5780,732,0,29.9,1.31,97.9,0.31,1.42,357.1
7/4/2024 16:15,5781,702,0,30.2,1.28,97.8,0.298,1.79,329.1
7/4/2024 16:30,5782,671,0,30.5,1.3,97.8,0.298,1.94,349.3
7/4/2024 16:45,5783,637,0,30.2,1.17,97.8,0.274,2.18,303.8
7/4/2024 17:00,5784,602,0,30.5,1.21,97.8,0.28,2.06,326.4
7/4/2024 17:15,5785,566,0,30.5,1.19,97.8,0.274,1.91,325.7
7/4/2024 17:30,5786,530,0,30.6,1.13,97.8,0.259,2.05,347.7
7/4/2024 17:45,5787,492,0,30.5,1.06,97.7,0.243,1.48,314.1
7/4/2024 18:00,5788,451,0,30.4,1.09,97.7,0.25,1.58,299.4
7/4/2024 18:15,5789,408,0,30.4,1.11,97.7,0.255,1.55,319.3
7/4/2024 18:30,5790,366,0,30.4,1.05,97.7,0.244,1.54,334.5
7/4/2024 18:45,5791,327,0,30.5,1.1,97.7,0.252,1.12,5.5
7/4/2024 19:00,5792,283,0,30,1.11,97.7,0.263,0.82,48.2
7/4/2024 19:15,5793,240,0,30.1,1.03,97.7,0.242,0.44,284.4
7/4/2024 19:30,5794,198,0,30.1,1.04,97.7,0.245,0.28,311.5
7/4/2024 19:45,5795,161,0,29.9,1.14,97.7,0.27,0.51,257.9
7/4/2024 20:00,5796,124,0,29.6,1.06,97.7,0.255,0.52,252.2
7/4/2024 20:15,5797,91,0,28.3,1.17,97.7,0.305,0.44,192.4
7/4/2024 20:30,5798,62,0,27.6,1.21,97.7,0.329,0.45,110
7/4/2024 20:45,5799,37,0,26.2,1.25,97.6,0.369,0.31,161.8
7/4/2024 21:00,5800,17,0,24.9,1.29,97.6,0.411,0.37,152.8
7/4/2024 21:15,5801,4,0,24.2,1.4,97.7,0.466,0.58,116.4
7/4/2024 21:30,5802,1,0,25.2,1.04,97.7,0.326,0.75,99.6
7/4/2024 21:45,5803,0,0,25.4,0.9,97.7,0.278,0.42,102.1
7/4/2024 22:00,5804,0,0,25.1,0.85,97.7,0.269,0.64,94.5
7/4/2024 22:15,5805,0,0,23.9,0.91,97.7,0.308,1.46,95.6
7/4/2024 22:30,5806,0,0,17.8,1.21,97.7,0.594,1.16,140.9
7/4/2024 22:45,5807,0,0,18.7,1.19,97.7,0.558,1.16,108.3
7/4/2024 23:00,5808,0,0,16.6,1.25,97.7,0.659,0.54,204.5
7/4/2024 23:15,5809,0,0,17.6,1.2,97.7,0.602,0.6,123.4
7/4/2024 23:30,5810,0,0,15.5,1.21,97.7,0.687,1.01,176
7/4/2024 23:45,5811,0,0,16.1,1.2,97.7,0.656,0.93,128.6
7/5/2024 0:00,5812,0,0,15.9,1.18,97.7,0.651,0.76,158.6
7/5/2024 0:15,5813,0,0,14.7,1.19,97.7,0.711,1.17,157
7/5/2024 0:30,5814,0,0,15.2,1.16,97.7,0.677,0.73,150.4
7/5/2024 0:45,5815,0,0,13.8,1.2,97.7,0.76,1.11,177.4
7/5/2024 1:00,5816,0,0,15.7,1.07,97.7,0.606,1.26,155
7/5/2024 1:15,5817,0,0,16.6,1,97.7,0.535,1.05,134.6
7/5/2024 1:30,5818,0,0,17.9,0.98,97.7,0.482,1.01,136.7
7/5/2024 1:45,5819,0,0,18.4,0.97,97.7,0.463,0.92,129.3
7/5/2024 2:00,5820,0,0,15.8,1.05,97.7,0.586,1,154.4
7/5/2024 2:15,5821,0,0,17.4,1,97.7,0.505,0.81,128.9
7/5/2024 2:30,5822,0,0,17.9,0.99,97.7,0.496,0.89,111.9
7/5/2024 2:45,5823,0,0,20.6,0.95,97.7,0.389,1.23,101.4
7/5/2024 3:00,5824,0,0,16.8,1.05,97.7,0.555,0.7,151.5
7/5/2024 3:15,5825,0,0,16.8,1.05,97.7,0.556,1.11,119.6
7/5/2024 3:30,5826,0,0,20.2,0.95,97.7,0.405,1.09,90.2
7/5/2024 3:45,5827,0,0,17.4,1.03,97.7,0.518,0.58,5.5
7/5/2024 4:00,5828,0,0,16.6,1.04,97.7,0.553,0.8,60.1
7/5/2024 4:15,5829,0,0,14.6,1.05,97.7,0.634,0.65,191.1
7/5/2024 4:30,5830,0,0,15.8,1.01,97.7,0.564,0.83,54.7
7/5/2024 4:45,5831,0,0,16.3,1.03,97.7,0.555,1.64,45.2
7/5/2024 5:00,5832,0,0,16.3,1.03,97.7,0.554,1.13,41.9
7/5/2024 5:15,5833,0,0,16.7,1.01,97.7,0.533,1.63,29.3
7/5/2024 5:30,5834,3,0,16.8,1,97.7,0.525,1.45,7
7/5/2024 5:45,5835,9,0,14.7,1.06,97.7,0.631,0.52,251.2
7/5/2024 6:00,5836,25,0,14.8,1.02,97.7,0.611,0.87,127.3
7/5/2024 6:15,5837,44,0,14.8,1.04,97.7,0.62,0.9,159.2
7/5/2024 6:30,5838,64,0,14.9,1.09,97.7,0.648,0.94,151.9
7/5/2024 6:45,5839,87,0,16.1,1.1,97.7,0.604,0.65,153.8
7/5/2024 7:00,5840,112,0,17.1,1.16,97.8,0.596,0.4,166.2
7/5/2024 7:15,5841,139,0,17.7,1.22,97.8,0.602,0.42,182.7
7/5/2024 7:30,5842,166,0,19,1.26,97.8,0.575,0.31,93.8
7/5/2024 7:45,5843,195,0,19.7,1.25,97.8,0.546,0.65,8.9
7/5/2024 8:00,5844,234,0,20.2,1.3,97.8,0.551,0.87,301.4
7/5/2024 8:15,5845,273,0,20.8,1.33,97.8,0.541,0.84,344.5
7/5/2024 8:30,5846,310,0,21,1.34,97.8,0.541,0.97,357.8
7/5/2024 8:45,5847,353,0,21.4,1.39,97.8,0.55,0.89,10.8
7/5/2024 9:00,5848,395,0,21.8,1.33,97.8,0.511,1.23,29.4
7/5/2024 9:15,5849,428,0,22.1,1.38,97.8,0.52,1.1,12.6
7/5/2024 9:30,5850,467,0,22.6,1.37,97.8,0.499,1.25,356.9
7/5/2024 9:45,5851,505,0,23.2,1.41,97.8,0.496,0.94,36
7/5/2024 10:00,5852,542,0,23.9,1.43,97.8,0.482,1.05,13.4
7/5/2024 10:15,5853,577,0,24.3,1.41,97.8,0.464,1.21,28.4
7/5/2024 10:30,5854,608,0,24.7,1.45,97.8,0.468,0.95,25.5
7/5/2024 10:45,5855,640,0,25.3,1.51,97.8,0.469,0.95,2.4
7/5/2024 11:00,5856,670,0,26,1.5,97.8,0.443,0.98,346.1
7/5/2024 11:15,5857,701,0,26.6,1.5,97.8,0.432,1.48,324.3
7/5/2024 11:30,5858,730,0,27.1,1.51,97.8,0.421,1.12,347.5
7/5/2024 11:45,5859,754,0,27.5,1.53,97.8,0.417,1.03,17.2
7/5/2024 12:00,5860,779,0,28.1,1.52,97.8,0.399,1.3,328.2
7/5/2024 12:15,5861,796,0,28.6,1.55,97.8,0.399,1.33,348.8
7/5/2024 12:30,5862,815,0,29.2,1.56,97.8,0.385,1.45,20.5
7/5/2024 12:45,5863,829,0,29.6,1.46,97.7,0.357,1.61,42.6
7/5/2024 13:00,5864,843,0,29.8,1.42,97.7,0.341,1.27,38.7
7/5/2024 13:15,5865,847,0,30.4,1.38,97.7,0.316,1.11,9
7/5/2024 13:30,5866,850,0,30.8,1.38,97.7,0.313,1.25,30.9
7/5/2024 13:45,5867,847,0,31.3,1.4,97.7,0.306,1.51,12.3
7/5/2024 14:00,5868,843,0,31.7,1.4,97.7,0.299,1.51,346
7/5/2024 14:15,5869,839,0,31.9,1.46,97.7,0.31,1.61,334.3
7/5/2024 14:30,5870,827,0,32.1,1.48,97.6,0.309,1.55,329.3
7/5/2024 14:45,5871,815,0,32,1.5,97.6,0.317,1.96,289.3
7/5/2024 15:00,5872,802,0,32.7,1.51,97.6,0.304,2.02,313.4
7/5/2024 15:15,5873,785,0,32.8,1.42,97.6,0.284,1.52,349.3
7/5/2024 15:30,5874,762,0,33,1.38,97.6,0.276,1.64,345.5
7/5/2024 15:45,5875,739,0,33.1,1.39,97.6,0.275,1.32,324.5
7/5/2024 16:00,5876,709,0,33.3,1.42,97.6,0.278,1.4,294.2
7/5/2024 16:15,5877,679,0,33.3,1.45,97.6,0.283,2.19,305.6
7/5/2024 16:30,5878,650,0,33,1.43,97.5,0.286,1.9,284.4
7/5/2024 16:45,5879,622,0,33.4,1.41,97.5,0.272,2.08,292.6
7/5/2024 17:00,5880,589,0,33.4,1.39,97.5,0.268,1.63,292.5
7/5/2024 17:15,5881,552,0,33.3,1.51,97.5,0.295,1.63,266.5
7/5/2024 17:30,5882,511,0,33,1.55,97.5,0.309,1.51,261.1
7/5/2024 17:45,5883,476,0,33.4,1.46,97.4,0.284,1.99,288.5
7/5/2024 18:00,5884,436,0,33,1.7,97.4,0.339,1.5,266
7/5/2024 18:15,5885,396,0,32.7,1.71,97.4,0.345,1.93,272.6
7/5/2024 18:30,5886,354,0,32.3,1.72,97.4,0.355,2.46,279.4
7/5/2024 18:45,5887,312,0,32,1.8,97.3,0.379,2.48,285.1
7/5/2024 19:00,5888,272,0,31.5,1.8,97.3,0.389,2.64,292.7
7/5/2024 19:15,5889,231,0,31,1.87,97.3,0.415,2.14,294.8
7/5/2024 19:30,5890,194,0,30.5,1.85,97.3,0.424,1.77,282
7/5/2024 19:45,5891,156,0,29.9,1.77,97.3,0.42,1.78,278.7
7/5/2024 20:00,5892,121,0,29.2,1.7,97.3,0.42,1.71,283.1
7/5/2024 20:15,5893,88,0,28.3,1.7,97.3,0.443,1.54,275.4
7/5/2024 20:30,5894,60,0,27.6,1.65,97.2,0.446,1.36,272
7/5/2024 20:45,5895,37,0,27.1,1.63,97.2,0.456,1,298.8
7/5/2024 21:00,5896,17,0,25.8,1.61,97.2,0.484,1.26,278.9
7/5/2024 21:15,5897,4,0,24.9,1.5,97.2,0.476,1.47,285.7
7/5/2024 21:30,5898,1,0,24.6,1.4,97.2,0.454,1.38,287.5
7/5/2024 21:45,5899,0,0,24.2,1.39,97.2,0.463,1.26,285.4
7/5/2024 22:00,5900,0,0,23.5,1.4,97.2,0.484,0.96,275.1
7/5/2024 22:15,5901,0,0,23.1,1.39,97.2,0.491,0.54,239.3
7/5/2024 22:30,5902,0,0,22.6,1.35,97.2,0.493,0.67,317.4
7/5/2024 22:45,5903,0,0,21.7,1.37,97.2,0.528,1.85,13
7/5/2024 23:00,5904,0,0,23.1,1.3,97.2,0.466,2.01,4.4
7/5/2024 23:15,5905,0,0,23.4,1.19,97.2,0.416,2.76,5.2
7/5/2024 23:30,5906,0,0,23.4,1.15,97.2,0.399,3.38,5.5
7/5/2024 23:45,5907,0,0,23.2,1.15,97.2,0.402,3.32,12.2
7/6/2024 0:00,5908,0,0,22.8,1.14,97.2,0.414,2.7,21.1
7/6/2024 0:15,5909,0,0,21.5,1.16,97.2,0.45,1.72,20.7
7/6/2024 0:30,5910,0,0,20.4,1.14,97.2,0.479,1.15,341.8
7/6/2024 0:45,5911,0,0,19.7,1.12,97.2,0.488,0.75,66.7
7/6/2024 1:00,5912,0,0,19.8,1.1,97.2,0.477,2.26,4.5
7/6/2024 1:15,5913,0,0,19.2,1.1,97.2,0.492,2.22,2.8
7/6/2024 1:30,5914,0,0,19.2,1.08,97.2,0.488,1.91,357.8
7/6/2024 1:45,5915,0,0,18.6,1.08,97.2,0.505,1.43,40.6
7/6/2024 2:00,5916,0,0,18.8,1.07,97.2,0.494,1.79,24
7/6/2024 2:15,5917,0,0,18.2,1.08,97.2,0.52,1.33,22.8
7/6/2024 2:30,5918,0,0,18.6,1.06,97.2,0.496,1.9,3.6
7/6/2024 2:45,5919,0,0,18.8,1.04,97.2,0.476,2.33,12.3
7/6/2024 3:00,5920,0,0,18.5,1.03,97.2,0.484,1.97,56.1
7/6/2024 3:15,5921,0,0,17.3,1.06,97.2,0.539,1.69,43.8
7/6/2024 3:30,5922,0,0,17.3,1.05,97.2,0.535,1.67,11.7
7/6/2024 3:45,5923,0,0,17.8,1.01,97.2,0.499,1.88,17.2
7/6/2024 4:00,5924,0,0,16.7,1.04,97.2,0.546,1.89,63.7
7/6/2024 4:15,5925,0,0,16.8,1.02,97.2,0.534,1.64,61.7
7/6/2024 4:30,5926,0,0,16.3,1.02,97.2,0.552,1.47,60.4
7/6/2024 4:45,5927,0,0,16,0.99,97.2,0.546,1.18,57.3
7/6/2024 5:00,5928,0,0,15.6,0.99,97.2,0.558,0.89,335.9
7/6/2024 5:15,5929,0,0,16.3,0.99,97.2,0.533,1.51,4.1
7/6/2024 5:30,5930,3,0,16.3,0.97,97.2,0.525,1.67,11
7/6/2024 5:45,5931,10,0,16.2,0.97,97.2,0.528,1.62,7
7/6/2024 6:00,5932,27,0,16.2,1,97.2,0.542,1.33,1.2
7/6/2024 6:15,5933,44,0,17.2,1.01,97.2,0.515,1.84,10.1
7/6/2024 6:30,5934,64,0,18.7,1,97.2,0.467,2.27,15.1
7/6/2024 6:45,5935,87,0,18.5,1.04,97.2,0.488,1.91,13.1
7/6/2024 7:00,5936,115,0,18.5,1.12,97.2,0.528,1.7,57
7/6/2024 7:15,5937,146,0,19.4,1.21,97.2,0.539,1.54,24
7/6/2024 7:30,5938,183,0,20.6,1.23,97.2,0.508,1.45,18.9
7/6/2024 7:45,5939,222,0,21.1,1.28,97.2,0.512,1.1,54.6
7/6/2024 8:00,5940,250,0,22.2,1.36,97.2,0.509,1.32,40.9
7/6/2024 8:15,5941,281,0,22.7,1.44,97.2,0.522,1.16,12
7/6/2024 8:30,5942,318,0,23.1,1.44,97.3,0.509,1.5,346.6
7/6/2024 8:45,5943,357,0,23.6,1.51,97.3,0.519,1.48,348.5
7/6/2024 9:00,5944,394,0,24.5,1.46,97.3,0.473,1.09,0.1
7/6/2024 9:15,5945,433,0,25.3,1.49,97.3,0.464,1.38,25.2
7/6/2024 9:30,5946,449,0,26.3,1.48,97.3,0.431,1.79,53.1
7/6/2024 9:45,5947,509,0,26.7,1.42,97.3,0.407,2.01,63.3
7/6/2024 10:00,5948,545,0,27.1,1.43,97.3,0.4,2,71.6
7/6/2024 10:15,5949,582,0,27.7,1.41,97.2,0.382,1.98,62
7/6/2024 10:30,5950,616,0,28.2,1.44,97.2,0.375,1.79,63.7
7/6/2024 10:45,5951,651,0,28.6,1.42,97.2,0.362,2.05,51.7
7/6/2024 11:00,5952,681,0,29.2,1.41,97.2,0.35,1.83,53.7
7/6/2024 11:15,5953,710,0,29.5,1.44,97.2,0.349,1.74,54.5
7/6/2024 11:30,5954,736,0,30.1,1.42,97.2,0.335,1.89,42
7/6/2024 11:45,5955,760,0,30.5,1.41,97.3,0.326,1.84,38.8
7/6/2024 12:00,5956,784,0,30.8,1.43,97.3,0.322,1.78,34.9
7/6/2024 12:15,5957,804,0,30.9,1.45,97.3,0.323,1.77,61.1
7/6/2024 12:30,5958,821,0,31.2,1.48,97.2,0.325,1.84,54.2
7/6/2024 12:45,5959,833,0,31.5,1.47,97.2,0.313,1.67,45.3
7/6/2024 13:00,5960,843,0,31.9,1.41,97.2,0.297,1.19,13
7/6/2024 13:15,5961,849,0,32.3,1.46,97.2,0.302,1.67,4.5
7/6/2024 13:30,5962,853,0,32.1,1.4,97.2,0.292,1.35,15.5
7/6/2024 13:45,5963,855,0,32.3,1.43,97.2,0.295,1.35,336.8
7/6/2024 14:00,5964,851,0,32.5,1.43,97.2,0.294,1.85,341.8
7/6/2024 14:15,5965,848,0,32.8,1.35,97.2,0.274,1.71,329.1
7/6/2024 14:30,5966,837,0,32.6,1.31,97.2,0.266,0.77,304.7
7/6/2024 14:45,5967,826,0,32.7,1.34,97.2,0.27,0.84,45.2
7/6/2024 15:00,5968,810,0,33.1,1.39,97.2,0.275,0.81,327.5
7/6/2024 15:15,5969,795,0,33.3,1.31,97.2,0.257,1.22,20.1
7/6/2024 15:30,5970,775,0,34,1.29,97.1,0.242,1.33,333.3
7/6/2024 15:45,5971,754,0,34,1.27,97.1,0.237,1.38,340
7/6/2024 16:00,5972,728,0,34.2,1.31,97.1,0.245,1.12,334.6
7/6/2024 16:15,5973,699,0,34.4,1.32,97.1,0.242,1.95,329.3
7/6/2024 16:30,5974,670,0,34.3,1.29,97.1,0.239,1.74,338
7/6/2024 16:45,5975,635,0,34.2,1.27,97.1,0.237,1.27,8.7
7/6/2024 17:00,5976,601,0,34.3,1.28,97.1,0.236,1.44,22.9
7/6/2024 17:15,5977,562,0,34.5,1.29,97.1,0.237,1.7,5.7
7/6/2024 17:30,5978,522,0,34.6,1.23,97.1,0.223,1.17,8.9
7/6/2024 17:45,5979,480,0,34.6,1.19,97,0.217,1.52,346.3
7/6/2024 18:00,5980,439,0,34.6,1.21,97,0.219,0.7,356.9
7/6/2024 18:15,5981,396,0,34.7,1.24,97,0.223,0.77,333.7
7/6/2024 18:30,5982,355,0,35,1.24,97,0.22,0.93,330
7/6/2024 18:45,5983,314,0,34.6,1.26,97,0.229,1.17,315.3
7/6/2024 19:00,5984,272,0,34.5,1.25,97,0.228,1.26,312.7
7/6/2024 19:15,5985,232,0,34.4,1.28,97,0.235,1.09,317.6
7/6/2024 19:30,5986,193,0,34.2,1.36,97,0.253,1.04,317.8
7/6/2024 19:45,5987,155,0,33.8,1.42,97,0.27,0.81,304
7/6/2024 20:00,5988,120,0,33.5,1.44,97,0.279,0.68,302.4
7/6/2024 20:15,5989,89,0,33.4,1.47,97,0.286,0.64,333.1
7/6/2024 20:30,5990,61,0,32.4,1.54,97,0.317,0.74,345
7/6/2024 20:45,5991,36,0,29.6,1.79,97,0.435,0.65,282.2
7/6/2024 21:00,5992,16,0,28.3,1.88,96.9,0.488,0.24,159.3
7/6/2024 21:15,5993,4,0,28.3,1.64,97,0.426,0.22,65
7/6/2024 21:30,5994,1,0,26.1,1.59,97,0.472,0.35,180.8
7/6/2024 21:45,5995,0,0,25.9,1.56,97,0.468,0.51,155.4
7/6/2024 22:00,5996,0,0,25.3,1.58,97,0.491,0.5,122.1
7/6/2024 22:15,5997,0,0,26.2,1.36,97,0.408,0.42,27.1
7/6/2024 22:30,5998,0,0,22.4,1.52,97,0.564,0.65,155.3
7/6/2024 22:45,5999,0,0,25.2,1.3,97,0.409,0.91,105.2
7/6/2024 23:00,6000,0,0,26.2,1.26,97,0.369,0.58,91.8
7/6/2024 23:15,6001,0,0,23.5,1.33,97,0.463,0.43,82.4
7/6/2024 23:30,6002,0,0,25.2,1.23,97,0.383,0.85,93.6
7/6/2024 23:45,6003,0,0,23.9,1.27,97,0.428,0.94,93.8
7/7/2024 0:00,6004,0,0,23,1.31,97,0.464,1.13,91
7/7/2024 0:15,6005,0,0,22.2,1.31,97,0.492,0.84,50.9
7/7/2024 0:30,6006,0,0,22.7,1.26,97,0.459,1.21,71.9
7/7/2024 0:45,6007,0,0,22.8,1.23,97,0.442,1.73,70.3
7/7/2024 1:00,6008,0,0,22.3,1.19,97,0.444,2,66.1
7/7/2024 1:15,6009,0,0,21.7,1.18,97,0.455,2.15,65
7/7/2024 1:30,6010,0,0,21.4,1.16,97,0.456,2.2,67.1
7/7/2024 1:45,6011,0,0,21.4,1.15,97,0.452,2.17,66.8
7/7/2024 2:00,6012,0,0,21.2,1.15,97.1,0.457,2.02,66.7
7/7/2024 2:15,6013,0,0,20.6,1.17,97.1,0.482,2.01,76.9
7/7/2024 2:30,6014,0,0,19.9,1.17,97.1,0.503,1.35,91.7
7/7/2024 2:45,6015,0,0,20.6,1.12,97.1,0.467,1.23,88.1
7/7/2024 3:00,6016,0,0,17.1,1.18,97.1,0.609,1.31,157.2
7/7/2024 3:15,6017,0,0,18.2,1.15,97.1,0.556,0.85,109.8
7/7/2024 3:30,6018,0,0,19.8,1.1,97.1,0.473,1.65,70.5
7/7/2024 3:45,6019,0,0,19.9,1.11,97.1,0.477,1.37,63.2
7/7/2024 4:00,6020,0,0,19.1,1.12,97.1,0.509,0.8,31.3
7/7/2024 4:15,6021,0,0,19.1,1.11,97.1,0.502,0.67,19.1
7/7/2024 4:30,6022,0,0,17.6,1.15,97.1,0.571,0.57,51.8
7/7/2024 4:45,6023,0,0,16.3,1.14,97.1,0.616,0.82,126.9
7/7/2024 5:00,6024,0,0,18.1,1.12,97.1,0.539,1.44,72.2
7/7/2024 5:15,6025,0,0,18,1.16,97.1,0.564,1.05,74.6
7/7/2024 5:30,6026,3,0,14.4,1.17,97.1,0.715,0.97,163.3
7/7/2024 5:45,6027,10,0,13.9,1.16,97.1,0.727,1,130.1
7/7/2024 6:00,6028,25,0,13.3,1.17,97.2,0.763,0.97,175
7/7/2024 6:15,6029,42,0,13.8,1.16,97.2,0.739,0.69,146.6
7/7/2024 6:30,6030,60,0,13.8,1.2,97.2,0.758,0.59,178
7/7/2024 6:45,6031,80,0,14.5,1.24,97.2,0.751,0.61,183.3
7/7/2024 7:00,6032,105,0,15.6,1.27,97.2,0.717,0.56,183.9
7/7/2024 7:15,6033,133,0,17,1.31,97.2,0.679,0.58,182.5
7/7/2024 7:30,6034,165,0,18.5,1.34,97.2,0.632,0.61,196.8
7/7/2024 7:45,6035,201,0,19.9,1.39,97.2,0.602,0.4,241.3
7/7/2024 8:00,6036,236,0,20.6,1.54,97.3,0.632,0.89,333.1
7/7/2024 8:15,6037,272,0,21.2,1.51,97.3,0.598,1.16,7.7
7/7/2024 8:30,6038,309,0,21.5,1.45,97.3,0.567,1.4,39.9
7/7/2024 8:45,6039,349,0,21.7,1.52,97.3,0.584,1.29,15.6
7/7/2024 9:00,6040,390,0,22.4,1.57,97.3,0.581,1.07,37.2
7/7/2024 9:15,6041,427,0,22.9,1.59,97.3,0.567,1.37,17.5
7/7/2024 9:30,6042,464,0,23.6,1.57,97.3,0.54,1.53,23.4
7/7/2024 9:45,6043,504,0,23.8,1.58,97.3,0.54,1.56,2.6
7/7/2024 10:00,6044,543,0,24.5,1.53,97.3,0.494,1.62,18.5
7/7/2024 10:15,6045,579,0,25.4,1.55,97.3,0.478,1.59,21.2
7/7/2024 10:30,6046,613,0,26.2,1.56,97.3,0.462,1.77,29.3
7/7/2024 10:45,6047,644,0,26.8,1.56,97.3,0.451,1.64,13.2
7/7/2024 11:00,6048,673,0,27.2,1.57,97.3,0.433,1.53,11.4
7/7/2024 11:15,6049,701,0,27.6,1.61,97.3,0.439,1.36,24.6
7/7/2024 11:30,6050,724,0,28.2,1.62,97.3,0.422,1.28,25.5
7/7/2024 11:45,6051,749,0,28.9,1.59,97.3,0.398,1.35,24
7/7/2024 12:00,6052,773,0,29.4,1.64,97.3,0.397,0.96,35.3
7/7/2024 12:15,6053,794,0,30.3,1.67,97.3,0.386,1.12,9.7
7/7/2024 12:30,6054,813,0,30.7,1.74,97.3,0.392,1.07,350.8
7/7/2024 12:45,6055,828,0,31.5,1.75,97.3,0.376,1.1,340.4
7/7/2024 13:00,6056,836,0,32,1.7,97.3,0.355,1.38,5.2
7/7/2024 13:15,6057,842,0,32.7,1.66,97.3,0.334,1.19,345.5
7/7/2024 13:30,6058,850,0,33.1,1.65,97.3,0.327,1.14,329.2
7/7/2024 13:45,6059,851,0,33.5,1.7,97.3,0.33,1.16,322.8
7/7/2024 14:00,6060,849,0,33.9,1.64,97.3,0.313,1.1,17.9
7/7/2024 14:15,6061,845,0,34,1.56,97.3,0.295,1.29,19.6
7/7/2024 14:30,6062,838,0,34.2,1.52,97.2,0.282,1.05,343.2
7/7/2024 14:45,6063,828,0,34.9,1.45,97.2,0.259,1.15,334.9
7/7/2024 15:00,6064,812,0,35.2,1.44,97.2,0.253,1.43,336.6
7/7/2024 15:15,6065,790,0,35.3,1.47,97.2,0.258,0.94,310.2
7/7/2024 15:30,6066,769,0,34.9,1.55,97.2,0.278,1.48,264.2
7/7/2024 15:45,6067,746,0,35.3,1.52,97.2,0.27,1.7,292.4
7/7/2024 16:00,6068,721,0,35.8,1.52,97.2,0.26,1.48,314.2
7/7/2024 16:15,6069,693,0,35.8,1.56,97.2,0.265,1.1,333.9
7/7/2024 16:30,6070,663,0,35.9,1.54,97.1,0.261,1.61,330.3
7/7/2024 16:45,6071,634,0,35.7,1.51,97.1,0.259,1.42,293.2
7/7/2024 17:00,6072,600,0,35.6,1.44,97.1,0.248,1.37,280.7
7/7/2024 17:15,6073,561,0,35.7,1.38,97.1,0.235,1.44,287.4
7/7/2024 17:30,6074,521,0,35.9,1.34,97.1,0.224,1.21,295
7/7/2024 17:45,6075,482,0,35.8,1.3,97.1,0.222,1.29,284.8
7/7/2024 18:00,6076,443,0,35.5,1.35,97.1,0.233,1.09,271.3
7/7/2024 18:15,6077,402,0,35.2,1.5,97,0.263,1.22,259.5
7/7/2024 18:30,6078,359,0,35.2,1.51,97,0.265,0.98,261.5
7/7/2024 18:45,6079,316,0,35,1.62,97,0.288,0.92,265.2
7/7/2024 19:00,6080,273,0,35,1.61,97,0.287,0.79,256.7
7/7/2024 19:15,6081,231,0,35,1.59,97,0.282,0.77,259.1
7/7/2024 19:30,6082,191,0,34.1,1.88,97,0.351,0.74,259.2
7/7/2024 19:45,6083,154,0,33.2,1.91,97,0.374,0.53,227.7
7/7/2024 20:00,6084,119,0,32.5,1.98,97,0.406,0.26,206.6
7/7/2024 20:15,6085,87,0,31.7,1.92,97,0.409,0.34,155.9
7/7/2024 20:30,6086,59,0,31.3,1.82,97,0.398,0.3,144.1
7/7/2024 20:45,6087,35,0,30.6,1.69,96.9,0.384,0.27,137.1
7/7/2024 21:00,6088,15,0,29.4,1.73,96.9,0.423,0.51,154.8
7/7/2024 21:15,6089,4,0,28.2,1.61,96.9,0.421,0.43,162.9
7/7/2024 21:30,6090,1,0,27.3,1.46,96.9,0.404,0.66,138.8
7/7/2024 21:45,6091,0,0,26.3,1.34,97,0.392,0.8,147.4
7/7/2024 22:00,6092,0,0,25.9,1.28,97,0.386,0.76,136.2
7/7/2024 22:15,6093,0,0,25,1.28,97,0.403,0.74,146.2
7/7/2024 22:30,6094,0,0,24.4,1.32,97,0.432,0.78,126.4
7/7/2024 22:45,6095,0,0,23.6,1.33,97,0.454,0.47,147.3
7/7/2024 23:00,6096,0,0,23.5,1.29,97,0.446,0.53,141.5
7/7/2024 23:15,6097,0,0,23.3,1.26,97,0.44,0.72,146.5
7/7/2024 23:30,6098,0,0,22.7,1.25,97,0.454,0.68,147.7
7/7/2024 23:45,6099,0,0,22.4,1.27,97,0.472,1.22,44.7
7/8/2024 0:00,6100,0,0,20.4,1.44,97,0.6,1.51,94.1
7/8/2024 0:15,6101,0,0,20.9,1.36,97,0.55,1.19,99.4
7/8/2024 0:30,6102,0,0,21.6,1.29,97,0.508,1.18,93.7
7/8/2024 0:45,6103,0,0,23.9,1.17,97,0.396,1.53,69.2
7/8/2024 1:00,6104,0,0,24,1.16,97,0.388,1.89,72.7
7/8/2024 1:15,6105,0,0,23.6,1.16,97,0.399,1.87,63.7
7/8/2024 1:30,6106,0,0,22.9,1.16,97,0.417,1.96,58
7/8/2024 1:45,6107,0,0,22.6,1.16,97,0.423,1.97,49.7
7/8/2024 2:00,6108,0,0,21.7,1.18,97,0.453,1.76,43.9
7/8/2024 2:15,6109,0,0,21.5,1.16,97,0.455,2.01,29.9
7/8/2024 2:30,6110,0,0,21.5,1.13,97,0.441,2.12,16.8
7/8/2024 2:45,6111,0,0,21,1.14,97,0.461,1.62,10.2
7/8/2024 3:00,6112,0,0,21.2,1.11,97,0.442,1.95,12.7
7/8/2024 3:15,6113,0,0,20.1,1.14,97,0.489,1.48,37.8
7/8/2024 3:30,6114,0,0,17.9,1.18,97,0.579,0.84,198
7/8/2024 3:45,6115,0,0,19,1.09,97,0.5,0.48,108.2
7/8/2024 4:00,6116,0,0,18.2,1.12,97,0.545,0.93,105.4
7/8/2024 4:15,6117,0,0,15.6,1.16,97,0.652,0.75,194.2
7/8/2024 4:30,6118,0,0,16.5,1.12,97,0.601,0.64,150.5
7/8/2024 4:45,6119,0,0,15.6,1.13,97,0.642,0.89,168.9
7/8/2024 5:00,6120,0,0,15.8,1.1,97,0.624,0.81,144.8
7/8/2024 5:15,6121,0,0,17.3,1.06,97,0.538,0.34,168.5
7/8/2024 5:30,6122,2,0,18.8,1.03,97,0.479,0.66,4.2
7/8/2024 5:45,6123,8,0,17.8,1.12,97,0.548,1.04,348.7
7/8/2024 6:00,6124,22,0,18.4,1.13,97.1,0.535,1.35,359
7/8/2024 6:15,6125,40,0,17.6,1.19,97.1,0.594,0.83,288.1
7/8/2024 6:30,6126,60,0,17.1,1.2,97.1,0.615,0.64,141.6
7/8/2024 6:45,6127,83,0,17.2,1.28,97.1,0.658,0.67,168.8
7/8/2024 7:00,6128,109,0,17.9,1.34,97,0.652,0.7,174.5
7/8/2024 7:15,6129,138,0,18.6,1.38,97.1,0.646,0.82,166.5
7/8/2024 7:30,6130,170,0,20,1.43,97.1,0.611,0.56,206.4
7/8/2024 7:45,6131,204,0,21.8,1.48,97.1,0.567,0.43,235.9
7/8/2024 8:00,6132,240,0,23.2,1.47,97.1,0.517,0.64,297.9
7/8/2024 8:15,6133,278,0,24.3,1.4,97.1,0.461,1.14,315.1
7/8/2024 8:30,6134,313,0,25.1,1.33,97.1,0.417,1.33,331.4
7/8/2024 8:45,6135,350,0,25.3,1.33,97.1,0.411,1.46,332.5
7/8/2024 9:00,6136,388,0,25.6,1.32,97.1,0.404,1.3,335.4
7/8/2024 9:15,6137,427,0,25.7,1.34,97.1,0.405,1.96,342.3
7/8/2024 9:30,6138,465,0,26.2,1.33,97.1,0.392,1.64,345.3
7/8/2024 9:45,6139,502,0,26.8,1.37,97.1,0.391,1.44,334.9
7/8/2024 10:00,6140,540,0,27.2,1.39,97.1,0.386,1.29,337.3
7/8/2024 10:15,6141,578,0,27.9,1.34,97.1,0.359,1.77,341.4
7/8/2024 10:30,6142,614,0,28.5,1.31,97.1,0.34,1.5,345.4
7/8/2024 10:45,6143,646,0,28.6,1.35,97.1,0.344,1.03,30
7/8/2024 11:00,6144,676,0,29.1,1.39,97.1,0.343,0.89,20
7/8/2024 11:15,6145,706,0,29.7,1.43,97.1,0.341,0.96,13.2
7/8/2024 11:30,6146,734,0,29.8,1.43,97.1,0.344,0.93,331.9
7/8/2024 11:45,6147,759,0,30.3,1.47,97.1,0.339,0.88,315.5
7/8/2024 12:00,6148,778,0,30.8,1.44,97.1,0.326,0.98,4.7
7/8/2024 12:15,6149,795,0,31.2,1.46,97.1,0.326,0.84,37
7/8/2024 12:30,6150,816,0,31.9,1.45,97.1,0.309,1.55,323.7
7/8/2024 12:45,6151,826,0,32.3,1.41,97.1,0.294,1.82,339.2
7/8/2024 13:00,6152,840,0,32.6,1.37,97.1,0.28,1.82,325.5
7/8/2024 13:15,6153,846,0,33.2,1.34,97.1,0.264,2.09,315.6
7/8/2024 13:30,6154,851,0,33.4,1.35,97.1,0.263,1.95,326.5
7/8/2024 13:45,6155,853,0,33.8,1.36,97,0.259,1.59,340.4
7/8/2024 14:00,6156,850,0,34.3,1.42,97,0.265,1.94,344.6
7/8/2024 14:15,6157,845,0,34.5,1.42,97,0.263,1.83,324.8
7/8/2024 14:30,6158,835,0,34.7,1.44,97,0.259,1.48,315.1
7/8/2024 14:45,6159,822,0,34.7,1.47,97,0.265,1.8,298.7
7/8/2024 15:00,6160,805,0,35.2,1.5,97,0.261,1.51,309
7/8/2024 15:15,6161,786,0,35.3,1.46,97,0.259,1.29,282.5
7/8/2024 15:30,6162,765,0,35.8,1.45,96.9,0.246,1.43,323.7
7/8/2024 15:45,6163,739,0,36.1,1.44,96.9,0.242,1.26,330.9
7/8/2024 16:00,6164,711,0,36.4,1.49,96.9,0.246,1.84,331.1
7/8/2024 16:15,6165,682,0,36.3,1.43,96.9,0.237,1.83,347.6
7/8/2024 16:30,6166,656,0,36.5,1.39,96.9,0.228,1.43,315.8
7/8/2024 16:45,6167,626,0,36.4,1.41,96.9,0.235,0.83,12.1
7/8/2024 17:00,6168,591,0,36.9,1.41,96.9,0.225,1.01,326.8
7/8/2024 17:15,6169,556,0,36.8,1.44,96.9,0.233,0.79,15.2
7/8/2024 17:30,6170,513,0,36.6,1.36,96.9,0.222,0.64,19.8
7/8/2024 17:45,6171,471,0,36.2,1.5,96.9,0.251,0.49,90.1
7/8/2024 18:00,6172,425,0,35.7,1.51,96.8,0.258,0.47,200.3
7/8/2024 18:15,6173,385,0,36.2,1.48,96.8,0.246,0.78,261
7/8/2024 18:30,6174,345,0,36,1.53,96.8,0.257,0.97,270.6
7/8/2024 18:45,6175,307,0,36,1.59,96.8,0.27,0.85,270.7
7/8/2024 19:00,6176,264,0,35.2,1.79,96.8,0.314,1.1,277.8
7/8/2024 19:15,6177,221,0,35.1,1.78,96.8,0.314,1.1,290
7/8/2024 19:30,6178,184,0,34.7,1.91,96.8,0.344,0.81,271.3
7/8/2024 19:45,6179,144,0,34.5,1.89,96.8,0.345,0.6,271.9
7/8/2024 20:00,6180,110,0,33.5,2.06,96.8,0.398,0.21,291
7/8/2024 20:15,6181,78,0,33.7,1.92,96.8,0.368,0.33,312.6
7/8/2024 20:30,6182,47,0,33.5,1.74,96.8,0.335,0.53,342.6
7/8/2024 20:45,6183,25,0,33.4,1.31,96.8,0.255,0.71,33.1
7/8/2024 21:00,6184,10,0,33,1.19,96.8,0.238,0.83,53.2
7/8/2024 21:15,6185,3,0,32.2,1.19,96.8,0.249,0.9,70.1
7/8/2024 21:30,6186,0,0,30.4,1.33,96.8,0.316,0.54,36.6
7/8/2024 21:45,6187,0,0,25.7,1.65,96.8,0.505,0.64,135.2
7/8/2024 22:00,6188,0,0,25.5,1.66,96.8,0.512,0.73,99.9
7/8/2024 22:15,6189,0,0,25.2,1.57,96.8,0.494,1.58,95.9
7/8/2024 22:30,6190,0,0,24.4,1.54,96.8,0.507,1.74,95.2
7/8/2024 22:45,6191,0,0,22.4,1.58,96.8,0.583,0.94,116.6
7/8/2024 23:00,6192,0,0,22.3,1.48,96.8,0.549,1.11,107.9
7/8/2024 23:15,6193,0,0,24.2,1.3,96.8,0.441,1.27,103.6
7/8/2024 23:30,6194,0,0,21.9,1.39,96.8,0.531,1.76,100.7
7/8/2024 23:45,6195,0,0,20.6,1.36,96.8,0.561,1.55,132.9
7/9/2024 0:00,6196,0,0,20.6,1.26,96.9,0.522,1.38,125.7
7/9/2024 0:15,6197,0,0,21.4,1.21,96.9,0.473,0.87,120
7/9/2024 0:30,6198,0,0,20.5,1.28,96.9,0.533,1.32,13.4
7/9/2024 0:45,6199,0,0,21,1.28,96.9,0.514,2,65
7/9/2024 1:00,6200,0,0,21.7,1.22,96.9,0.472,2.03,62.1
7/9/2024 1:15,6201,0,0,22,1.21,96.8,0.46,1.83,65.6
7/9/2024 1:30,6202,0,0,23.3,1.23,96.8,0.429,1.82,59
7/9/2024 1:45,6203,0,0,23.6,1.23,96.8,0.425,1.7,67.7
7/9/2024 2:00,6204,0,0,19.1,1.31,96.8,0.591,1.16,163.2
7/9/2024 2:15,6205,0,0,18.5,1.28,96.8,0.602,0.6,163.3
7/9/2024 2:30,6206,0,0,20,1.2,96.8,0.516,0.74,102.8
7/9/2024 2:45,6207,0,0,17.5,1.24,96.8,0.623,1.32,162.2
7/9/2024 3:00,6208,0,0,17.5,1.23,96.8,0.619,1.14,166
7/9/2024 3:15,6209,0,0,19.1,1.2,96.8,0.553,1.38,118.2
7/9/2024 3:30,6210,0,0,21.9,1.15,96.8,0.439,1.88,93.7
7/9/2024 3:45,6211,0,0,20.9,1.2,96.8,0.483,2.03,98.5
7/9/2024 4:00,6212,0,0,21.6,1.16,96.8,0.453,1.82,94.5
7/9/2024 4:15,6213,0,0,19.7,1.2,96.8,0.525,1.4,121
7/9/2024 4:30,6214,0,0,17.5,1.22,96.8,0.609,1.1,123.5
7/9/2024 4:45,6215,0,0,18.4,1.17,96.9,0.553,1.6,102.5
7/9/2024 5:00,6216,0,0,16.1,1.2,96.9,0.656,1.08,183
7/9/2024 5:15,6217,0,0,16.3,1.2,96.9,0.652,0.85,185.2
7/9/2024 5:30,6218,2,0,15.2,1.23,96.9,0.713,1.06,152.8
7/9/2024 5:45,6219,8,0,15.8,1.21,96.9,0.676,0.96,139.8
7/9/2024 6:00,6220,22,0,16.2,1.19,96.9,0.645,0.98,154.2
7/9/2024 6:15,6221,39,0,16.1,1.21,96.9,0.661,1.06,156.5
7/9/2024 6:30,6222,58,0,17,1.29,96.9,0.664,0.93,145.7
7/9/2024 6:45,6223,81,0,18.4,1.36,96.9,0.644,0.81,141.9
7/9/2024 7:00,6224,106,0,18.2,1.46,96.9,0.702,0.81,323.9
7/9/2024 7:15,6225,134,0,19.7,1.5,96.9,0.655,0.75,330
7/9/2024 7:30,6226,165,0,20.5,1.57,96.9,0.651,1.33,313.8
7/9/2024 7:45,6227,199,0,21.7,1.57,96.9,0.604,1.19,336.5
7/9/2024 8:00,6228,235,0,23.7,1.45,96.9,0.495,0.52,327.1
7/9/2024 8:15,6229,271,0,25,1.41,96.9,0.447,0.61,337.8
7/9/2024 8:30,6230,310,0,25.6,1.47,96.9,0.449,0.73,30.9
7/9/2024 8:45,6231,348,0,26.1,1.5,96.9,0.444,0.68,34.6
7/9/2024 9:00,6232,385,0,26.6,1.56,97,0.45,0.87,10.7
7/9/2024 9:15,6233,424,0,26.3,1.85,97,0.541,1.12,23.3
7/9/2024 9:30,6234,463,0,26.8,1.69,97,0.478,0.7,43.8
7/9/2024 9:45,6235,500,0,27.5,1.65,97,0.45,0.86,63
7/9/2024 10:00,6236,537,0,28.1,1.64,97,0.431,1.14,52.4
7/9/2024 10:15,6237,572,0,28.3,1.75,97,0.453,1.71,34.3
7/9/2024 10:30,6238,605,0,28.6,1.83,96.9,0.471,1.89,47.1
7/9/2024 10:45,6239,638,0,29.2,1.85,97,0.461,1.76,58.5
7/9/2024 11:00,6240,669,0,30,1.84,97,0.434,1.33,50.3
7/9/2024 11:15,6241,698,0,30.5,1.89,97,0.429,1.93,14.1
7/9/2024 11:30,6242,725,0,31.2,1.94,97,0.425,1.66,4.9
7/9/2024 11:45,6243,750,0,31.7,1.88,97,0.404,1.42,17.1
7/9/2024 12:00,6244,772,0,32.4,1.85,97,0.379,1.24,14.9
7/9/2024 12:15,6245,790,0,33,1.85,96.9,0.368,0.86,38.1
7/9/2024 12:30,6246,807,0,33.3,1.88,97,0.368,0.86,26.7
7/9/2024 12:45,6247,820,0,33.8,1.98,96.9,0.372,1.15,23
7/9/2024 13:00,6248,831,0,34.6,1.99,96.9,0.362,1.28,19.8
7/9/2024 13:15,6249,840,0,35.2,1.81,96.9,0.314,1.86,302.1
7/9/2024 13:30,6250,843,0,35.6,1.89,96.9,0.326,2.09,327.8
7/9/2024 13:45,6251,847,0,35.8,1.85,96.9,0.314,1.52,339.4
7/9/2024 14:00,6252,845,0,36.4,1.87,96.9,0.307,1.8,330.7
7/9/2024 14:15,6253,839,0,36.8,1.89,96.9,0.305,1.76,335.9
7/9/2024 14:30,6254,830,0,36.7,1.89,96.9,0.306,1.85,340.4
7/9/2024 14:45,6255,819,0,36.8,1.91,96.9,0.306,1.31,2.1
7/9/2024 15:00,6256,804,0,37.6,1.93,96.9,0.301,1.42,339.1
7/9/2024 15:15,6257,784,0,37.5,1.95,96.8,0.302,1.33,7.6
7/9/2024 15:30,6258,764,0,38.3,1.84,96.8,0.273,1.47,339.3
7/9/2024 15:45,6259,736,0,38.4,1.77,96.8,0.261,1.29,343.6
7/9/2024 16:00,6260,706,0,38,1.77,96.8,0.268,1.34,22.3
7/9/2024 16:15,6261,676,0,38.3,1.78,96.8,0.264,1.42,1.2
7/9/2024 16:30,6262,650,0,38.3,1.71,96.8,0.254,1.38,4.4
7/9/2024 16:45,6263,618,0,38.3,1.66,96.8,0.246,1.39,7.8
7/9/2024 17:00,6264,593,0,38.8,1.34,96.7,0.194,0.87,9.5
7/9/2024 17:15,6265,562,0,39.3,1.29,96.7,0.181,0.87,352.7
7/9/2024 17:30,6266,521,0,39.6,1.38,96.7,0.191,1.2,309
7/9/2024 17:45,6267,478,0,39.8,1.48,96.7,0.203,1.04,324.6
7/9/2024 18:00,6268,437,0,39.7,1.54,96.7,0.212,1.19,315.5
7/9/2024 18:15,6269,397,0,39.3,1.6,96.7,0.225,0.92,328.6
7/9/2024 18:30,6270,354,0,39.4,1.58,96.7,0.221,1.29,317.5
7/9/2024 18:45,6271,310,0,39.1,1.59,96.7,0.227,1.29,314.9
7/9/2024 19:00,6272,271,0,38.1,1.85,96.7,0.277,1.45,296.8
7/9/2024 19:15,6273,225,0,37.5,1.91,96.7,0.296,1.23,285.5
7/9/2024 19:30,6274,188,0,36.8,2.12,96.7,0.341,1.06,282
7/9/2024 19:45,6275,149,0,36.2,2.39,96.7,0.398,0.48,276.7
7/9/2024 20:00,6276,114,0,35.5,2.32,96.6,0.402,0.29,299
7/9/2024 20:15,6277,83,0,35.5,2.1,96.6,0.365,0.21,305.9
7/9/2024 20:30,6278,54,0,34,2.06,96.6,0.386,0.2,115.6
7/9/2024 20:45,6279,29,0,33.3,1.78,96.6,0.349,0.36,98.1
7/9/2024 21:00,6280,11,0,32.6,1.6,96.6,0.326,0.21,175.2
7/9/2024 21:15,6281,3,0,29.4,1.79,96.6,0.436,0.88,114.6
7/9/2024 21:30,6282,0,0,29.9,1.6,96.6,0.381,0.82,101.6
7/9/2024 21:45,6283,0,0,29.4,1.51,96.6,0.371,0.75,103.3
7/9/2024 22:00,6284,0,0,28,1.53,96.6,0.408,0.74,102.9
7/9/2024 22:15,6285,0,0,24.4,1.78,96.6,0.586,0.73,176.3
7/9/2024 22:30,6286,0,0,23.7,1.81,96.7,0.619,0.75,162.6
7/9/2024 22:45,6287,0,0,24.1,1.68,96.7,0.561,0.74,140.9
7/9/2024 23:00,6288,0,0,24.4,1.59,96.7,0.53,0.78,105.7
7/9/2024 23:15,6289,0,0,22.2,1.83,96.7,0.686,0.33,246.2
7/9/2024 23:30,6290,0,0,21.9,1.78,96.7,0.678,0.65,162.6
7/9/2024 23:45,6291,0,0,21.7,1.75,96.7,0.673,0.7,169
7/10/2024 0:00,6292,0,0,22.8,1.71,96.7,0.619,0.71,127.8
7/10/2024 0:15,6293,0,0,25.6,1.45,96.7,0.443,0.98,50.6
7/10/2024 0:30,6294,0,0,24,1.56,96.7,0.524,0.94,84.4
7/10/2024 0:45,6295,0,0,25.4,1.5,96.7,0.464,1.38,63.5
7/10/2024 1:00,6296,0,0,25.2,1.53,96.7,0.475,1.64,53.6
7/10/2024 1:15,6297,0,0,25,1.53,96.7,0.485,1.8,57.7
7/10/2024 1:30,6298,0,0,24.9,1.51,96.8,0.481,1.99,60.7
7/10/2024 1:45,6299,0,0,25.1,1.5,96.7,0.473,2.1,73.7
7/10/2024 2:00,6300,0,0,25.1,1.5,96.7,0.471,2.1,77.1
7/10/2024 2:15,6301,0,0,24.9,1.48,96.7,0.474,2.16,80.4
7/10/2024 2:30,6302,0,0,24.8,1.46,96.7,0.469,1.8,82.8
7/10/2024 2:45,6303,0,0,24.9,1.43,96.7,0.452,1.53,80.1
7/10/2024 3:00,6304,0,0,22.8,1.46,96.7,0.531,0.93,119.9
7/10/2024 3:15,6305,0,0,20.5,1.47,96.7,0.608,0.97,163.4
7/10/2024 3:30,6306,0,0,22.6,1.4,96.7,0.51,1.12,85.7
7/10/2024 3:45,6307,0,0,23.3,1.37,96.8,0.478,1.41,72.6
7/10/2024 4:00,6308,0,0,23.1,1.38,96.8,0.487,1.35,65.9
7/10/2024 4:15,6309,0,0,21.8,1.4,96.8,0.538,0.71,350.2
7/10/2024 4:30,6310,0,0,20.4,1.43,96.8,0.597,0.73,291.3
7/10/2024 4:45,6311,0,0,19.8,1.42,96.8,0.617,0.43,165.2
7/10/2024 5:00,6312,0,0,18.8,1.43,96.8,0.657,0.71,158.7
7/10/2024 5:15,6313,0,0,19.5,1.4,96.8,0.621,0.93,128.5
7/10/2024 5:30,6314,2,0,20.5,1.38,96.8,0.577,0.71,82.5
7/10/2024 5:45,6315,8,0,22.8,1.33,96.9,0.479,1,62.7
7/10/2024 6:00,6316,21,0,23.3,1.36,96.8,0.48,0.74,61.6
7/10/2024 6:15,6317,37,0,21.5,1.47,96.9,0.574,0.32,16.8
7/10/2024 6:30,6318,57,0,19.7,1.54,96.9,0.669,0.34,225.1
7/10/2024 6:45,6319,78,0,20.2,1.61,96.9,0.681,0.64,301.1
7/10/2024 7:00,6320,103,0,20.7,1.68,96.9,0.694,0.33,149.8
7/10/2024 7:15,6321,134,0,21.7,1.76,96.9,0.676,0.37,191.1
7/10/2024 7:30,6322,164,0,23.8,1.81,96.9,0.617,0.23,229.9
7/10/2024 7:45,6323,193,0,25.3,1.74,96.9,0.542,0.64,232.4
7/10/2024 8:00,6324,225,0,25.2,1.75,96.9,0.546,1.09,225.1
7/10/2024 8:15,6325,260,0,25.4,1.69,96.9,0.519,0.93,212.1
7/10/2024 8:30,6326,300,0,26.1,1.62,96.9,0.478,1.05,217.5
7/10/2024 8:45,6327,337,0,26.8,1.63,96.9,0.463,1.11,257.4
7/10/2024 9:00,6328,376,0,27.1,1.57,97,0.439,1.2,265.5
7/10/2024 9:15,6329,416,0,27.3,1.56,97,0.431,1.32,281.7
7/10/2024 9:30,6330,453,0,27.6,1.65,97,0.45,1.29,275.4
7/10/2024 9:45,6331,495,0,28.3,1.72,97,0.446,1.32,285.1
7/10/2024 10:00,6332,530,0,28.8,1.78,97,0.45,1.66,280.3
7/10/2024 10:15,6333,565,0,29.6,1.69,97,0.408,1.59,329.3
7/10/2024 10:30,6334,603,0,30.2,1.71,97,0.4,1.61,319.3
7/10/2024 10:45,6335,639,0,30.9,1.76,97,0.392,1.51,324.2
7/10/2024 11:00,6336,674,0,31.2,1.74,97,0.385,1.68,315.9
7/10/2024 11:15,6337,670,0,31.9,1.74,97,0.369,1.69,332.5
7/10/2024 11:30,6338,710,0,32.6,1.8,97,0.368,1.22,325.9
7/10/2024 11:45,6339,733,0,32.7,1.8,97,0.362,1.01,29
7/10/2024 12:00,6340,756,0,33.7,1.77,97,0.339,1.19,330.5
7/10/2024 12:15,6341,776,0,34.1,1.71,97,0.321,1.49,318.9
7/10/2024 12:30,6342,789,0,34.5,1.7,97,0.311,1.36,320.5
7/10/2024 12:45,6343,801,0,34.5,1.77,97,0.327,1.91,303.5
7/10/2024 13:00,6344,816,0,34.8,1.81,97,0.331,2.11,307.8
7/10/2024 13:15,6345,822,0,35.2,1.81,97,0.32,1.73,327.7
7/10/2024 13:30,6346,834,0,35.7,1.79,97,0.304,2.02,322.8
7/10/2024 13:45,6347,709,0,35.7,1.82,97,0.315,1.82,324.3
7/10/2024 14:00,6348,683,0,35.4,1.92,97,0.334,1.6,291.1
7/10/2024 14:15,6349,654,0,35.2,1.97,97,0.347,1.88,276.5
7/10/2024 14:30,6350,869,0,35.7,1.98,97,0.339,1.83,265.9
7/10/2024 14:45,6351,803,0,36.2,2,97,0.334,1.72,272
7/10/2024 15:00,6352,784,0,37,1.96,96.9,0.313,1.97,294
7/10/2024 15:15,6353,764,0,37.1,1.92,96.9,0.305,2.48,293.1
7/10/2024 15:30,6354,736,0,37.4,1.9,96.9,0.298,2.32,296.1
7/10/2024 15:45,6355,711,0,37.5,1.81,96.9,0.282,2.33,296.4
7/10/2024 16:00,6356,687,0,37.8,1.81,96.9,0.274,2.11,284.1
7/10/2024 16:15,6357,661,0,37.9,1.79,96.9,0.273,1.98,282.4
7/10/2024 16:30,6358,620,0,37.7,1.8,96.9,0.278,1.95,273.9
7/10/2024 16:45,6359,562,0,37.7,1.78,96.8,0.274,2.17,282.3
7/10/2024 17:00,6360,551,0,37.6,1.98,96.8,0.305,2.43,296
7/10/2024 17:15,6361,533,0,36.9,2.2,96.8,0.353,2.33,272.6
7/10/2024 17:30,6362,491,0,36.8,2.25,96.8,0.363,2.02,273.6
7/10/2024 17:45,6363,453,0,36.7,2.27,96.8,0.368,2.19,279.5
7/10/2024 18:00,6364,406,0,36.3,2.18,96.8,0.361,1.92,273.8
7/10/2024 18:15,6365,367,0,36.4,2.23,96.8,0.366,1.74,278.9
7/10/2024 18:30,6366,329,0,36.8,2.34,96.8,0.378,1.67,299.4
7/10/2024 18:45,6367,290,0,37,2.18,96.8,0.346,1.78,324.5
7/10/2024 19:00,6368,246,0,36.4,2.06,96.8,0.338,2.08,351.6
7/10/2024 19:15,6369,199,0,34.9,1.63,96.8,0.293,3.46,10.2
7/10/2024 19:30,6370,165,0,34.3,1.5,96.8,0.278,3.58,1.2
7/10/2024 19:45,6371,130,0,33.2,1.39,96.8,0.274,2.81,0.5
7/10/2024 20:00,6372,97,0,32.3,1.37,96.8,0.284,2.87,3.8
7/10/2024 20:15,6373,68,0,31.3,1.39,96.8,0.304,3.43,7
7/10/2024 20:30,6374,51,0,30.6,1.41,96.8,0.323,4.02,12
7/10/2024 20:45,6375,30,0,29.9,1.37,96.8,0.325,4.38,12.3
7/10/2024 21:00,6376,16,0,28.6,1.37,96.8,0.351,3.76,28.7
7/10/2024 21:15,6377,5,0,27.8,1.38,96.9,0.37,3.17,29.2
7/10/2024 21:30,6378,0,0,27.9,1.32,96.9,0.352,3.23,58.2
7/10/2024 21:45,6379,0,0,27.7,1.29,96.9,0.348,3.44,56.6
7/10/2024 22:00,6380,0,0,26.8,1.28,96.9,0.363,3.69,23.7
7/10/2024 22:15,6381,0,0,26.1,1.27,96.9,0.376,3.84,18.6
7/10/2024 22:30,6382,0,0,25.7,1.27,96.9,0.382,3.97,18.9
7/10/2024 22:45,6383,0,0,25.3,1.28,96.9,0.396,3.89,18.5
7/10/2024 23:00,6384,0,0,24.5,1.31,97,0.427,3.01,27.7
7/10/2024 23:15,6385,0,0,24.3,1.31,97,0.43,3.36,21
7/10/2024 23:30,6386,0,0,23.5,1.31,97,0.453,2.43,25.4
7/10/2024 23:45,6387,0,0,22.8,1.31,97,0.47,1.9,34.5
7/11/2024 0:00,6388,0,0,22.9,1.27,97,0.458,2.32,9.7
7/11/2024 0:15,6389,0,0,22.1,1.27,97,0.478,2.11,25
7/11/2024 0:30,6390,0,0,22.1,1.24,97,0.468,3,10.6
7/11/2024 0:45,6391,0,0,21.9,1.21,97,0.461,2.69,8.3
7/11/2024 1:00,6392,0,0,20.8,1.2,97.1,0.486,1.62,359.7
7/11/2024 1:15,6393,0,0,20.7,1.16,97.1,0.473,2.13,354.3
7/11/2024 1:30,6394,0,0,19.6,1.16,97.1,0.511,1.58,336.8
7/11/2024 1:45,6395,0,0,18.2,1.19,97.1,0.572,1.39,307.8
7/11/2024 2:00,6396,0,0,18.6,1.14,97.1,0.532,1.62,335.8
7/11/2024 2:15,6397,0,0,18.3,1.14,97.1,0.54,1.53,342
7/11/2024 2:30,6398,0,0,19.2,1.1,97.1,0.496,1.89,338.5
7/11/2024 2:45,6399,0,0,18.7,1.12,97.1,0.52,1.37,340.6
7/11/2024 3:00,6400,0,0,19.3,1.11,97.1,0.495,1.31,335.8
7/11/2024 3:15,6401,0,0,18.5,1.13,97.1,0.534,0.55,295.9
7/11/2024 3:30,6402,0,0,15.6,1.16,97.1,0.653,0.77,161.7
7/11/2024 3:45,6403,0,0,16.4,1.16,97.1,0.624,0.55,192.2
7/11/2024 4:00,6404,0,0,15.3,1.18,97.1,0.678,1.01,143
7/11/2024 4:15,6405,0,0,14.6,1.17,97.2,0.705,0.89,140.4
7/11/2024 4:30,6406,0,0,15.1,1.15,97.2,0.671,0.79,146.6
7/11/2024 4:45,6407,0,0,15.9,1.13,97.2,0.623,0.61,104
7/11/2024 5:00,6408,0,0,15.5,1.12,97.2,0.638,0.76,183.7
7/11/2024 5:15,6409,0,0,14.6,1.13,97.2,0.684,0.85,137.2
7/11/2024 5:30,6410,2,0,14.3,1.12,97.2,0.69,0.84,136.5
7/11/2024 5:45,6411,8,0,13.6,1.1,97.2,0.704,0.74,167
7/11/2024 6:00,6412,21,0,13.5,1.1,97.2,0.713,0.74,162.1
7/11/2024 6:15,6413,39,0,13.3,1.12,97.2,0.732,0.82,150.4
7/11/2024 6:30,6414,57,0,14.2,1.16,97.2,0.712,0.54,175.8
7/11/2024 6:45,6415,80,0,15.3,1.2,97.2,0.693,0.51,156.5
7/11/2024 7:00,6416,106,0,17,1.24,97.2,0.641,0.34,306.5
7/11/2024 7:15,6417,134,0,19,1.28,97.2,0.581,0.72,318.8
7/11/2024 7:30,6418,166,0,20.2,1.36,97.3,0.575,0.76,301.5
7/11/2024 7:45,6419,199,0,21,1.4,97.3,0.565,1.11,295
7/11/2024 8:00,6420,234,0,21.2,1.51,97.3,0.601,1.33,278.1
7/11/2024 8:15,6421,272,0,21.7,1.49,97.3,0.574,1.53,271.9
7/11/2024 8:30,6422,310,0,22.2,1.5,97.3,0.563,1.9,275.8
7/11/2024 8:45,6423,349,0,22.6,1.49,97.3,0.541,1.94,267.9
7/11/2024 9:00,6424,386,0,23.2,1.48,97.3,0.522,1.89,275
7/11/2024 9:15,6425,425,0,23.9,1.41,97.3,0.477,1.73,288.4
7/11/2024 9:30,6426,464,0,24.6,1.45,97.3,0.468,1.8,308.7
7/11/2024 9:45,6427,502,0,24.8,1.47,97.3,0.473,2.13,289.4
7/11/2024 10:00,6428,539,0,25.2,1.48,97.3,0.457,2.09,285.2
7/11/2024 10:15,6429,574,0,25.7,1.5,97.3,0.452,2.2,284.1
7/11/2024 10:30,6430,609,0,25.8,1.45,97.3,0.437,2.44,278.8
7/11/2024 10:45,6431,642,0,26.1,1.48,97.3,0.433,2.19,275.5
7/11/2024 11:00,6432,666,0,26.8,1.5,97.3,0.418,2.07,274.8
7/11/2024 11:15,6433,699,0,27.1,1.53,97.3,0.42,2.2,276.4
7/11/2024 11:30,6434,727,0,27.5,1.54,97.3,0.418,2.22,282.8
7/11/2024 11:45,6435,752,0,28.1,1.54,97.3,0.406,2.49,286.7
7/11/2024 12:00,6436,777,0,28.5,1.56,97.3,0.399,2.38,282.8
7/11/2024 12:15,6437,798,0,29,1.6,97.3,0.395,2.72,287
7/11/2024 12:30,6438,812,0,29.4,1.58,97.3,0.384,2.67,293.8
7/11/2024 12:45,6439,829,0,29.6,1.51,97.3,0.371,2.49,294.4
7/11/2024 13:00,6440,841,0,30.2,1.47,97.3,0.342,2.01,296.4
7/11/2024 13:15,6441,850,0,30.7,1.49,97.3,0.335,1.64,310.1
7/11/2024 13:30,6442,856,0,31.4,1.3,97.3,0.282,2.32,322.5
7/11/2024 13:45,6443,858,0,31.6,1.21,97.3,0.262,2.35,327.3
7/11/2024 14:00,6444,859,0,31.9,1.24,97.3,0.26,2.05,304.5
7/11/2024 14:15,6445,851,0,32.1,1.33,97.2,0.277,1.91,298.5
7/11/2024 14:30,6446,842,0,32.7,1.28,97.2,0.258,2.3,309.5
7/11/2024 14:45,6447,828,0,33,1.25,97.2,0.246,2.12,328.1
7/11/2024 15:00,6448,812,0,32.6,1.33,97.2,0.271,2.08,286.7
7/11/2024 15:15,6449,795,0,32.8,1.39,97.2,0.277,2.23,289
7/11/2024 15:30,6450,775,0,33.4,1.35,97.2,0.263,1.6,336.8
7/11/2024 15:45,6451,751,0,33.5,1.4,97.2,0.271,2.45,320.4
7/11/2024 16:00,6452,723,0,33.8,1.39,97.2,0.264,2.12,334.4
7/11/2024 16:15,6453,695,0,33.9,1.39,97.1,0.26,2.34,318.8
7/11/2024 16:30,6454,660,0,33,1.54,97.1,0.306,2.59,271.7
7/11/2024 16:45,6455,623,0,32.9,1.57,97.1,0.314,2.79,272.2
7/11/2024 17:00,6456,588,0,32.9,1.57,97.1,0.313,2.66,275.7
7/11/2024 17:15,6457,553,0,32.8,1.56,97.1,0.313,2.45,268.4
7/11/2024 17:30,6458,512,0,32.9,1.61,97.1,0.325,2.21,269
7/11/2024 17:45,6459,471,0,33.1,1.62,97.1,0.321,1.88,275.4
7/11/2024 18:00,6460,430,0,32.9,1.61,97.1,0.323,1.86,270.9
7/11/2024 18:15,6461,386,0,33,1.61,97,0.321,2.14,278.5
7/11/2024 18:30,6462,346,0,32.5,1.69,97,0.347,2.2,273.9
7/11/2024 18:45,6463,305,0,32.1,1.8,97,0.376,2.09,276.7
7/11/2024 19:00,6464,264,0,31.8,1.81,97,0.383,1.9,274.9
7/11/2024 19:15,6465,221,0,31.5,1.84,97,0.398,1.82,277.1
7/11/2024 19:30,6466,182,0,31.2,1.87,97,0.412,1.57,284.1
7/11/2024 19:45,6467,147,0,30.7,1.92,97,0.435,1.29,293.1
7/11/2024 20:00,6468,113,0,30,1.96,97,0.462,1.15,295.4
7/11/2024 20:15,6469,82,0,30.1,1.86,97,0.436,0.79,312.5
7/11/2024 20:30,6470,55,0,29.8,1.77,97,0.422,0.76,323.6
7/11/2024 20:45,6471,32,0,28.9,1.64,97,0.412,0.94,347
7/11/2024 21:00,6472,13,0,28.2,1.54,97,0.402,1.34,353.5
7/11/2024 21:15,6473,3,0,26.5,1.54,97,0.444,1.91,6.5
7/11/2024 21:30,6474,0,0,25.3,1.52,97,0.469,1.91,28.8
7/11/2024 21:45,6475,0,0,24.3,1.49,97,0.491,2.07,33.2
7/11/2024 22:00,6476,0,0,24.1,1.44,97,0.482,2.72,19.3
7/11/2024 22:15,6477,0,0,23.8,1.43,97.1,0.484,2.87,15.8
7/11/2024 22:30,6478,0,0,24,1.39,97.1,0.468,3.3,15.1
7/11/2024 22:45,6479,0,0,23.4,1.41,97.1,0.492,2.92,22.1
7/11/2024 23:00,6480,0,0,22.7,1.41,97.1,0.512,2.78,25.1
7/11/2024 23:15,6481,0,0,22.8,1.39,97.1,0.503,3.28,22.9
7/11/2024 23:30,6482,0,0,22.2,1.39,97.1,0.52,2.43,31.4
7/11/2024 23:45,6483,0,0,21.9,1.37,97.1,0.523,2.61,32.4
7/12/2024 0:00,6484,0,0,21.6,1.36,97.1,0.529,2.46,35.3
7/12/2024 0:15,6485,0,0,21.3,1.35,97.1,0.537,2.72,35.1
7/12/2024 0:30,6486,0,0,21.1,1.35,97.1,0.54,3.08,27
7/12/2024 0:45,6487,0,0,21,1.34,97.1,0.541,3.13,25.1
7/12/2024 1:00,6488,0,0,20.7,1.33,97.1,0.547,3.05,30
7/12/2024 1:15,6489,0,0,20.4,1.33,97.1,0.553,2.74,32.4
7/12/2024 1:30,6490,0,0,20,1.33,97.1,0.57,2.36,36.1
7/12/2024 1:45,6491,0,0,19.8,1.31,97.1,0.57,2.28,34.9
7/12/2024 2:00,6492,0,0,19.5,1.32,97.1,0.581,2.09,52.3
7/12/2024 2:15,6493,0,0,19.1,1.32,97.1,0.597,1.92,22.7
7/12/2024 2:30,6494,0,0,18.6,1.31,97.1,0.61,1.7,11.2
7/12/2024 2:45,6495,0,0,18.7,1.3,97.1,0.602,2.5,4.3
7/12/2024 3:00,6496,0,0,18.4,1.3,97.1,0.615,2.27,3
7/12/2024 3:15,6497,0,0,17.8,1.3,97.1,0.636,1.96,356.2
7/12/2024 3:30,6498,0,0,17.4,1.3,97.1,0.655,1.52,340.1
7/12/2024 3:45,6499,0,0,16.2,1.31,97.1,0.714,0.99,301.7
7/12/2024 4:00,6500,0,0,16,1.3,97.2,0.716,0.87,323.9
7/12/2024 4:15,6501,0,0,16.3,1.27,97.2,0.69,0.64,199.5
7/12/2024 4:30,6502,0,0,17.1,1.27,97.2,0.654,0.64,237.6
7/12/2024 4:45,6503,0,0,16.5,1.28,97.2,0.685,0.53,190.8
7/12/2024 5:00,6504,0,0,16.5,1.27,97.2,0.671,1.16,250.1
7/12/2024 5:15,6505,0,0,16,1.27,97.2,0.698,0.85,240.9
7/12/2024 5:30,6506,2,0,15.9,1.26,97.2,0.697,0.67,187.7
7/12/2024 5:45,6507,7,0,16.1,1.25,97.2,0.68,0.56,258.8
7/12/2024 6:00,6508,20,0,17.3,1.26,97.3,0.637,0.98,286.7
7/12/2024 6:15,6509,35,0,17.4,1.3,97.3,0.655,1.07,284.6
7/12/2024 6:30,6510,54,0,17.8,1.33,97.3,0.653,0.94,295.6
7/12/2024 6:45,6511,75,0,18.1,1.36,97.3,0.655,0.62,312.3
7/12/2024 7:00,6512,100,0,18.6,1.4,97.3,0.655,0.92,278.9
7/12/2024 7:15,6513,129,0,19.3,1.48,97.3,0.664,0.88,292.4
7/12/2024 7:30,6514,161,0,20.1,1.58,97.3,0.674,1.17,288.5
7/12/2024 7:45,6515,193,0,20.7,1.65,97.3,0.68,1.58,288.2
7/12/2024 8:00,6516,228,0,21.1,1.59,97.3,0.634,1.74,283.4
7/12/2024 8:15,6517,264,0,21.5,1.62,97.3,0.632,1.94,287.6
7/12/2024 8:30,6518,300,0,21.6,1.65,97.3,0.643,1.97,293.4
7/12/2024 8:45,6519,338,0,21.9,1.65,97.3,0.631,1.98,286.6
7/12/2024 9:00,6520,378,0,22.4,1.65,97.3,0.611,2.06,290
7/12/2024 9:15,6521,415,0,23.3,1.67,97.3,0.585,2.02,296.6
7/12/2024 9:30,6522,454,0,24.2,1.65,97.3,0.548,2,299.1
7/12/2024 9:45,6523,493,0,25,1.65,97.3,0.52,2.01,303
7/12/2024 10:00,6524,530,0,25.6,1.63,97.3,0.498,1.97,300.9
7/12/2024 10:15,6525,566,0,26.2,1.62,97.3,0.474,1.86,309.9
7/12/2024 10:30,6526,601,0,26.7,1.6,97.3,0.457,2,318.1
7/12/2024 10:45,6527,634,0,27.1,1.61,97.3,0.441,2.12,312.4
7/12/2024 11:00,6528,663,0,27.4,1.64,97.3,0.451,2.09,325.9
7/12/2024 11:15,6529,695,0,28,1.64,97.3,0.433,1.9,325.1
7/12/2024 11:30,6530,722,0,28.5,1.64,97.3,0.422,1.77,318.3
7/12/2024 11:45,6531,747,0,28.6,1.65,97.3,0.425,1.85,316.8
7/12/2024 12:00,6532,769,0,29.1,1.65,97.3,0.406,1.55,327.1
7/12/2024 12:15,6533,789,0,29.5,1.68,97.3,0.411,1.58,314.4
7/12/2024 12:30,6534,805,0,29.9,1.68,97.3,0.392,1.86,307
7/12/2024 12:45,6535,820,0,30.3,1.7,97.3,0.394,1.74,312.9
7/12/2024 13:00,6536,829,0,30.8,1.67,97.3,0.378,1.88,326.1
7/12/2024 13:15,6537,837,0,31.2,1.64,97.3,0.361,1.53,340.4
7/12/2024 13:30,6538,840,0,31.3,1.65,97.3,0.359,1.58,336.9
7/12/2024 13:45,6539,844,0,31.7,1.67,97.2,0.36,1.87,321.7
7/12/2024 14:00,6540,840,0,31.9,1.72,97.2,0.362,1.36,303.5
7/12/2024 14:15,6541,835,0,32.4,1.7,97.2,0.347,1.54,323.5
7/12/2024 14:30,6542,827,0,32.5,1.73,97.2,0.356,1.37,294.1
7/12/2024 14:45,6543,815,0,32.6,1.72,97.2,0.346,1.61,290.6
7/12/2024 15:00,6544,802,0,33.1,1.7,97.2,0.337,1.55,311.1
7/12/2024 15:15,6545,782,0,33.3,1.66,97.2,0.321,1.37,306.2
7/12/2024 15:30,6546,758,0,33.9,1.65,97.2,0.313,1.55,330.3
7/12/2024 15:45,6547,729,0,33.9,1.63,97.2,0.309,1.45,328.7
7/12/2024 16:00,6548,702,0,34.3,1.64,97.1,0.306,1.43,340.4
7/12/2024 16:15,6549,675,0,34.3,1.72,97.1,0.317,1.2,357.5
7/12/2024 16:30,6550,648,0,34.5,1.57,97.1,0.29,1.83,327.2
7/12/2024 16:45,6551,612,0,34.5,1.59,97.1,0.292,1.52,338.7
7/12/2024 17:00,6552,575,0,34.6,1.6,97.1,0.292,1.55,323.9
7/12/2024 17:15,6553,539,0,34.8,1.5,97.1,0.269,1.42,330.3
7/12/2024 17:30,6554,503,0,34.9,1.38,97.1,0.248,1.45,321.8
7/12/2024 17:45,6555,461,0,35,1.36,97.1,0.241,1.44,320.4
7/12/2024 18:00,6556,422,0,35,1.32,97.1,0.233,1.35,316.2
7/12/2024 18:15,6557,381,0,34.3,1.43,97,0.265,1.32,273.3
7/12/2024 18:30,6558,341,0,34,1.45,97,0.272,1.32,276.5
7/12/2024 18:45,6559,300,0,33.8,1.37,97,0.262,1.31,272.4
7/12/2024 19:00,6560,261,0,33.4,1.43,97,0.277,1.32,273.3
7/12/2024 19:15,6561,220,0,33.4,1.46,97,0.285,1.05,274.4
7/12/2024 19:30,6562,181,0,33.1,1.52,97,0.3,1,275.1
7/12/2024 19:45,6563,142,0,32.8,1.63,97,0.326,0.77,278.9
7/12/2024 20:00,6564,107,0,32.6,1.66,97,0.338,0.57,284.2
7/12/2024 20:15,6565,78,0,32.6,1.76,97,0.359,0.41,308.5
7/12/2024 20:30,6566,49,0,31.3,1.77,97,0.386,0.27,25.3
7/12/2024 20:45,6567,23,0,30.4,1.58,97,0.363,0.35,61.5
7/12/2024 21:00,6568,9,0,28.7,1.55,97,0.396,0.28,133.3
7/12/2024 21:15,6569,3,0,27.4,1.55,97,0.426,0.22,118.9
7/12/2024 21:30,6570,0,0,27.5,1.39,97,0.379,0.3,154.3
7/12/2024 21:45,6571,0,0,26,1.44,97,0.432,0.36,151.6
7/12/2024 22:00,6572,0,0,24.8,1.47,97,0.472,0.52,134.1
7/12/2024 22:15,6573,0,0,24.5,1.4,97,0.455,0.65,141.2
7/12/2024 22:30,6574,0,0,24,1.37,97,0.46,0.64,140.7
7/12/2024 22:45,6575,0,0,23.5,1.34,97,0.464,0.6,153.2
7/12/2024 23:00,6576,0,0,22,1.43,97,0.538,0.82,137.7
7/12/2024 23:15,6577,0,0,22.3,1.36,97,0.506,0.72,123.2
7/12/2024 23:30,6578,0,0,23.2,1.28,97,0.452,0.71,121.1
7/12/2024 23:45,6579,0,0,23.7,1.24,97,0.424,0.52,107
7/13/2024 0:00,6580,0,0,23.7,1.16,97,0.4,0.24,52.4
7/13/2024 0:15,6581,0,0,24.7,1.12,97,0.364,0.95,23.5
7/13/2024 0:30,6582,0,0,23,1.29,97,0.459,0.84,51.7
7/13/2024 0:45,6583,0,0,22.9,1.34,97,0.48,1.51,68.4
7/13/2024 1:00,6584,0,0,22.9,1.38,97,0.492,1.86,73
7/13/2024 1:15,6585,0,0,22.5,1.41,97,0.519,1.86,69.6
7/13/2024 1:30,6586,0,0,22.1,1.44,97,0.544,1.94,69.2
7/13/2024 1:45,6587,0,0,21.6,1.46,97,0.567,1.96,63
7/13/2024 2:00,6588,0,0,21.4,1.48,97,0.582,2.01,69.5
7/13/2024 2:15,6589,0,0,20.9,1.49,97,0.6,1.17,60
7/13/2024 2:30,6590,0,0,19.5,1.47,97,0.652,0.68,201.6
7/13/2024 2:45,6591,0,0,19.1,1.46,97,0.659,0.56,140
7/13/2024 3:00,6592,0,0,20.1,1.45,97.1,0.618,0.91,28.1
7/13/2024 3:15,6593,0,0,17.2,1.45,97.1,0.737,0.74,191.5
7/13/2024 3:30,6594,0,0,16.3,1.41,97.1,0.759,0.88,147.8
7/13/2024 3:45,6595,0,0,16.3,1.42,97.1,0.767,0.87,144.5
7/13/2024 4:00,6596,0,0,15.8,1.4,97.1,0.779,0.98,166.4
7/13/2024 4:15,6597,0,0,16.1,1.38,97.1,0.754,1.18,153.9
7/13/2024 4:30,6598,0,0,16.4,1.4,97.1,0.746,0.91,118.3
7/13/2024 4:45,6599,0,0,17.2,1.41,97.1,0.72,0.63,131.5
7/13/2024 5:00,6600,0,0,15,1.4,97.1,0.816,0.72,223.5
7/13/2024 5:15,6601,0,0,14.3,1.34,97.1,0.819,1.01,151.2
7/13/2024 5:30,6602,1,0,15.1,1.33,97.1,0.775,1.03,134.9
7/13/2024 5:45,6603,6,0,16.1,1.35,97.1,0.738,0.89,138.9
7/13/2024 6:00,6604,19,0,14.9,1.36,97.1,0.803,0.77,174
7/13/2024 6:15,6605,35,0,15.7,1.38,97.1,0.772,0.82,153.5
7/13/2024 6:30,6606,53,0,16,1.43,97.1,0.786,0.7,181.8
7/13/2024 6:45,6607,75,0,16.6,1.46,97.2,0.773,0.68,166.2
7/13/2024 7:00,6608,99,0,17.5,1.51,97.2,0.755,0.61,164.5
7/13/2024 7:15,6609,126,0,18.7,1.54,97.2,0.719,0.65,203.3
7/13/2024 7:30,6610,156,0,19.9,1.56,97.2,0.674,0.73,198.9
7/13/2024 7:45,6611,190,0,21.3,1.61,97.2,0.635,0.98,223
7/13/2024 8:00,6612,225,0,22.4,1.53,97.2,0.565,1.06,241.4
7/13/2024 8:15,6613,262,0,23.2,1.48,97.2,0.523,0.95,250.6
7/13/2024 8:30,6614,299,0,23.7,1.45,97.2,0.496,1.3,268.6
7/13/2024 8:45,6615,338,0,24.2,1.48,97.2,0.492,1.47,278.1
7/13/2024 9:00,6616,377,0,24.3,1.58,97.2,0.52,1.46,275.8
7/13/2024 9:15,6617,414,0,25,1.68,97.2,0.53,1.24,278.5
7/13/2024 9:30,6618,451,0,26.3,1.67,97.2,0.492,1.1,306.7
7/13/2024 9:45,6619,489,0,26.5,1.64,97.2,0.477,1.5,294.5
7/13/2024 10:00,6620,524,0,26.9,1.66,97.2,0.465,1.45,282.2
7/13/2024 10:15,6621,557,0,27.5,1.65,97.2,0.451,1.32,298.3
7/13/2024 10:30,6622,594,0,28.1,1.71,97.2,0.449,1.25,288
7/13/2024 10:45,6623,628,0,28.8,1.76,97.2,0.444,1.18,308.2
7/13/2024 11:00,6624,661,0,29.1,1.78,97.2,0.442,1.29,289.9
7/13/2024 11:15,6625,691,0,29.6,1.78,97.2,0.426,1.15,316.6
7/13/2024 11:30,6626,717,0,29.9,1.78,97.2,0.426,0.84,21
7/13/2024 11:45,6627,742,0,30.8,1.71,97.2,0.386,1.17,285.2
7/13/2024 12:00,6628,765,0,31.1,1.7,97.2,0.374,0.86,11.1
7/13/2024 12:15,6629,787,0,31.6,1.74,97.2,0.37,1.14,298.9
7/13/2024 12:30,6630,803,0,31.8,1.69,97.2,0.362,1.82,282.9
7/13/2024 12:45,6631,816,0,32.1,1.72,97.2,0.359,1.57,285.7
7/13/2024 13:00,6632,830,0,32.4,1.75,97.2,0.363,1.67,294.5
7/13/2024 13:15,6633,835,0,32.9,1.71,97.2,0.34,1.72,301.6
7/13/2024 13:30,6634,837,0,33.3,1.75,97.2,0.347,1.81,291.2
7/13/2024 13:45,6635,840,0,33.7,1.72,97.1,0.331,2.05,291.6
7/13/2024 14:00,6636,840,0,33.7,1.68,97.1,0.316,2.22,284.6
7/13/2024 14:15,6637,832,0,33.9,1.68,97.1,0.318,2.71,274.1
7/13/2024 14:30,6638,824,0,34,1.59,97.1,0.299,2.74,279.2
7/13/2024 14:45,6639,814,0,34.4,1.52,97.1,0.28,2.29,281
7/13/2024 15:00,6640,801,0,34.4,1.57,97.1,0.287,2.21,277.6
7/13/2024 15:15,6641,786,0,34.7,1.58,97.1,0.286,1.95,288.2
7/13/2024 15:30,6642,766,0,35.3,1.61,97.1,0.279,1.7,297.5
7/13/2024 15:45,6643,729,0,35.9,1.68,97,0.283,1.33,336.7
7/13/2024 16:00,6644,683,0,36.3,1.59,97,0.264,1.25,322.4
7/13/2024 16:15,6645,631,0,36.1,1.65,97,0.275,1.61,287.4
7/13/2024 16:30,6646,484,0,35.8,1.67,97,0.284,1.45,277.6
7/13/2024 16:45,6647,482,0,36.1,1.67,97,0.277,1.41,297.7
7/13/2024 17:00,6648,456,0,36.4,1.75,97,0.288,1.16,323.7
7/13/2024 17:15,6649,440,0,36.5,1.68,97,0.274,1.35,336.8
7/13/2024 17:30,6650,402,0,36.6,1.67,97,0.274,1.33,311.2
7/13/2024 17:45,6651,402,0,36.7,1.54,96.9,0.249,1.21,310.1
7/13/2024 18:00,6652,373,0,36.4,1.68,96.9,0.277,1.17,285.8
7/13/2024 18:15,6653,337,0,36.1,1.68,96.9,0.282,0.52,251.9
7/13/2024 18:30,6654,326,0,35.3,1.86,96.9,0.324,0.31,168.3
7/13/2024 18:45,6655,299,0,35.8,1.6,96.9,0.274,0.27,241.9
7/13/2024 19:00,6656,262,0,35.6,1.65,96.9,0.283,0.55,239.2
7/13/2024 19:15,6657,222,0,35.9,1.61,96.9,0.273,0.47,267.2
7/13/2024 19:30,6658,181,0,36,1.63,96.9,0.275,0.7,286
7/13/2024 19:45,6659,141,0,35.2,1.77,96.9,0.314,0.52,263.7
7/13/2024 20:00,6660,66,0,33.2,2.23,96.9,0.438,0.34,214.9
7/13/2024 20:15,6661,45,0,32.5,1.98,96.8,0.405,0.34,156.8
7/13/2024 20:30,6662,39,0,32.3,1.71,96.8,0.354,0.3,227.5
7/13/2024 20:45,6663,24,0,30.2,2.06,96.8,0.482,0.56,275.7
7/13/2024 21:00,6664,10,0,29.5,1.98,96.8,0.482,0.34,104.4
7/13/2024 21:15,6665,3,0,28.5,1.75,96.8,0.45,0.52,141.8
7/13/2024 21:30,6666,0,0,28.4,1.53,96.8,0.396,0.37,165.1
7/13/2024 21:45,6667,0,0,26.2,1.65,96.8,0.485,0.63,164.7
7/13/2024 22:00,6668,0,0,25.2,1.55,96.9,0.48,0.93,135.3
7/13/2024 22:15,6669,0,0,24.7,1.46,96.9,0.469,0.78,150.3
7/13/2024 22:30,6670,0,0,25.1,1.37,96.9,0.431,0.71,144.4
7/13/2024 22:45,6671,0,0,25.5,1.33,96.9,0.409,0.88,109.4
7/13/2024 23:00,6672,0,0,25.3,1.42,96.9,0.444,1.83,20.3
7/13/2024 23:15,6673,0,0,24.3,1.49,96.9,0.491,1.46,39.7
7/13/2024 23:30,6674,0,0,23.8,1.48,96.9,0.505,1.57,46.7
7/13/2024 23:45,6675,0,0,24,1.45,96.9,0.488,1.73,63
7/14/2024 0:00,6676,0,0,23.8,1.43,96.9,0.486,1.81,64.3
7/14/2024 0:15,6677,0,0,23.2,1.46,96.9,0.513,1.66,56.9
7/14/2024 0:30,6678,0,0,22.8,1.44,96.9,0.52,1.75,50.2
7/14/2024 0:45,6679,0,0,22.8,1.42,96.9,0.515,1.67,61.3
7/14/2024 1:00,6680,0,0,22.6,1.43,96.9,0.523,1.58,43.8
7/14/2024 1:15,6681,0,0,22.3,1.43,96.9,0.531,1.79,36
7/14/2024 1:30,6682,0,0,22.3,1.44,96.9,0.535,2,20.3
7/14/2024 1:45,6683,0,0,21.9,1.45,96.9,0.551,2.09,24.5
7/14/2024 2:00,6684,0,0,22,1.43,96.9,0.54,2.19,30.8
7/14/2024 2:15,6685,0,0,21.4,1.43,96.9,0.561,1.58,38.9
7/14/2024 2:30,6686,0,0,20.7,1.43,96.9,0.586,1.21,60.5
7/14/2024 2:45,6687,0,0,20,1.42,96.9,0.605,0.63,4.9
7/14/2024 3:00,6688,0,0,19.5,1.41,96.9,0.623,0.69,12.2
7/14/2024 3:15,6689,0,0,19.1,1.39,96.9,0.63,1.04,355.6
7/14/2024 3:30,6690,0,0,18.5,1.37,96.9,0.643,1.14,342.8
7/14/2024 3:45,6691,0,0,17.8,1.38,96.9,0.678,1.2,344.5
7/14/2024 4:00,6692,0,0,17.9,1.37,96.9,0.666,1.27,352.9
7/14/2024 4:15,6693,0,0,17.6,1.35,96.9,0.67,1.13,342.8
7/14/2024 4:30,6694,0,0,17.3,1.34,96.9,0.678,1.35,332
7/14/2024 4:45,6695,0,0,17.4,1.32,97,0.664,1.26,339.9
7/14/2024 5:00,6696,0,0,17.7,1.29,97,0.639,0.49,267
7/14/2024 5:15,6697,0,0,17.1,1.28,97,0.66,0.94,235.2
7/14/2024 5:30,6698,1,0,17,1.31,97,0.678,0.69,165.5
7/14/2024 5:45,6699,5,0,17.6,1.33,97,0.662,0.79,155.2
7/14/2024 6:00,6700,12,0,16,1.33,97,0.733,0.96,179.3
7/14/2024 6:15,6701,28,0,16.3,1.32,97,0.712,1.04,156.1
7/14/2024 6:30,6702,55,0,16.5,1.31,97,0.701,0.96,156.9
7/14/2024 6:45,6703,76,0,16.5,1.36,97.1,0.727,0.86,154.4
7/14/2024 7:00,6704,101,0,17.2,1.4,97.1,0.717,0.94,156.6
7/14/2024 7:15,6705,130,0,18.8,1.39,97,0.639,0.93,197.7
7/14/2024 7:30,6706,162,0,20.2,1.46,97.1,0.62,0.96,240.3
7/14/2024 7:45,6707,197,0,21.3,1.52,97.1,0.596,1.2,258.2
7/14/2024 8:00,6708,234,0,22.1,1.57,97.1,0.589,1.58,263
7/14/2024 8:15,6709,272,0,22.9,1.6,97.1,0.572,1.35,284.2
7/14/2024 8:30,6710,311,0,23.4,1.62,97.1,0.562,1.88,273.1
7/14/2024 8:45,6711,276,0,24.1,1.68,97.1,0.563,1.87,273.3
7/14/2024 9:00,6712,270,0,24.8,1.7,97.1,0.542,2.23,277.1
7/14/2024 9:15,6713,197,0,25.8,1.73,97.1,0.522,2.29,278.4
7/14/2024 9:30,6714,148,0,27.1,1.7,97.1,0.469,1.69,294.2
7/14/2024 9:45,6715,150,0,27.9,1.58,97.1,0.423,1.82,327.8
7/14/2024 10:00,6716,150,0,28.4,1.59,97.1,0.412,1.85,328.4
7/14/2024 10:15,6717,154,0,28.8,1.64,97.1,0.416,1.78,320.9
7/14/2024 10:30,6718,157,0,28.9,1.75,97.1,0.444,2.35,283.1
7/14/2024 10:45,6719,164,0,29.1,1.8,97.1,0.446,2.35,280.6
7/14/2024 11:00,6720,173,0,29.6,1.74,97.1,0.423,2.41,291.2
7/14/2024 11:15,6721,170,0,29.8,1.76,97.1,0.425,2.29,288.8
7/14/2024 11:30,6722,170,0,29.9,1.8,97.1,0.428,2.57,289
7/14/2024 11:45,6723,169,0,30,1.79,97.1,0.416,2.3,277.8
7/14/2024 12:00,6724,172,0,30.7,1.76,97.1,0.396,2.36,279.3
7/14/2024 12:15,6725,178,0,31,1.69,97.1,0.377,2.37,289.7
7/14/2024 12:30,6726,322,0,31,1.63,97.1,0.36,2.32,286.4
7/14/2024 12:45,6727,349,0,31.3,1.59,97.1,0.35,2.4,278.5
7/14/2024 13:00,6728,374,0,32,1.56,97.1,0.331,2.51,285
7/14/2024 13:15,6729,353,0,32.2,1.48,97.1,0.306,2.37,277.8
7/14/2024 13:30,6730,790,0,32.5,1.49,97.1,0.306,2.05,267.3
7/14/2024 13:45,6731,633,0,33,1.53,97.1,0.304,2.1,284.6
7/14/2024 14:00,6732,854,0,33,1.59,97,0.321,2.3,281.1
7/14/2024 14:15,6733,852,0,33.1,1.65,97,0.325,2.89,288.7
7/14/2024 14:30,6734,843,0,33.5,1.61,97,0.311,3,290.7
7/14/2024 14:45,6735,830,0,33.5,1.56,97,0.298,2.83,294.4
7/14/2024 15:00,6736,813,0,33.4,1.55,97,0.305,2.75,275.4
7/14/2024 15:15,6737,794,0,33.6,1.58,97,0.306,2.56,278.9
7/14/2024 15:30,6738,772,0,33.9,1.61,97,0.304,2.61,275
7/14/2024 15:45,6739,747,0,34,1.59,97,0.297,2.48,273.3
7/14/2024 16:00,6740,718,0,34.2,1.65,97,0.308,2.68,275.2
7/14/2024 16:15,6741,688,0,34.4,1.59,97,0.292,2.52,281.8
7/14/2024 16:30,6742,657,0,34.6,1.59,97,0.287,2.58,279.7
7/14/2024 16:45,6743,623,0,34.8,1.53,96.9,0.274,2.12,276.1
7/14/2024 17:00,6744,586,0,35.1,1.57,96.9,0.28,2.26,271.4
7/14/2024 17:15,6745,550,0,35.1,1.49,96.9,0.267,2.11,272.6
7/14/2024 17:30,6746,512,0,35.1,1.56,96.9,0.277,2.11,272.8
7/14/2024 17:45,6747,471,0,35,1.59,96.9,0.284,2.13,272
7/14/2024 18:00,6748,430,0,34.8,1.67,96.9,0.3,2.21,273.8
7/14/2024 18:15,6749,388,0,34.5,1.74,96.9,0.318,2.07,278.9
7/14/2024 18:30,6750,347,0,34,1.84,96.9,0.346,2.27,276.6
7/14/2024 18:45,6751,304,0,33.9,1.82,96.9,0.342,1.93,277.7
7/14/2024 19:00,6752,263,0,33.8,1.81,96.9,0.343,1.87,281.9
7/14/2024 19:15,6753,222,0,33.4,1.77,96.9,0.344,1.87,287.1
7/14/2024 19:30,6754,182,0,33.7,1.84,96.9,0.351,1.15,311.8
7/14/2024 19:45,6755,144,0,33.8,1.88,96.9,0.358,0.77,0.2
7/14/2024 20:00,6756,110,0,33.2,1.83,96.9,0.359,0.77,37.3
7/14/2024 20:15,6757,79,0,31.9,1.88,96.9,0.398,1.66,4.8
7/14/2024 20:30,6758,52,0,29.6,1.63,96.9,0.392,2.66,13.2
7/14/2024 20:45,6759,30,0,28.2,1.56,96.9,0.407,2.72,15.5
7/14/2024 21:00,6760,12,0,27.6,1.47,96.9,0.398,3.02,15.2
7/14/2024 21:15,6761,2,0,27.6,1.39,96.9,0.377,3.7,14.2
7/14/2024 21:30,6762,0,0,27.3,1.36,96.9,0.377,3.62,14.5
7/14/2024 21:45,6763,0,0,26.4,1.36,96.9,0.393,3.39,21.8
7/14/2024 22:00,6764,0,0,26.3,1.32,96.9,0.388,3.86,16.6
7/14/2024 22:15,6765,0,0,26,1.31,96.9,0.388,3.81,15.9
7/14/2024 22:30,6766,0,0,25.6,1.3,97,0.395,3.43,12.9
7/14/2024 22:45,6767,0,0,25.3,1.3,97,0.403,3.04,10.1
7/14/2024 23:00,6768,0,0,24.7,1.31,97,0.421,2.94,5
7/14/2024 23:15,6769,0,0,24.4,1.31,97,0.431,3.1,9.3
7/14/2024 23:30,6770,0,0,23.8,1.32,97,0.45,2.9,6
7/14/2024 23:45,6771,0,0,23.5,1.32,97,0.454,2.86,8.5
7/15/2024 0:00,6772,0,0,23.4,1.32,97,0.459,2.86,11.4
7/15/2024 0:15,6773,0,0,22.5,1.33,97,0.49,2.24,5.3
7/15/2024 0:30,6774,0,0,22.2,1.33,97,0.5,2.26,4.3
7/15/2024 0:45,6775,0,0,21.9,1.34,97,0.511,1.61,5.7
7/15/2024 1:00,6776,0,0,21,1.33,97.1,0.536,0.9,352.6
7/15/2024 1:15,6777,0,0,20.4,1.34,97.1,0.562,1.52,340.8
7/15/2024 1:30,6778,0,0,20.5,1.32,97.1,0.548,1.66,354
7/15/2024 1:45,6779,0,0,19,1.34,97.1,0.611,0.94,297
7/15/2024 2:00,6780,0,0,18.9,1.34,97.1,0.612,0.82,276.9
7/15/2024 2:15,6781,0,0,18.9,1.32,97.1,0.605,0.84,269.3
7/15/2024 2:30,6782,0,0,17.7,1.3,97.1,0.643,0.8,171.5
7/15/2024 2:45,6783,0,0,16.7,1.29,97.1,0.683,1.05,136.7
7/15/2024 3:00,6784,0,0,16.5,1.26,97.1,0.671,0.89,160.1
7/15/2024 3:15,6785,0,0,14.9,1.24,97.1,0.727,1.04,169.9
7/15/2024 3:30,6786,0,0,15.3,1.21,97.1,0.7,0.95,175.3
7/15/2024 3:45,6787,0,0,15.1,1.19,97.1,0.691,0.88,169.9
7/15/2024 4:00,6788,0,0,15.8,1.17,97.1,0.652,0.67,226.3
7/15/2024 4:15,6789,0,0,15.4,1.18,97.1,0.673,0.83,174.1
7/15/2024 4:30,6790,0,0,15.3,1.16,97.2,0.666,0.88,170.2
7/15/2024 4:45,6791,0,0,15.3,1.15,97.2,0.663,0.78,242.9
7/15/2024 5:00,6792,0,0,15.1,1.17,97.2,0.681,1.04,227.2
7/15/2024 5:15,6793,0,0,14.3,1.15,97.2,0.706,1.09,186
7/15/2024 5:30,6794,1,0,13.4,1.14,97.2,0.747,1.13,179.3
7/15/2024 5:45,6795,5,0,13.3,1.14,97.2,0.746,1.07,145.9
7/15/2024 6:00,6796,19,0,13.2,1.15,97.2,0.753,1.32,164.5
7/15/2024 6:15,6797,36,0,14,1.16,97.2,0.723,1.07,191.7
7/15/2024 6:30,6798,56,0,14.6,1.2,97.2,0.723,1.22,208.5
7/15/2024 6:45,6799,79,0,14.8,1.24,97.2,0.737,0.69,177.7
7/15/2024 7:00,6800,105,0,15.9,1.3,97.2,0.721,0.46,167.7
7/15/2024 7:15,6801,134,0,17.4,1.35,97.2,0.681,0.8,201.8
7/15/2024 7:30,6802,165,0,18.7,1.35,97.2,0.627,1.33,249.3
7/15/2024 7:45,6803,200,0,19.3,1.37,97.2,0.609,2.21,259.8
7/15/2024 8:00,6804,235,0,20,1.4,97.2,0.6,2.58,264.1
7/15/2024 8:15,6805,273,0,20.7,1.43,97.2,0.59,2.56,273.2
7/15/2024 8:30,6806,313,0,21.1,1.45,97.2,0.582,2.24,272.8
7/15/2024 8:45,6807,352,0,21.9,1.49,97.3,0.566,2.34,280.1
7/15/2024 9:00,6808,392,0,22.3,1.51,97.3,0.56,2.59,277.8
7/15/2024 9:15,6809,431,0,23.1,1.55,97.3,0.552,2.49,283.1
7/15/2024 9:30,6810,470,0,23.9,1.56,97.3,0.527,2.24,291.1
7/15/2024 9:45,6811,509,0,24.4,1.53,97.3,0.503,2.6,288.3
7/15/2024 10:00,6812,547,0,24.8,1.51,97.3,0.48,2.6,283.6
7/15/2024 10:15,6813,582,0,25.4,1.54,97.3,0.473,2.33,285.7
7/15/2024 10:30,6814,615,0,25.8,1.52,97.3,0.457,2.4,274.7
7/15/2024 10:45,6815,648,0,26.1,1.53,97.3,0.458,2.67,271.3
7/15/2024 11:00,6816,679,0,26.4,1.56,97.3,0.455,2.52,278.5
7/15/2024 11:15,6817,707,0,26.7,1.59,97.3,0.452,2.77,274.8
7/15/2024 11:30,6818,731,0,27.4,1.55,97.3,0.427,2.59,279.3
7/15/2024 11:45,6819,754,0,27.9,1.54,97.3,0.412,2.42,294.2
7/15/2024 12:00,6820,777,0,28.4,1.56,97.3,0.407,2.38,287.4
7/15/2024 12:15,6821,760,0,29,1.44,97.3,0.361,2.21,306.2
7/15/2024 12:30,6822,186,0,29.6,1.5,97.2,0.359,2.81,279.6
7/15/2024 12:45,6823,831,0,30,1.43,97.2,0.34,2.87,303.7
7/15/2024 13:00,6824,128,0,31.5,1.58,97.3,0.345,2.61,275.2
